slot_dt,pv_clearsky_kwh_oud,pv_clearsky_east_kwh_oud,pv_clearsky_west_kwh_oud
2026-03-19T16:00:00,1.25,,
2026-03-19T17:00:00,0.173,,
2026-03-19T18:00:00,0.0,,
2026-03-19T19:00:00,0.0,,
2026-03-19T20:00:00,0.0,,
2026-03-19T21:00:00,0.0,,
2026-03-19T22:00:00,0.0,,
2026-03-19T23:00:00,0.0,,
2026-03-20T00:00:00,0.0,,
2026-03-20T01:00:00,0.0,,
2026-03-20T02:00:00,0.0,,
2026-03-20T03:00:00,0.0,,
2026-03-20T04:00:00,0.0,,
2026-03-20T05:00:00,0.0,,
2026-03-20T06:00:00,0.0,,
2026-03-20T07:00:00,0.33,,
2026-03-20T08:00:00,1.483,,
2026-03-20T09:00:00,2.141,,
2026-03-20T10:00:00,2.728,,
2026-03-20T11:00:00,3.068,,
2026-03-20T12:00:00,2.971,,
2026-03-20T13:00:00,2.566,,
2026-03-20T14:00:00,2.212,,
2026-03-20T15:00:00,1.856,,
2026-03-20T16:00:00,1.31,,
2026-03-20T17:00:00,0.229,,
2026-03-20T18:00:00,0.0,,
2026-03-20T19:00:00,0.0,,
2026-03-20T20:00:00,0.0,,
2026-03-20T21:00:00,0.0,,
2026-03-20T22:00:00,0.0,,
2026-03-20T23:00:00,0.0,,
2026-03-21T00:00:00,0.0,,
2026-03-21T01:00:00,0.0,,
2026-03-21T02:00:00,0.0,,
2026-03-21T03:00:00,0.0,,
2026-03-21T04:00:00,0.0,,
2026-03-21T05:00:00,0.0,,
2026-03-21T06:00:00,0.0,,
2026-03-21T07:00:00,0.454,,
2026-03-21T08:00:00,1.504,,
2026-03-21T09:00:00,2.246,,
2026-03-21T10:00:00,2.782,,
2026-03-21T11:00:00,3.064,,
2026-03-21T12:00:00,3.014,,
2026-03-21T13:00:00,2.666,,
2026-03-21T14:00:00,2.258,,
2026-03-21T15:00:00,1.879,,
2026-03-21T16:00:00,1.315,,
2026-03-21T17:00:00,0.306,,
2026-03-21T18:00:00,0.0,,
2026-03-21T19:00:00,0.0,,
2026-03-21T20:00:00,0.0,,
2026-03-21T21:00:00,0.0,,
2026-03-21T22:00:00,0.0,,
2026-03-21T23:00:00,0.0,,
2026-03-22T00:00:00,0.0,,
2026-03-22T01:00:00,0.0,,
2026-03-22T02:00:00,0.0,,
2026-03-22T03:00:00,0.0,,
2026-03-22T04:00:00,0.0,,
2026-03-22T05:00:00,0.0,,
2026-03-22T06:00:00,0.0,,
2026-03-22T07:00:00,0.48,,
2026-03-22T08:00:00,1.475,,
2026-03-22T09:00:00,2.233,,
2026-03-22T10:00:00,2.77,,
2026-03-22T11:00:00,3.059,,
2026-03-22T12:00:00,3.13,,
2026-03-22T13:00:00,2.727,,
2026-03-22T14:00:00,2.277,,
2026-03-22T15:00:00,1.9,,
2026-03-22T16:00:00,1.319,,
2026-03-22T17:00:00,0.325,,
2026-03-22T18:00:00,0.0,,
2026-03-22T19:00:00,0.0,,
2026-03-22T20:00:00,0.0,,
2026-03-22T21:00:00,0.0,,
2026-03-22T22:00:00,0.0,,
2026-03-22T23:00:00,0.0,,
2026-03-23T00:00:00,0.0,,
2026-03-23T01:00:00,0.0,,
2026-03-23T02:00:00,0.0,,
2026-03-23T03:00:00,0.0,,
2026-03-23T04:00:00,0.0,,
2026-03-23T05:00:00,0.0,,
2026-03-23T06:00:00,0.0,,
2026-03-23T07:00:00,0.502,,
2026-03-23T08:00:00,1.486,,
2026-03-23T09:00:00,2.279,,
2026-03-23T10:00:00,2.774,,
2026-03-23T11:00:00,3.062,,
2026-03-23T12:00:00,3.278,,
2026-03-23T13:00:00,2.862,,
2026-03-23T14:00:00,2.332,,
2026-03-23T15:00:00,1.943,,
2026-03-23T16:00:00,1.469,,
2026-03-23T17:00:00,0.333,,
2026-03-23T18:00:00,0.0,,
2026-03-23T19:00:00,0.0,,
2026-03-23T20:00:00,0.0,,
2026-03-23T21:00:00,0.0,,
2026-03-23T22:00:00,0.0,,
2026-03-23T23:00:00,0.0,,
2026-03-24T00:00:00,0.0,,
2026-03-24T01:00:00,0.0,,
2026-03-24T02:00:00,0.0,,
2026-03-24T03:00:00,0.0,,
2026-03-24T04:00:00,0.0,,
2026-03-24T05:00:00,0.0,,
2026-03-24T06:00:00,0.0,,
2026-03-24T07:00:00,0.524,,
2026-03-24T08:00:00,1.496,,
2026-03-24T09:00:00,2.291,,
2026-03-24T10:00:00,2.804,,
2026-03-24T11:00:00,3.092,,
2026-03-24T12:00:00,3.266,,
2026-03-24T13:00:00,2.917,,
2026-03-24T14:00:00,2.344,,
2026-03-24T15:00:00,1.943,,
2026-03-24T16:00:00,1.474,,
2026-03-24T17:00:00,0.355,,
2026-03-24T18:00:00,0.0,,
2026-03-24T19:00:00,0.0,,
2026-03-24T20:00:00,0.0,,
2026-03-24T21:00:00,0.0,,
2026-03-24T22:00:00,0.0,,
2026-03-24T23:00:00,0.0,,
2026-03-25T00:00:00,0.0,,
2026-03-25T01:00:00,0.0,,
2026-03-25T02:00:00,0.0,,
2026-03-25T03:00:00,0.0,,
2026-03-25T04:00:00,0.0,,
2026-03-25T05:00:00,0.0,,
2026-03-25T06:00:00,0.0,,
2026-03-25T07:00:00,0.545,,
2026-03-25T08:00:00,1.541,,
2026-03-25T09:00:00,2.281,,
2026-03-25T10:00:00,2.858,,
2026-03-25T11:00:00,3.083,,
2026-03-25T12:00:00,3.471,,
2026-03-25T13:00:00,3.041,,
2026-03-25T14:00:00,2.36,,
2026-03-25T15:00:00,1.961,,
2026-03-25T16:00:00,1.476,,
2026-03-25T17:00:00,0.404,,
2026-03-25T18:00:00,0.0,,
2026-03-25T19:00:00,0.0,,
2026-03-25T20:00:00,0.0,,
2026-03-25T21:00:00,0.0,,
2026-03-25T22:00:00,0.0,,
2026-03-25T23:00:00,0.0,,
2026-03-26T00:00:00,0.0,,
2026-03-26T01:00:00,0.0,,
2026-03-26T02:00:00,0.0,,
2026-03-26T03:00:00,0.0,,
2026-03-26T04:00:00,0.0,,
2026-03-26T05:00:00,0.0,,
2026-03-26T06:00:00,0.0,,
2026-03-26T07:00:00,0.577,,
2026-03-26T08:00:00,1.56,,
2026-03-26T09:00:00,2.326,,
2026-03-26T10:00:00,2.852,,
2026-03-26T11:00:00,3.205,,
2026-03-26T12:00:00,3.524,,
2026-03-26T13:00:00,3.159,,
2026-03-26T14:00:00,2.455,,
2026-03-26T15:00:00,1.981,,
2026-03-26T16:00:00,1.511,,
2026-03-26T17:00:00,0.438,,
2026-03-26T18:00:00,0.0,,
2026-03-26T19:00:00,0.0,,
2026-03-26T20:00:00,0.0,,
2026-03-26T21:00:00,0.0,,
2026-03-26T22:00:00,0.0,,
2026-03-26T23:00:00,0.0,,
2026-03-27T00:00:00,0.0,,
2026-03-27T01:00:00,0.0,,
2026-03-27T02:00:00,0.0,,
2026-03-27T03:00:00,0.0,,
2026-03-27T04:00:00,0.0,,
2026-03-27T05:00:00,0.0,,
2026-03-27T06:00:00,0.0,,
2026-03-27T07:00:00,0.654,,
2026-03-27T08:00:00,1.583,,
2026-03-27T09:00:00,2.317,,
2026-03-27T10:00:00,2.88,,
2026-03-27T11:00:00,3.196,,
2026-03-27T12:00:00,3.619,,
2026-03-27T13:00:00,3.206,,
2026-03-27T14:00:00,2.472,,
2026-03-27T15:00:00,2.022,,
2026-03-27T16:00:00,1.546,,
2026-03-27T17:00:00,0.446,,
2026-03-27T18:00:00,0.0,,
2026-03-27T19:00:00,0.0,,
2026-03-27T20:00:00,0.0,,
2026-03-27T21:00:00,0.0,,
2026-03-27T22:00:00,0.0,,
2026-03-27T23:00:00,0.0,,
2026-03-28T00:00:00,0.0,,
2026-03-28T01:00:00,0.0,,
2026-03-28T02:00:00,0.0,,
2026-03-28T03:00:00,0.0,,
2026-03-28T04:00:00,0.0,,
2026-03-28T05:00:00,0.0,,
2026-03-28T06:00:00,0.0,,
2026-03-28T07:00:00,0.67,,
2026-03-28T08:00:00,1.56,,
2026-03-28T09:00:00,2.309,,
2026-03-28T10:00:00,2.875,,
2026-03-28T11:00:00,3.303,,
2026-03-28T12:00:00,3.678,,
2026-03-28T13:00:00,3.234,,
2026-03-28T14:00:00,2.481,,
2026-03-28T15:00:00,2.045,,
2026-03-28T16:00:00,1.551,,
2026-03-28T17:00:00,0.514,,
2026-03-28T18:00:00,0.0,,
2026-03-28T19:00:00,0.0,,
2026-03-28T20:00:00,0.0,,
2026-03-28T21:00:00,0.0,,
2026-03-28T22:00:00,0.0,,
2026-03-28T23:00:00,0.0,,
2026-03-29T00:00:00,0.0,,
2026-03-29T01:00:00,0.0,,
2026-03-29T02:00:00,0.0,,
2026-03-29T03:00:00,0.0,,
2026-03-29T04:00:00,0.0,,
2026-03-29T05:00:00,0.0,,
2026-03-29T06:00:00,0.0,,
2026-03-29T07:00:00,0.0,,
2026-03-29T08:00:00,0.712,,
2026-03-29T09:00:00,1.572,,
2026-03-29T10:00:00,2.409,,
2026-03-29T11:00:00,2.917,,
2026-03-29T12:00:00,3.374,,
2026-03-29T13:00:00,3.658,,
2026-03-29T14:00:00,3.322,,
2026-03-29T15:00:00,2.597,,
2026-03-29T16:00:00,2.066,,
2026-03-29T17:00:00,1.555,,
2026-03-29T18:00:00,0.589,,
2026-03-29T19:00:00,0.0,,
2026-03-29T20:00:00,0.0,,
2026-03-29T21:00:00,0.0,,
2026-03-29T22:00:00,0.0,,
2026-03-29T23:00:00,0.0,,
2026-03-30T00:00:00,0.0,,
2026-03-30T01:00:00,0.0,,
2026-03-30T02:00:00,0.0,,
2026-03-30T03:00:00,0.0,,
2026-03-30T04:00:00,0.0,,
2026-03-30T05:00:00,0.0,,
2026-03-30T06:00:00,0.0,,
2026-03-30T07:00:00,0.0,,
2026-03-30T08:00:00,0.728,,
2026-03-30T09:00:00,1.57,,
2026-03-30T10:00:00,2.401,,
2026-03-30T11:00:00,2.912,,
2026-03-30T12:00:00,3.361,,
2026-03-30T13:00:00,3.724,,
2026-03-30T14:00:00,3.378,,
2026-03-30T15:00:00,2.624,,
2026-03-30T16:00:00,2.081,,
2026-03-30T17:00:00,1.659,,
2026-03-30T18:00:00,0.631,,
2026-03-30T19:00:00,0.0,,
2026-03-30T20:00:00,0.0,,
2026-03-30T21:00:00,0.0,,
2026-03-30T22:00:00,0.0,,
2026-03-30T23:00:00,0.0,,
2026-03-31T00:00:00,0.0,,
2026-03-31T01:00:00,0.0,,
2026-03-31T02:00:00,0.0,,
2026-03-31T03:00:00,0.0,,
2026-03-31T04:00:00,0.0,,
2026-03-31T05:00:00,0.0,,
2026-03-31T06:00:00,0.0,,
2026-03-31T07:00:00,0.0,,
2026-03-31T08:00:00,0.769,,
2026-03-31T09:00:00,1.575,,
2026-03-31T10:00:00,2.418,,
2026-03-31T11:00:00,2.905,,
2026-03-31T12:00:00,3.56,,
2026-03-31T13:00:00,3.721,,
2026-03-31T14:00:00,3.39,,
2026-03-31T15:00:00,2.637,,
2026-03-31T16:00:00,2.102,,
2026-03-31T17:00:00,1.662,,
2026-03-31T18:00:00,0.684,,
2026-03-31T19:00:00,0.0,,
2026-03-31T20:00:00,0.0,,
2026-03-31T21:00:00,0.0,,
2026-03-31T22:00:00,0.0,,
2026-03-31T23:00:00,0.0,,
2026-04-01T00:00:00,0.0,,
2026-04-01T01:00:00,0.0,,
2026-04-01T02:00:00,0.0,,
2026-04-01T03:00:00,0.0,,
2026-04-01T04:00:00,0.0,,
2026-04-01T05:00:00,0.0,,
2026-04-01T06:00:00,0.0,,
2026-04-01T07:00:00,0.0,,
2026-04-01T08:00:00,0.834,,
2026-04-01T09:00:00,1.65,,
2026-04-01T10:00:00,2.409,,
2026-04-01T11:00:00,2.927,,
2026-04-01T12:00:00,3.544,,
2026-04-01T13:00:00,3.726,,
2026-04-01T14:00:00,3.444,,
2026-04-01T15:00:00,2.799,,
2026-04-01T16:00:00,2.113,,
2026-04-01T17:00:00,1.664,,
2026-04-01T18:00:00,0.707,,
2026-04-01T19:00:00,0.0,,
2026-04-01T20:00:00,0.0,,
2026-04-01T21:00:00,0.0,,
2026-04-01T22:00:00,0.0,,
2026-04-01T23:00:00,0.0,,
2026-04-02T00:00:00,0.0,,
2026-04-02T01:00:00,0.0,,
2026-04-02T02:00:00,0.0,,
2026-04-02T03:00:00,0.0,,
2026-04-02T04:00:00,0.0,,
2026-04-02T05:00:00,0.0,,
2026-04-02T06:00:00,0.0,,
2026-04-02T07:00:00,0.0,,
2026-04-02T08:00:00,0.844,,
2026-04-02T09:00:00,1.666,,
2026-04-02T10:00:00,2.4,,
2026-04-02T11:00:00,2.925,,
2026-04-02T12:00:00,3.624,,
2026-04-02T13:00:00,3.734,,
2026-04-02T14:00:00,3.437,,
2026-04-02T15:00:00,2.79,,
2026-04-02T16:00:00,2.132,,
2026-04-02T17:00:00,1.71,,
2026-04-02T18:00:00,0.758,,
2026-04-02T19:00:00,0.0,,
2026-04-02T20:00:00,0.0,,
2026-04-02T21:00:00,0.0,,
2026-04-02T22:00:00,0.0,,
2026-04-02T23:00:00,0.0,,
2026-04-03T00:00:00,0.0,,
2026-04-03T01:00:00,0.0,,
2026-04-03T02:00:00,0.0,,
2026-04-03T03:00:00,0.0,,
2026-04-03T04:00:00,0.0,,
2026-04-03T05:00:00,0.0,,
2026-04-03T06:00:00,0.0,,
2026-04-03T07:00:00,0.051,,
2026-04-03T08:00:00,0.851,,
2026-04-03T09:00:00,1.699,,
2026-04-03T10:00:00,2.513,,
2026-04-03T11:00:00,2.925,,
2026-04-03T12:00:00,3.684,,
2026-04-03T13:00:00,3.726,,
2026-04-03T14:00:00,3.462,,
2026-04-03T15:00:00,2.851,,
2026-04-03T16:00:00,2.174,,
2026-04-03T17:00:00,1.724,,
2026-04-03T18:00:00,0.799,,
2026-04-03T19:00:00,0.0,,
2026-04-03T20:00:00,0.0,,
2026-04-03T21:00:00,0.0,,
2026-04-03T22:00:00,0.0,,
2026-04-03T23:00:00,0.0,,
2026-04-04T00:00:00,0.0,,
2026-04-04T01:00:00,0.0,,
2026-04-04T02:00:00,0.0,,
2026-04-04T03:00:00,0.0,,
2026-04-04T04:00:00,0.0,,
2026-04-04T05:00:00,0.0,,
2026-04-04T06:00:00,0.0,,
2026-04-04T07:00:00,0.074,,
2026-04-04T08:00:00,0.861,,
2026-04-04T09:00:00,1.703,,
2026-04-04T10:00:00,2.502,,
2026-04-04T11:00:00,2.958,,
2026-04-04T12:00:00,3.664,,
2026-04-04T13:00:00,3.745,,
2026-04-04T14:00:00,3.476,,
2026-04-04T15:00:00,2.943,,
2026-04-04T16:00:00,2.192,,
2026-04-04T17:00:00,1.727,,
2026-04-04T18:00:00,0.836,,
2026-04-04T19:00:00,0.0,,
2026-04-04T20:00:00,0.0,,
2026-04-04T21:00:00,0.0,,
2026-04-04T22:00:00,0.0,,
2026-04-04T23:00:00,0.0,,
2026-04-05T00:00:00,0.0,,
2026-04-05T01:00:00,0.0,,
2026-04-05T02:00:00,0.0,,
2026-04-05T03:00:00,0.0,,
2026-04-05T04:00:00,0.0,,
2026-04-05T05:00:00,0.0,,
2026-04-05T06:00:00,0.0,,
2026-04-05T07:00:00,0.073,,
2026-04-05T08:00:00,0.871,,
2026-04-05T09:00:00,1.721,,
2026-04-05T10:00:00,2.507,,
2026-04-05T11:00:00,2.965,,
2026-04-05T12:00:00,3.762,,
2026-04-05T13:00:00,3.741,,
2026-04-05T14:00:00,3.48,,
2026-04-05T15:00:00,2.931,,
2026-04-05T16:00:00,2.195,,
2026-04-05T17:00:00,1.732,,
2026-04-05T18:00:00,0.863,,
2026-04-05T19:00:00,0.0,,
2026-04-05T20:00:00,0.0,,
2026-04-05T21:00:00,0.0,,
2026-04-05T22:00:00,0.0,,
2026-04-05T23:00:00,0.0,,
2026-04-06T00:00:00,0.0,,
2026-04-06T01:00:00,0.0,,
2026-04-06T02:00:00,0.0,,
2026-04-06T03:00:00,0.0,,
2026-04-06T04:00:00,0.0,,
2026-04-06T05:00:00,0.0,,
2026-04-06T06:00:00,0.0,,
2026-04-06T07:00:00,0.071,,
2026-04-06T08:00:00,0.899,,
2026-04-06T09:00:00,1.739,,
2026-04-06T10:00:00,2.495,,
2026-04-06T11:00:00,3.028,,
2026-04-06T12:00:00,3.74,,
2026-04-06T13:00:00,3.735,,
2026-04-06T14:00:00,3.472,,
2026-04-06T15:00:00,3.035,,
2026-04-06T16:00:00,2.229,,
2026-04-06T17:00:00,1.757,,
2026-04-06T18:00:00,0.911,,
2026-04-06T19:00:00,0.0,,
2026-04-06T20:00:00,0.0,,
2026-04-06T21:00:00,0.0,,
2026-04-06T22:00:00,0.0,,
2026-04-06T23:00:00,0.0,,
2026-04-07T00:00:00,0.0,,
2026-04-07T01:00:00,0.0,,
2026-04-07T02:00:00,0.0,,
2026-04-07T03:00:00,0.0,,
2026-04-07T04:00:00,0.0,,
2026-04-07T05:00:00,0.0,,
2026-04-07T06:00:00,0.0,,
2026-04-07T07:00:00,0.093,,
2026-04-07T08:00:00,0.922,,
2026-04-07T09:00:00,1.82,,
2026-04-07T10:00:00,2.484,,
2026-04-07T11:00:00,3.023,,
2026-04-07T12:00:00,3.748,,
2026-04-07T13:00:00,3.755,,
2026-04-07T14:00:00,3.491,,
2026-04-07T15:00:00,3.069,,
2026-04-07T16:00:00,2.265,,
2026-04-07T17:00:00,1.783,,
2026-04-07T18:00:00,0.983,,
2026-04-07T19:00:00,0.0,,
2026-04-07T20:00:00,0.0,,
2026-04-07T21:00:00,0.0,,
2026-04-07T22:00:00,0.0,,
2026-04-07T23:00:00,0.0,,
2026-04-08T00:00:00,0.0,,
2026-04-08T01:00:00,0.0,,
2026-04-08T02:00:00,0.0,,
2026-04-08T03:00:00,0.0,,
2026-04-08T04:00:00,0.0,,
2026-04-08T05:00:00,0.0,,
2026-04-08T06:00:00,0.0,,
2026-04-08T07:00:00,0.09,,
2026-04-08T08:00:00,0.942,,
2026-04-08T09:00:00,1.839,,
2026-04-08T10:00:00,2.557,,
2026-04-08T11:00:00,3.044,,
2026-04-08T12:00:00,3.772,,
2026-04-08T13:00:00,3.748,,
2026-04-08T14:00:00,3.484,,
2026-04-08T15:00:00,3.053,,
2026-04-08T16:00:00,2.266,,
2026-04-08T17:00:00,1.787,,
2026-04-08T18:00:00,1.033,,
2026-04-08T19:00:00,0.056,,
2026-04-08T20:00:00,0.0,,
2026-04-08T21:00:00,0.0,,
2026-04-08T22:00:00,0.0,,
2026-04-08T23:00:00,0.0,,
2026-04-09T00:00:00,0.0,,
2026-04-09T01:00:00,0.0,,
2026-04-09T02:00:00,0.0,,
2026-04-09T03:00:00,0.0,,
2026-04-09T04:00:00,0.0,,
2026-04-09T05:00:00,0.0,,
2026-04-09T06:00:00,0.0,,
2026-04-09T07:00:00,0.132,,
2026-04-09T08:00:00,0.96,,
2026-04-09T09:00:00,1.844,,
2026-04-09T10:00:00,2.569,,
2026-04-09T11:00:00,3.117,,
2026-04-09T12:00:00,3.75,,
2026-04-09T13:00:00,3.768,,
2026-04-09T14:00:00,3.49,,
2026-04-09T15:00:00,3.125,,
2026-04-09T16:00:00,2.305,,
2026-04-09T17:00:00,1.823,,
2026-04-09T18:00:00,1.08,,
2026-04-09T19:00:00,0.058,,
2026-04-09T20:00:00,0.0,,
2026-04-09T21:00:00,0.0,,
2026-04-09T22:00:00,0.0,,
2026-04-09T23:00:00,0.0,,
2026-04-10T00:00:00,0.0,,
2026-04-10T01:00:00,0.0,,
2026-04-10T02:00:00,0.0,,
2026-04-10T03:00:00,0.0,,
2026-04-10T04:00:00,0.0,,
2026-04-10T05:00:00,0.0,,
2026-04-10T06:00:00,0.0,,
2026-04-10T07:00:00,0.151,,
2026-04-10T08:00:00,0.946,,
2026-04-10T09:00:00,1.891,,
2026-04-10T10:00:00,2.557,,
2026-04-10T11:00:00,3.164,,
2026-04-10T12:00:00,3.774,,
2026-04-10T13:00:00,3.768,,
2026-04-10T14:00:00,3.507,,
2026-04-10T15:00:00,3.139,,
2026-04-10T16:00:00,2.324,,
2026-04-10T17:00:00,1.857,,
2026-04-10T18:00:00,1.102,,
2026-04-10T19:00:00,0.061,,
2026-04-10T20:00:00,0.0,,
2026-04-10T21:00:00,0.0,,
2026-04-10T22:00:00,0.0,,
2026-04-10T23:00:00,0.0,,
2026-04-11T00:00:00,0.0,,
2026-04-11T01:00:00,0.0,,
2026-04-11T02:00:00,0.0,,
2026-04-11T03:00:00,0.0,,
2026-04-11T04:00:00,0.0,,
2026-04-11T05:00:00,0.0,,
2026-04-11T06:00:00,0.0,,
2026-04-11T07:00:00,0.168,,
2026-04-11T08:00:00,0.954,,
2026-04-11T09:00:00,1.899,,
2026-04-11T10:00:00,2.575,,
2026-04-11T11:00:00,3.158,,
2026-04-11T12:00:00,3.766,,
2026-04-11T13:00:00,3.764,,
2026-04-11T14:00:00,3.511,,
2026-04-11T15:00:00,3.12,,
2026-04-11T16:00:00,2.369,,
2026-04-11T17:00:00,1.859,,
2026-04-11T18:00:00,1.161,,
2026-04-11T19:00:00,0.063,,
2026-04-11T20:00:00,0.0,,
2026-04-11T21:00:00,0.0,,
2026-04-11T22:00:00,0.0,,
2026-04-11T23:00:00,0.0,,
2026-04-12T00:00:00,0.0,,
2026-04-12T01:00:00,0.0,,
2026-04-12T02:00:00,0.0,,
2026-04-12T03:00:00,0.0,,
2026-04-12T04:00:00,0.0,,
2026-04-12T05:00:00,0.0,,
2026-04-12T06:00:00,0.0,,
2026-04-12T07:00:00,0.165,,
2026-04-12T08:00:00,0.971,,
2026-04-12T09:00:00,1.916,,
2026-04-12T10:00:00,2.564,,
2026-04-12T11:00:00,3.206,,
2026-04-12T12:00:00,3.761,,
2026-04-12T13:00:00,3.822,,
2026-04-12T14:00:00,3.561,,
2026-04-12T15:00:00,3.184,,
2026-04-12T16:00:00,2.389,,
2026-04-12T17:00:00,1.862,,
2026-04-12T18:00:00,1.193,,
2026-04-12T19:00:00,0.103,,
2026-04-12T20:00:00,0.0,,
2026-04-12T21:00:00,0.0,,
2026-04-12T22:00:00,0.0,,
2026-04-12T23:00:00,0.0,,
2026-04-13T00:00:00,0.0,,
2026-04-13T01:00:00,0.0,,
2026-04-13T02:00:00,0.0,,
2026-04-13T03:00:00,0.0,,
2026-04-13T04:00:00,0.0,,
2026-04-13T05:00:00,0.0,,
2026-04-13T06:00:00,0.0,,
2026-04-13T07:00:00,0.18,,
2026-04-13T08:00:00,0.975,,
2026-04-13T09:00:00,1.958,,
2026-04-13T10:00:00,2.554,,
2026-04-13T11:00:00,3.24,,
2026-04-13T12:00:00,3.788,,
2026-04-13T13:00:00,3.803,,
2026-04-13T14:00:00,3.573,,
2026-04-13T15:00:00,3.194,,
2026-04-13T16:00:00,2.421,,
2026-04-13T17:00:00,1.888,,
2026-04-13T18:00:00,1.199,,
2026-04-13T19:00:00,0.106,,
2026-04-13T20:00:00,0.0,,
2026-04-13T21:00:00,0.0,,
2026-04-13T22:00:00,0.0,,
2026-04-13T23:00:00,0.0,,
2026-04-14T00:00:00,0.0,,
2026-04-14T01:00:00,0.0,,
2026-04-14T02:00:00,0.0,,
2026-04-14T03:00:00,0.0,,
2026-04-14T04:00:00,0.0,,
2026-04-14T05:00:00,0.0,,
2026-04-14T06:00:00,0.0,,
2026-04-14T07:00:00,0.195,,
2026-04-14T08:00:00,0.997,,
2026-04-14T09:00:00,1.994,,
2026-04-14T10:00:00,2.631,,
2026-04-14T11:00:00,3.262,,
2026-04-14T12:00:00,3.769,,
2026-04-14T13:00:00,3.861,,
2026-04-14T14:00:00,3.55,,
2026-04-14T15:00:00,3.174,,
2026-04-14T16:00:00,2.454,,
2026-04-14T17:00:00,1.902,,
2026-04-14T18:00:00,1.223,,
2026-04-14T19:00:00,0.123,,
2026-04-14T20:00:00,0.0,,
2026-04-14T21:00:00,0.0,,
2026-04-14T22:00:00,0.0,,
2026-04-14T23:00:00,0.0,,
2026-04-15T00:00:00,0.0,,
2026-04-15T01:00:00,0.0,,
2026-04-15T02:00:00,0.0,,
2026-04-15T03:00:00,0.0,,
2026-04-15T04:00:00,0.0,,
2026-04-15T05:00:00,0.0,,
2026-04-15T06:00:00,0.0,,
2026-04-15T07:00:00,0.19,,
2026-04-15T08:00:00,1.044,,
2026-04-15T09:00:00,2.026,,
2026-04-15T10:00:00,2.619,,
2026-04-15T11:00:00,3.298,,
2026-04-15T12:00:00,3.798,,
2026-04-15T13:00:00,3.864,,
2026-04-15T14:00:00,3.615,,
2026-04-15T15:00:00,3.224,,
2026-04-15T16:00:00,2.451,,
2026-04-15T17:00:00,1.906,,
2026-04-15T18:00:00,1.287,,
2026-04-15T19:00:00,0.129,,
2026-04-15T20:00:00,0.0,,
2026-04-15T21:00:00,0.0,,
2026-04-15T22:00:00,0.0,,
2026-04-15T23:00:00,0.0,,
2026-04-16T00:00:00,0.0,,
2026-04-16T01:00:00,0.0,,
2026-04-16T02:00:00,0.0,,
2026-04-16T03:00:00,0.0,,
2026-04-16T04:00:00,0.0,,
2026-04-16T05:00:00,0.0,,
2026-04-16T06:00:00,0.0,,
2026-04-16T07:00:00,0.24,,
2026-04-16T08:00:00,1.043,,
2026-04-16T09:00:00,2.051,,
2026-04-16T10:00:00,2.608,,
2026-04-16T11:00:00,3.308,,
2026-04-16T12:00:00,3.796,,
2026-04-16T13:00:00,3.867,,
2026-04-16T14:00:00,3.626,,
2026-04-16T15:00:00,3.204,,
2026-04-16T16:00:00,2.485,,
2026-04-16T17:00:00,1.926,,
2026-04-16T18:00:00,1.328,,
2026-04-16T19:00:00,0.198,,
2026-04-16T20:00:00,0.001,,
2026-04-16T21:00:00,0.0,,
2026-04-16T22:00:00,0.0,,
2026-04-16T23:00:00,0.0,,
2026-04-17T00:00:00,0.0,,
2026-04-17T01:00:00,0.0,,
2026-04-17T02:00:00,0.0,,
2026-04-17T03:00:00,0.0,,
2026-04-17T04:00:00,0.0,,
2026-04-17T05:00:00,0.0,,
2026-04-17T06:00:00,0.0,,
2026-04-17T07:00:00,0.252,,
2026-04-17T08:00:00,1.032,,
2026-04-17T09:00:00,2.071,,
2026-04-17T10:00:00,2.649,,
2026-04-17T11:00:00,3.34,,
2026-04-17T12:00:00,3.779,,
2026-04-17T13:00:00,3.907,,
2026-04-17T14:00:00,3.604,,
2026-04-17T15:00:00,3.199,,
2026-04-17T16:00:00,2.557,,
2026-04-17T17:00:00,1.961,,
2026-04-17T18:00:00,1.333,,
2026-04-17T19:00:00,0.209,,
2026-04-17T20:00:00,0.002,,
2026-04-17T21:00:00,0.0,,
2026-04-17T22:00:00,0.0,,
2026-04-17T23:00:00,0.0,,
2026-04-18T00:00:00,0.0,,
2026-04-18T01:00:00,0.0,,
2026-04-18T02:00:00,0.0,,
2026-04-18T03:00:00,0.0,,
2026-04-18T04:00:00,0.0,,
2026-04-18T05:00:00,0.0,,
2026-04-18T06:00:00,0.0,,
2026-04-18T07:00:00,0.261,,
2026-04-18T08:00:00,1.064,,
2026-04-18T09:00:00,2.055,,
2026-04-18T10:00:00,2.638,,
2026-04-18T11:00:00,3.366,,
2026-04-18T12:00:00,3.815,,
2026-04-18T13:00:00,3.909,,
2026-04-18T14:00:00,3.681,,
2026-04-18T15:00:00,3.229,,
2026-04-18T16:00:00,2.554,,
2026-04-18T17:00:00,1.983,,
2026-04-18T18:00:00,1.373,,
2026-04-18T19:00:00,0.271,,
2026-04-18T20:00:00,0.003,,
2026-04-18T21:00:00,0.0,,
2026-04-18T22:00:00,0.0,,
2026-04-18T23:00:00,0.0,,
2026-04-19T00:00:00,0.0,,
2026-04-19T01:00:00,0.0,,
2026-04-19T02:00:00,0.0,,
2026-04-19T03:00:00,0.0,,
2026-04-19T04:00:00,0.0,,
2026-04-19T05:00:00,0.0,,
2026-04-19T06:00:00,0.0,,
2026-04-19T07:00:00,0.272,,
2026-04-19T08:00:00,1.06,,
2026-04-19T09:00:00,2.075,,
2026-04-19T10:00:00,2.628,,
2026-04-19T11:00:00,3.364,,
2026-04-19T12:00:00,3.812,,
2026-04-19T13:00:00,3.906,,
2026-04-19T14:00:00,3.699,,
2026-04-19T15:00:00,3.226,,
2026-04-19T16:00:00,2.549,,
2026-04-19T17:00:00,1.985,,
2026-04-19T18:00:00,1.409,,
2026-04-19T19:00:00,0.282,,
2026-04-19T20:00:00,0.004,,
2026-04-19T21:00:00,0.0,,
2026-04-19T22:00:00,0.0,,
2026-04-19T23:00:00,0.0,,
2026-04-20T00:00:00,0.0,,
2026-04-20T01:00:00,0.0,,
2026-04-20T02:00:00,0.0,,
2026-04-20T03:00:00,0.0,,
2026-04-20T04:00:00,0.0,,
2026-04-20T05:00:00,0.0,,
2026-04-20T06:00:00,0.0,,
2026-04-20T07:00:00,0.28,,
2026-04-20T08:00:00,1.063,,
2026-04-20T09:00:00,2.119,,
2026-04-20T10:00:00,2.697,,
2026-04-20T11:00:00,3.408,,
2026-04-20T12:00:00,3.796,,
2026-04-20T13:00:00,3.921,,
2026-04-20T14:00:00,3.674,,
2026-04-20T15:00:00,3.232,,
2026-04-20T16:00:00,2.595,,
2026-04-20T17:00:00,2.009,,
2026-04-20T18:00:00,1.427,,
2026-04-20T19:00:00,0.332,,
2026-04-20T20:00:00,0.005,,
2026-04-20T21:00:00,0.0,,
2026-04-20T22:00:00,0.0,,
2026-04-20T23:00:00,0.0,,
2026-04-21T00:00:00,0.0,,
2026-04-21T01:00:00,0.0,,
2026-04-21T02:00:00,0.0,,
2026-04-21T03:00:00,0.0,,
2026-04-21T04:00:00,0.0,,
2026-04-21T05:00:00,0.0,,
2026-04-21T06:00:00,0.0,,
2026-04-21T07:00:00,0.288,,
2026-04-21T08:00:00,1.137,,
2026-04-21T09:00:00,2.133,,
2026-04-21T10:00:00,2.688,,
2026-04-21T11:00:00,3.434,,
2026-04-21T12:00:00,3.844,,
2026-04-21T13:00:00,3.916,,
2026-04-21T14:00:00,3.745,,
2026-04-21T15:00:00,3.24,,
2026-04-21T16:00:00,2.612,,
2026-04-21T17:00:00,2.028,,
2026-04-21T18:00:00,1.431,,
2026-04-21T19:00:00,0.341,,
2026-04-21T20:00:00,0.006,,
2026-04-21T21:00:00,0.0,,
2026-04-21T22:00:00,0.0,,
2026-04-21T23:00:00,0.0,,
2026-04-22T00:00:00,0.0,,
2026-04-22T01:00:00,0.0,,
2026-04-22T02:00:00,0.0,,
2026-04-22T03:00:00,0.0,,
2026-04-22T04:00:00,0.0,,
2026-04-22T05:00:00,0.0,,
2026-04-22T06:00:00,0.0,,
2026-04-22T07:00:00,0.311,,
2026-04-22T08:00:00,1.151,,
2026-04-22T09:00:00,2.167,,
2026-04-22T10:00:00,2.677,,
2026-04-22T11:00:00,3.414,,
2026-04-22T12:00:00,3.828,,
2026-04-22T13:00:00,3.908,,
2026-04-22T14:00:00,3.743,,
2026-04-22T15:00:00,3.26,,
2026-04-22T16:00:00,2.605,,
2026-04-22T17:00:00,2.036,,
2026-04-22T18:00:00,1.458,,
2026-04-22T19:00:00,0.394,,
2026-04-22T20:00:00,0.01,,
2026-04-22T21:00:00,0.0,,
2026-04-22T22:00:00,0.0,,
2026-04-22T23:00:00,0.0,,
2026-04-23T00:00:00,0.0,,
2026-04-23T01:00:00,0.0,,
2026-04-23T02:00:00,0.0,,
2026-04-23T03:00:00,0.0,,
2026-04-23T04:00:00,0.0,,
2026-04-23T05:00:00,0.0,,
2026-04-23T06:00:00,0.0,,
2026-04-23T07:00:00,0.316,,
2026-04-23T08:00:00,1.154,,
2026-04-23T09:00:00,2.196,,
2026-04-23T10:00:00,2.739,,
2026-04-23T11:00:00,3.448,,
2026-04-23T12:00:00,3.825,,
2026-04-23T13:00:00,3.954,,
2026-04-23T14:00:00,3.748,,
2026-04-23T15:00:00,3.258,,
2026-04-23T16:00:00,2.599,,
2026-04-23T17:00:00,2.036,,
2026-04-23T18:00:00,1.494,,
2026-04-23T19:00:00,0.421,,
2026-04-23T20:00:00,0.011,,
2026-04-23T21:00:00,0.0,,
2026-04-23T22:00:00,0.0,,
2026-04-23T23:00:00,0.0,,
2026-04-24T00:00:00,0.0,,
2026-04-24T01:00:00,0.0,,
2026-04-24T02:00:00,0.0,,
2026-04-24T03:00:00,0.0,,
2026-04-24T04:00:00,0.0,,
2026-04-24T05:00:00,0.0,,
2026-04-24T06:00:00,0.0,,
2026-04-24T07:00:00,0.351,,
2026-04-24T08:00:00,1.185,,
2026-04-24T09:00:00,2.196,,
2026-04-24T10:00:00,2.729,,
2026-04-24T11:00:00,3.464,,
2026-04-24T12:00:00,3.856,,
2026-04-24T13:00:00,3.933,,
2026-04-24T14:00:00,3.784,,
2026-04-24T15:00:00,3.267,,
2026-04-24T16:00:00,2.694,,
2026-04-24T17:00:00,2.057,,
2026-04-24T18:00:00,1.498,,
2026-04-24T19:00:00,0.435,,
2026-04-24T20:00:00,0.012,,
2026-04-24T21:00:00,0.0,,
2026-04-24T22:00:00,0.0,,
2026-04-24T23:00:00,0.0,,
2026-04-25T00:00:00,0.0,,
2026-04-25T01:00:00,0.0,,
2026-04-25T02:00:00,0.0,,
2026-04-25T03:00:00,0.0,,
2026-04-25T04:00:00,0.0,,
2026-04-25T05:00:00,0.0,,
2026-04-25T06:00:00,0.0,,
2026-04-25T07:00:00,0.355,,
2026-04-25T08:00:00,1.172,,
2026-04-25T09:00:00,2.185,,
2026-04-25T10:00:00,2.72,,
2026-04-25T11:00:00,3.446,,
2026-04-25T12:00:00,3.839,,
2026-04-25T13:00:00,3.928,,
2026-04-25T14:00:00,3.788,,
2026-04-25T15:00:00,3.302,,
2026-04-25T16:00:00,2.684,,
2026-04-25T17:00:00,2.089,,
2026-04-25T18:00:00,1.523,,
2026-04-25T19:00:00,0.475,,
2026-04-25T20:00:00,0.021,,
2026-04-25T21:00:00,0.0,,
2026-04-25T22:00:00,0.0,,
2026-04-25T23:00:00,0.0,,
2026-04-26T00:00:00,0.0,,
2026-04-26T01:00:00,0.0,,
2026-04-26T02:00:00,0.0,,
2026-04-26T03:00:00,0.0,,
2026-04-26T04:00:00,0.0,,
2026-04-26T05:00:00,0.0,,
2026-04-26T06:00:00,0.0,,
2026-04-26T07:00:00,0.37,,
2026-04-26T08:00:00,1.183,,
2026-04-26T09:00:00,2.178,,
2026-04-26T10:00:00,2.791,,
2026-04-26T11:00:00,3.468,,
2026-04-26T12:00:00,3.833,,
2026-04-26T13:00:00,3.957,,
2026-04-26T14:00:00,3.763,,
2026-04-26T15:00:00,3.281,,
2026-04-26T16:00:00,2.675,,
2026-04-26T17:00:00,2.106,,
2026-04-26T18:00:00,1.554,,
2026-04-26T19:00:00,0.54,,
2026-04-26T20:00:00,0.026,,
2026-04-26T21:00:00,0.0,,
2026-04-26T22:00:00,0.0,,
2026-04-26T23:00:00,0.0,,
2026-04-27T00:00:00,0.0,,
2026-04-27T01:00:00,0.0,,
2026-04-27T02:00:00,0.0,,
2026-04-27T03:00:00,0.0,,
2026-04-27T04:00:00,0.0,,
2026-04-27T05:00:00,0.0,,
2026-04-27T06:00:00,0.0,,
2026-04-27T07:00:00,0.373,,
2026-04-27T08:00:00,1.182,,
2026-04-27T09:00:00,2.217,,
2026-04-27T10:00:00,2.794,,
2026-04-27T11:00:00,3.469,,
2026-04-27T12:00:00,3.863,,
2026-04-27T13:00:00,3.937,,
2026-04-27T14:00:00,3.811,,
2026-04-27T15:00:00,3.319,,
2026-04-27T16:00:00,2.682,,
2026-04-27T17:00:00,2.109,,
2026-04-27T18:00:00,1.588,,
2026-04-27T19:00:00,0.596,,
2026-04-27T20:00:00,0.032,,
2026-04-27T21:00:00,0.0,,
2026-04-27T22:00:00,0.0,,
2026-04-27T23:00:00,0.0,,
2026-04-28T00:00:00,0.0,,
2026-04-28T01:00:00,0.0,,
2026-04-28T02:00:00,0.0,,
2026-04-28T03:00:00,0.0,,
2026-04-28T04:00:00,0.0,,
2026-04-28T05:00:00,0.0,,
2026-04-28T06:00:00,0.0,,
2026-04-28T07:00:00,0.374,,
2026-04-28T08:00:00,1.244,,
2026-04-28T09:00:00,2.226,,
2026-04-28T10:00:00,2.784,,
2026-04-28T11:00:00,3.467,,
2026-04-28T12:00:00,3.847,,
2026-04-28T13:00:00,3.931,,
2026-04-28T14:00:00,3.808,,
2026-04-28T15:00:00,3.3,,
2026-04-28T16:00:00,2.722,,
2026-04-28T17:00:00,2.114,,
2026-04-28T18:00:00,1.612,,
2026-04-28T19:00:00,0.605,,
2026-04-28T20:00:00,0.035,,
2026-04-28T21:00:00,0.0,,
2026-04-28T22:00:00,0.0,,
2026-04-28T23:00:00,0.0,,
2026-04-29T00:00:00,0.0,,
2026-04-29T01:00:00,0.0,,
2026-04-29T02:00:00,0.0,,
2026-04-29T03:00:00,0.0,,
2026-04-29T04:00:00,0.0,,
2026-04-29T05:00:00,0.0,,
2026-04-29T06:00:00,0.0,,
2026-04-29T07:00:00,0.411,,
2026-04-29T08:00:00,1.286,,
2026-04-29T09:00:00,2.242,,
2026-04-29T10:00:00,2.827,,
2026-04-29T11:00:00,3.482,,
2026-04-29T12:00:00,3.845,,
2026-04-29T13:00:00,3.962,,
2026-04-29T14:00:00,3.784,,
2026-04-29T15:00:00,3.326,,
2026-04-29T16:00:00,2.711,,
2026-04-29T17:00:00,2.137,,
2026-04-29T18:00:00,1.637,,
2026-04-29T19:00:00,0.636,,
2026-04-29T20:00:00,0.037,,
2026-04-29T21:00:00,0.0,,
2026-04-29T22:00:00,0.0,,
2026-04-29T23:00:00,0.0,,
2026-04-30T00:00:00,0.0,,
2026-04-30T01:00:00,0.0,,
2026-04-30T02:00:00,0.0,,
2026-04-30T03:00:00,0.0,,
2026-04-30T04:00:00,0.0,,
2026-04-30T05:00:00,0.0,,
2026-04-30T06:00:00,0.0,,
2026-04-30T07:00:00,0.428,,
2026-04-30T08:00:00,1.302,,
2026-04-30T09:00:00,2.234,,
2026-04-30T10:00:00,2.848,,
2026-04-30T11:00:00,3.487,,
2026-04-30T12:00:00,3.853,,
2026-04-30T13:00:00,3.945,,
2026-04-30T14:00:00,3.826,,
2026-04-30T15:00:00,3.333,,
2026-04-30T16:00:00,2.699,,
2026-04-30T17:00:00,2.153,,
2026-04-30T18:00:00,1.652,,
2026-04-30T19:00:00,0.68,,
2026-04-30T20:00:00,0.045,,
2026-04-30T21:00:00,0.0,,
2026-04-30T22:00:00,0.0,,
2026-04-30T23:00:00,0.0,,
2026-05-01T00:00:00,0.0,,
2026-05-01T01:00:00,0.0,,
2026-05-01T02:00:00,0.0,,
2026-05-01T03:00:00,0.0,,
2026-05-01T04:00:00,0.0,,
2026-05-01T05:00:00,0.0,,
2026-05-01T06:00:00,0.023,,
2026-05-01T07:00:00,0.428,,
2026-05-01T08:00:00,1.291,,
2026-05-01T09:00:00,2.263,,
2026-05-01T10:00:00,2.838,,
2026-05-01T11:00:00,3.49,,
2026-05-01T12:00:00,3.851,,
2026-05-01T13:00:00,3.942,,
2026-05-01T14:00:00,3.817,,
2026-05-01T15:00:00,3.335,,
2026-05-01T16:00:00,2.706,,
2026-05-01T17:00:00,2.16,,
2026-05-01T18:00:00,1.657,,
2026-05-01T19:00:00,0.689,,
2026-05-01T20:00:00,0.053,,
2026-05-01T21:00:00,0.0,,
2026-05-01T22:00:00,0.0,,
2026-05-01T23:00:00,0.0,,
2026-05-02T00:00:00,0.0,,
2026-05-02T01:00:00,0.0,,
2026-05-02T02:00:00,0.0,,
2026-05-02T03:00:00,0.0,,
2026-05-02T04:00:00,0.0,,
2026-05-02T05:00:00,0.0,,
2026-05-02T06:00:00,0.022,,
2026-05-02T07:00:00,0.426,,
2026-05-02T08:00:00,1.338,,
2026-05-02T09:00:00,2.259,,
2026-05-02T10:00:00,2.829,,
2026-05-02T11:00:00,3.494,,
2026-05-02T12:00:00,3.837,,
2026-05-02T13:00:00,4.009,,
2026-05-02T14:00:00,3.792,,
2026-05-02T15:00:00,3.346,,
2026-05-02T16:00:00,2.77,,
2026-05-02T17:00:00,2.178,,
2026-05-02T18:00:00,1.68,,
2026-05-02T19:00:00,0.748,,
2026-05-02T20:00:00,0.056,,
2026-05-02T21:00:00,0.0,,
2026-05-02T22:00:00,0.0,,
2026-05-02T23:00:00,0.0,,
2026-05-03T00:00:00,0.0,,
2026-05-03T01:00:00,0.0,,
2026-05-03T02:00:00,0.0,,
2026-05-03T03:00:00,0.0,,
2026-05-03T04:00:00,0.0,,
2026-05-03T05:00:00,0.0,,
2026-05-03T06:00:00,0.032,,
2026-05-03T07:00:00,0.426,,
2026-05-03T08:00:00,1.371,,
2026-05-03T09:00:00,2.253,,
2026-05-03T10:00:00,2.891,,
2026-05-03T11:00:00,3.498,,
2026-05-03T12:00:00,3.866,,
2026-05-03T13:00:00,3.989,,
2026-05-03T14:00:00,3.805,,
2026-05-03T15:00:00,3.348,,
2026-05-03T16:00:00,2.757,,
2026-05-03T17:00:00,2.2,,
2026-05-03T18:00:00,1.683,,
2026-05-03T19:00:00,0.774,,
2026-05-03T20:00:00,0.059,,
2026-05-03T21:00:00,0.0,,
2026-05-03T22:00:00,0.0,,
2026-05-03T23:00:00,0.0,,
2026-05-04T00:00:00,0.0,,
2026-05-04T01:00:00,0.0,,
2026-05-04T02:00:00,0.0,,
2026-05-04T03:00:00,0.0,,
2026-05-04T04:00:00,0.0,,
2026-05-04T05:00:00,0.0,,
2026-05-04T06:00:00,0.03,,
2026-05-04T07:00:00,0.441,,
2026-05-04T08:00:00,1.386,,
2026-05-04T09:00:00,2.247,,
2026-05-04T10:00:00,2.903,,
2026-05-04T11:00:00,3.515,,
2026-05-04T12:00:00,3.864,,
2026-05-04T13:00:00,3.988,,
2026-05-04T14:00:00,3.817,,
2026-05-04T15:00:00,3.354,,
2026-05-04T16:00:00,2.744,,
2026-05-04T17:00:00,2.216,,
2026-05-04T18:00:00,1.696,,
2026-05-04T19:00:00,0.803,,
2026-05-04T20:00:00,0.074,,
2026-05-04T21:00:00,0.0,,
2026-05-04T22:00:00,0.0,,
2026-05-04T23:00:00,0.0,,
2026-05-05T00:00:00,0.0,,
2026-05-05T01:00:00,0.0,,
2026-05-05T02:00:00,0.0,,
2026-05-05T03:00:00,0.0,,
2026-05-05T04:00:00,0.0,,
2026-05-05T05:00:00,0.0,,
2026-05-05T06:00:00,0.029,,
2026-05-05T07:00:00,0.438,,
2026-05-05T08:00:00,1.376,,
2026-05-05T09:00:00,2.254,,
2026-05-05T10:00:00,2.893,,
2026-05-05T11:00:00,3.5,,
2026-05-05T12:00:00,3.851,,
2026-05-05T13:00:00,4.03,,
2026-05-05T14:00:00,3.831,,
2026-05-05T15:00:00,3.36,,
2026-05-05T16:00:00,2.732,,
2026-05-05T17:00:00,2.23,,
2026-05-05T18:00:00,1.717,,
2026-05-05T19:00:00,0.839,,
2026-05-05T20:00:00,0.084,,
2026-05-05T21:00:00,0.0,,
2026-05-05T22:00:00,0.0,,
2026-05-05T23:00:00,0.0,,
2026-05-06T00:00:00,0.0,,
2026-05-06T01:00:00,0.0,,
2026-05-06T02:00:00,0.0,,
2026-05-06T03:00:00,0.0,,
2026-05-06T04:00:00,0.0,,
2026-05-06T05:00:00,0.0,,
2026-05-06T06:00:00,0.028,,
2026-05-06T07:00:00,0.435,,
2026-05-06T08:00:00,1.401,,
2026-05-06T09:00:00,2.259,,
2026-05-06T10:00:00,2.882,,
2026-05-06T11:00:00,3.497,,
2026-05-06T12:00:00,3.868,,
2026-05-06T13:00:00,4.031,,
2026-05-06T14:00:00,3.841,,
2026-05-06T15:00:00,3.362,,
2026-05-06T16:00:00,2.773,,
2026-05-06T17:00:00,2.23,,
2026-05-06T18:00:00,1.72,,
2026-05-06T19:00:00,0.845,,
2026-05-06T20:00:00,0.095,,
2026-05-06T21:00:00,0.0,,
2026-05-06T22:00:00,0.0,,
2026-05-06T23:00:00,0.0,,
2026-05-07T00:00:00,0.0,,
2026-05-07T01:00:00,0.0,,
2026-05-07T02:00:00,0.0,,
2026-05-07T03:00:00,0.0,,
2026-05-07T04:00:00,0.0,,
2026-05-07T05:00:00,0.0,,
2026-05-07T06:00:00,0.036,,
2026-05-07T07:00:00,0.445,,
2026-05-07T08:00:00,1.445,,
2026-05-07T09:00:00,2.264,,
2026-05-07T10:00:00,2.927,,
2026-05-07T11:00:00,3.528,,
2026-05-07T12:00:00,3.871,,
2026-05-07T13:00:00,4.027,,
2026-05-07T14:00:00,3.853,,
2026-05-07T15:00:00,3.365,,
2026-05-07T16:00:00,2.759,,
2026-05-07T17:00:00,2.242,,
2026-05-07T18:00:00,1.756,,
2026-05-07T19:00:00,0.906,,
2026-05-07T20:00:00,0.105,,
2026-05-07T21:00:00,0.0,,
2026-05-07T22:00:00,0.0,,
2026-05-07T23:00:00,0.0,,
2026-05-08T00:00:00,0.0,,
2026-05-08T01:00:00,0.0,,
2026-05-08T02:00:00,0.0,,
2026-05-08T03:00:00,0.0,,
2026-05-08T04:00:00,0.0,,
2026-05-08T05:00:00,0.0,,
2026-05-08T06:00:00,0.034,,
2026-05-08T07:00:00,0.469,,
2026-05-08T08:00:00,1.437,,
2026-05-08T09:00:00,2.257,,
2026-05-08T10:00:00,2.94,,
2026-05-08T11:00:00,3.531,,
2026-05-08T12:00:00,3.872,,
2026-05-08T13:00:00,4.006,,
2026-05-08T14:00:00,3.876,,
2026-05-08T15:00:00,3.398,,
2026-05-08T16:00:00,2.746,,
2026-05-08T17:00:00,2.248,,
2026-05-08T18:00:00,1.779,,
2026-05-08T19:00:00,0.98,,
2026-05-08T20:00:00,0.11,,
2026-05-08T21:00:00,0.0,,
2026-05-08T22:00:00,0.0,,
2026-05-08T23:00:00,0.0,,
2026-05-09T00:00:00,0.0,,
2026-05-09T01:00:00,0.0,,
2026-05-09T02:00:00,0.0,,
2026-05-09T03:00:00,0.0,,
2026-05-09T04:00:00,0.0,,
2026-05-09T05:00:00,0.0,,
2026-05-09T06:00:00,0.033,,
2026-05-09T07:00:00,0.456,,
2026-05-09T08:00:00,1.486,,
2026-05-09T09:00:00,2.291,,
2026-05-09T10:00:00,2.93,,
2026-05-09T11:00:00,3.518,,
2026-05-09T12:00:00,3.859,,
2026-05-09T13:00:00,4.07,,
2026-05-09T14:00:00,3.849,,
2026-05-09T15:00:00,3.378,,
2026-05-09T16:00:00,2.733,,
2026-05-09T17:00:00,2.27,,
2026-05-09T18:00:00,1.781,,
2026-05-09T19:00:00,0.986,,
2026-05-09T20:00:00,0.122,,
2026-05-09T21:00:00,0.0,,
2026-05-09T22:00:00,0.0,,
2026-05-09T23:00:00,0.0,,
2026-05-10T00:00:00,0.0,,
2026-05-10T01:00:00,0.0,,
2026-05-10T02:00:00,0.0,,
2026-05-10T03:00:00,0.0,,
2026-05-10T04:00:00,0.0,,
2026-05-10T05:00:00,0.0,,
2026-05-10T06:00:00,0.047,,
2026-05-10T07:00:00,0.47,,
2026-05-10T08:00:00,1.521,,
2026-05-10T09:00:00,2.283,,
2026-05-10T10:00:00,2.919,,
2026-05-10T11:00:00,3.517,,
2026-05-10T12:00:00,3.89,,
2026-05-10T13:00:00,4.048,,
2026-05-10T14:00:00,3.864,,
2026-05-10T15:00:00,3.383,,
2026-05-10T16:00:00,2.783,,
2026-05-10T17:00:00,2.285,,
2026-05-10T18:00:00,1.809,,
2026-05-10T19:00:00,1.01,,
2026-05-10T20:00:00,0.134,,
2026-05-10T21:00:00,0.0,,
2026-05-10T22:00:00,0.0,,
2026-05-10T23:00:00,0.0,,
2026-05-11T00:00:00,0.0,,
2026-05-11T01:00:00,0.0,,
2026-05-11T02:00:00,0.0,,
2026-05-11T03:00:00,0.0,,
2026-05-11T04:00:00,0.0,,
2026-05-11T05:00:00,0.0,,
2026-05-11T06:00:00,0.045,,
2026-05-11T07:00:00,0.465,,
2026-05-11T08:00:00,1.514,,
2026-05-11T09:00:00,2.295,,
2026-05-11T10:00:00,2.946,,
2026-05-11T11:00:00,3.536,,
2026-05-11T12:00:00,3.877,,
2026-05-11T13:00:00,4.041,,
2026-05-11T14:00:00,3.907,,
2026-05-11T15:00:00,3.389,,
2026-05-11T16:00:00,2.778,,
2026-05-11T17:00:00,2.307,,
2026-05-11T18:00:00,1.811,,
2026-05-11T19:00:00,1.053,,
2026-05-11T20:00:00,0.147,,
2026-05-11T21:00:00,0.0,,
2026-05-11T22:00:00,0.0,,
2026-05-11T23:00:00,0.0,,
2026-05-12T00:00:00,0.0,,
2026-05-12T01:00:00,0.0,,
2026-05-12T02:00:00,0.0,,
2026-05-12T03:00:00,0.0,,
2026-05-12T04:00:00,0.0,,
2026-05-12T05:00:00,0.0,,
2026-05-12T06:00:00,0.05,,
2026-05-12T07:00:00,0.479,,
2026-05-12T08:00:00,1.543,,
2026-05-12T09:00:00,2.289,,
2026-05-12T10:00:00,2.952,,
2026-05-12T11:00:00,3.535,,
2026-05-12T12:00:00,3.881,,
2026-05-12T13:00:00,4.033,,
2026-05-12T14:00:00,3.926,,
2026-05-12T15:00:00,3.399,,
2026-05-12T16:00:00,2.763,,
2026-05-12T17:00:00,2.309,,
2026-05-12T18:00:00,1.835,,
2026-05-12T19:00:00,1.057,,
2026-05-12T20:00:00,0.151,,
2026-05-12T21:00:00,0.0,,
2026-05-12T22:00:00,0.0,,
2026-05-12T23:00:00,0.0,,
2026-05-13T00:00:00,0.0,,
2026-05-13T01:00:00,0.0,,
2026-05-13T02:00:00,0.0,,
2026-05-13T03:00:00,0.0,,
2026-05-13T04:00:00,0.0,,
2026-05-13T05:00:00,0.0,,
2026-05-13T06:00:00,0.054,,
2026-05-13T07:00:00,0.484,,
2026-05-13T08:00:00,1.534,,
2026-05-13T09:00:00,2.282,,
2026-05-13T10:00:00,2.971,,
2026-05-13T11:00:00,3.523,,
2026-05-13T12:00:00,3.869,,
2026-05-13T13:00:00,4.038,,
2026-05-13T14:00:00,3.895,,
2026-05-13T15:00:00,3.38,,
2026-05-13T16:00:00,2.751,,
2026-05-13T17:00:00,2.325,,
2026-05-13T18:00:00,1.836,,
2026-05-13T19:00:00,1.136,,
2026-05-13T20:00:00,0.156,,
2026-05-13T21:00:00,0.0,,
2026-05-13T22:00:00,0.0,,
2026-05-13T23:00:00,0.0,,
2026-05-14T00:00:00,0.0,,
2026-05-14T01:00:00,0.0,,
2026-05-14T02:00:00,0.0,,
2026-05-14T03:00:00,0.0,,
2026-05-14T04:00:00,0.0,,
2026-05-14T05:00:00,0.0,,
2026-05-14T06:00:00,0.051,,
2026-05-14T07:00:00,0.474,,
2026-05-14T08:00:00,1.576,,
2026-05-14T09:00:00,2.309,,
2026-05-14T10:00:00,2.961,,
2026-05-14T11:00:00,3.526,,
2026-05-14T12:00:00,3.89,,
2026-05-14T13:00:00,4.017,,
2026-05-14T14:00:00,3.878,,
2026-05-14T15:00:00,3.385,,
2026-05-14T16:00:00,2.737,,
2026-05-14T17:00:00,2.345,,
2026-05-14T18:00:00,1.838,,
2026-05-14T19:00:00,1.142,,
2026-05-14T20:00:00,0.197,,
2026-05-14T21:00:00,0.0,,
2026-05-14T22:00:00,0.0,,
2026-05-14T23:00:00,0.0,,
2026-05-15T00:00:00,0.0,,
2026-05-15T01:00:00,0.0,,
2026-05-15T02:00:00,0.0,,
2026-05-15T03:00:00,0.0,,
2026-05-15T04:00:00,0.0,,
2026-05-15T05:00:00,0.0,,
2026-05-15T06:00:00,0.048,,
2026-05-15T07:00:00,0.489,,
2026-05-15T08:00:00,1.6,,
2026-05-15T09:00:00,2.303,,
2026-05-15T10:00:00,2.951,,
2026-05-15T11:00:00,3.514,,
2026-05-15T12:00:00,3.878,,
2026-05-15T13:00:00,4.012,,
2026-05-15T14:00:00,3.894,,
2026-05-15T15:00:00,3.367,,
2026-05-15T16:00:00,2.785,,
2026-05-15T17:00:00,2.36,,
2026-05-15T18:00:00,1.848,,
2026-05-15T19:00:00,1.17,,
2026-05-15T20:00:00,0.211,,
2026-05-15T21:00:00,0.0,,
2026-05-15T22:00:00,0.0,,
2026-05-15T23:00:00,0.0,,
2026-05-16T00:00:00,0.0,,
2026-05-16T01:00:00,0.0,,
2026-05-16T02:00:00,0.0,,
2026-05-16T03:00:00,0.0,,
2026-05-16T04:00:00,0.0,,
2026-05-16T05:00:00,0.0,,
2026-05-16T06:00:00,0.046,,
2026-05-16T07:00:00,0.485,,
2026-05-16T08:00:00,1.592,,
2026-05-16T09:00:00,2.313,,
2026-05-16T10:00:00,2.983,,
2026-05-16T11:00:00,3.542,,
2026-05-16T12:00:00,3.882,,
2026-05-16T13:00:00,4.002,,
2026-05-16T14:00:00,3.909,,
2026-05-16T15:00:00,3.372,,
2026-05-16T16:00:00,2.778,,
2026-05-16T17:00:00,2.359,,
2026-05-16T18:00:00,1.851,,
2026-05-16T19:00:00,1.176,,
2026-05-16T20:00:00,0.226,,
2026-05-16T21:00:00,0.0,,
2026-05-16T22:00:00,0.0,,
2026-05-16T23:00:00,0.0,,
2026-05-17T00:00:00,0.0,,
2026-05-17T01:00:00,0.0,,
2026-05-17T02:00:00,0.0,,
2026-05-17T03:00:00,0.0,,
2026-05-17T04:00:00,0.0,,
2026-05-17T05:00:00,0.0,,
2026-05-17T06:00:00,0.049,,
2026-05-17T07:00:00,0.484,,
2026-05-17T08:00:00,1.606,,
2026-05-17T09:00:00,2.309,,
2026-05-17T10:00:00,2.983,,
2026-05-17T11:00:00,3.542,,
2026-05-17T12:00:00,3.871,,
2026-05-17T13:00:00,4.002,,
2026-05-17T14:00:00,3.882,,
2026-05-17T15:00:00,3.407,,
2026-05-17T16:00:00,2.764,,
2026-05-17T17:00:00,2.353,,
2026-05-17T18:00:00,1.878,,
2026-05-17T19:00:00,1.2,,
2026-05-17T20:00:00,0.24,,
2026-05-17T21:00:00,0.0,,
2026-05-17T22:00:00,0.0,,
2026-05-17T23:00:00,0.0,,
2026-05-18T00:00:00,0.0,,
2026-05-18T01:00:00,0.0,,
2026-05-18T02:00:00,0.0,,
2026-05-18T03:00:00,0.0,,
2026-05-18T04:00:00,0.0,,
2026-05-18T05:00:00,0.0,,
2026-05-18T06:00:00,0.051,,
2026-05-18T07:00:00,0.474,,
2026-05-18T08:00:00,1.6,,
2026-05-18T09:00:00,2.303,,
2026-05-18T10:00:00,2.99,,
2026-05-18T11:00:00,3.531,,
2026-05-18T12:00:00,3.884,,
2026-05-18T13:00:00,3.984,,
2026-05-18T14:00:00,3.868,,
2026-05-18T15:00:00,3.387,,
2026-05-18T16:00:00,2.753,,
2026-05-18T17:00:00,2.359,,
2026-05-18T18:00:00,1.88,,
2026-05-18T19:00:00,1.257,,
2026-05-18T20:00:00,0.246,,
2026-05-18T21:00:00,0.0,,
2026-05-18T22:00:00,0.0,,
2026-05-18T23:00:00,0.0,,
2026-05-19T00:00:00,0.0,,
2026-05-19T01:00:00,0.0,,
2026-05-19T02:00:00,0.0,,
2026-05-19T03:00:00,0.0,,
2026-05-19T04:00:00,0.0,,
2026-05-19T05:00:00,0.0,,
2026-05-19T06:00:00,0.048,,
2026-05-19T07:00:00,0.486,,
2026-05-19T08:00:00,1.649,,
2026-05-19T09:00:00,2.306,,
2026-05-19T10:00:00,2.98,,
2026-05-19T11:00:00,3.54,,
2026-05-19T12:00:00,3.881,,
2026-05-19T13:00:00,3.974,,
2026-05-19T14:00:00,3.843,,
2026-05-19T15:00:00,3.377,,
2026-05-19T16:00:00,2.74,,
2026-05-19T17:00:00,2.359,,
2026-05-19T18:00:00,1.895,,
2026-05-19T19:00:00,1.275,,
2026-05-19T20:00:00,0.25,,
2026-05-19T21:00:00,0.0,,
2026-05-19T22:00:00,0.0,,
2026-05-19T23:00:00,0.0,,
2026-05-20T00:00:00,0.0,,
2026-05-20T01:00:00,0.0,,
2026-05-20T02:00:00,0.0,,
2026-05-20T03:00:00,0.0,,
2026-05-20T04:00:00,0.0,,
2026-05-20T05:00:00,0.0,,
2026-05-20T06:00:00,0.045,,
2026-05-20T07:00:00,0.509,,
2026-05-20T08:00:00,1.642,,
2026-05-20T09:00:00,2.328,,
2026-05-20T10:00:00,2.97,,
2026-05-20T11:00:00,3.529,,
2026-05-20T12:00:00,3.87,,
2026-05-20T13:00:00,3.958,,
2026-05-20T14:00:00,3.872,,
2026-05-20T15:00:00,3.36,,
2026-05-20T16:00:00,2.793,,
2026-05-20T17:00:00,2.358,,
2026-05-20T18:00:00,1.897,,
2026-05-20T19:00:00,1.279,,
2026-05-20T20:00:00,0.29,,
2026-05-20T21:00:00,0.0,,
2026-05-20T22:00:00,0.0,,
2026-05-20T23:00:00,0.0,,
2026-05-21T00:00:00,0.0,,
2026-05-21T01:00:00,0.0,,
2026-05-21T02:00:00,0.0,,
2026-05-21T03:00:00,0.0,,
2026-05-21T04:00:00,0.0,,
2026-05-21T05:00:00,0.0,,
2026-05-21T06:00:00,0.051,,
2026-05-21T07:00:00,0.5,,
2026-05-21T08:00:00,1.701,,
2026-05-21T09:00:00,2.322,,
2026-05-21T10:00:00,2.979,,
2026-05-21T11:00:00,3.533,,
2026-05-21T12:00:00,3.87,,
2026-05-21T13:00:00,3.976,,
2026-05-21T14:00:00,3.867,,
2026-05-21T15:00:00,3.361,,
2026-05-21T16:00:00,2.795,,
2026-05-21T17:00:00,2.381,,
2026-05-21T18:00:00,1.919,,
2026-05-21T19:00:00,1.304,,
2026-05-21T20:00:00,0.305,,
2026-05-21T21:00:00,0.0,,
2026-05-21T22:00:00,0.0,,
2026-05-21T23:00:00,0.0,,
2026-05-22T00:00:00,0.0,,
2026-05-22T01:00:00,0.0,,
2026-05-22T02:00:00,0.0,,
2026-05-22T03:00:00,0.0,,
2026-05-22T04:00:00,0.0,,
2026-05-22T05:00:00,0.0,,
2026-05-22T06:00:00,0.048,,
2026-05-22T07:00:00,0.513,,
2026-05-22T08:00:00,1.723,,
2026-05-22T09:00:00,2.334,,
2026-05-22T10:00:00,2.993,,
2026-05-22T11:00:00,3.536,,
2026-05-22T12:00:00,3.86,,
2026-05-22T13:00:00,3.976,,
2026-05-22T14:00:00,0.976,,
2026-05-22T14:15:00,0.973,,
2026-05-22T14:30:00,0.955,,
2026-05-22T14:45:00,0.939,,
2026-05-22T15:00:00,0.901,,
2026-05-22T15:15:00,0.85,,
2026-05-22T15:30:00,0.843,,
2026-05-22T15:45:00,0.798,,
2026-05-22T16:00:00,0.758,,
2026-05-22T16:15:00,0.716,,
2026-05-22T16:30:00,0.678,,
2026-05-22T16:45:00,0.633,,
2026-05-22T17:00:00,0.617,,
2026-05-22T17:15:00,0.611,,
2026-05-22T17:30:00,0.587,,
2026-05-22T17:45:00,0.565,,
2026-05-22T18:00:00,0.513,,
2026-05-22T18:15:00,0.496,,
2026-05-22T18:30:00,0.487,,
2026-05-22T18:45:00,0.424,,
2026-05-22T19:00:00,0.393,,
2026-05-22T19:15:00,0.366,,
2026-05-22T19:30:00,0.303,,
2026-05-22T19:45:00,0.247,,
2026-05-22T20:00:00,0.138,,
2026-05-22T20:15:00,0.085,,
2026-05-22T20:30:00,0.064,,
2026-05-22T20:45:00,0.032,,
2026-05-22T21:00:00,0.0,,
2026-05-22T21:15:00,0.0,,
2026-05-22T21:30:00,0.0,,
2026-05-22T21:45:00,0.0,,
2026-05-22T22:00:00,0.0,,
2026-05-22T22:15:00,0.0,,
2026-05-22T22:30:00,0.0,,
2026-05-22T22:45:00,0.0,,
2026-05-22T23:00:00,0.0,,
2026-05-22T23:15:00,0.0,,
2026-05-22T23:30:00,0.0,,
2026-05-22T23:45:00,0.0,,
2026-05-23T00:00:00,0.0,,
2026-05-23T00:15:00,0.0,,
2026-05-23T00:30:00,0.0,,
2026-05-23T00:45:00,0.0,,
2026-05-23T01:00:00,0.0,,
2026-05-23T01:15:00,0.0,,
2026-05-23T01:30:00,0.0,,
2026-05-23T01:45:00,0.0,,
2026-05-23T02:00:00,0.0,,
2026-05-23T02:15:00,0.0,,
2026-05-23T02:30:00,0.0,,
2026-05-23T02:45:00,0.0,,
2026-05-23T03:00:00,0.0,,
2026-05-23T03:15:00,0.0,,
2026-05-23T03:30:00,0.0,,
2026-05-23T03:45:00,0.0,,
2026-05-23T04:00:00,0.0,,
2026-05-23T04:15:00,0.0,,
2026-05-23T04:30:00,0.0,,
2026-05-23T04:45:00,0.0,,
2026-05-23T05:00:00,0.0,,
2026-05-23T05:15:00,0.0,,
2026-05-23T05:30:00,0.0,,
2026-05-23T05:45:00,0.0,,
2026-05-23T06:00:00,0.0,,
2026-05-23T06:15:00,0.007,,
2026-05-23T06:30:00,0.015,,
2026-05-23T06:45:00,0.026,,
2026-05-23T07:00:00,0.052,,
2026-05-23T07:15:00,0.111,,
2026-05-23T07:30:00,0.153,,
2026-05-23T07:45:00,0.189,,
2026-05-23T08:00:00,0.306,,
2026-05-23T08:15:00,0.417,,
2026-05-23T08:30:00,0.473,,
2026-05-23T08:45:00,0.521,,
2026-05-23T09:00:00,0.541,,
2026-05-23T09:15:00,0.54,,
2026-05-23T09:30:00,0.594,,
2026-05-23T09:45:00,0.653,,
2026-05-23T10:00:00,0.7,,
2026-05-23T10:15:00,0.723,,
2026-05-23T10:30:00,0.763,,
2026-05-23T10:45:00,0.809,,
2026-05-23T11:00:00,0.844,,
2026-05-23T11:15:00,0.874,,
2026-05-23T11:30:00,0.902,,
2026-05-23T11:45:00,0.922,,
2026-05-23T12:00:00,0.949,,
2026-05-23T12:15:00,0.956,,
2026-05-23T12:30:00,0.979,,
2026-05-23T12:45:00,0.985,,
2026-05-23T13:00:00,0.982,,
2026-05-23T13:15:00,0.995,,
2026-05-23T13:30:00,0.993,,
2026-05-23T13:45:00,0.991,,
2026-05-23T14:00:00,0.989,,
2026-05-23T14:15:00,0.968,,
2026-05-23T14:30:00,0.949,,
2026-05-23T14:45:00,0.933,,
2026-05-23T15:00:00,0.895,,
2026-05-23T15:15:00,0.846,,
2026-05-23T15:30:00,0.839,,
2026-05-23T15:45:00,0.794,,
2026-05-23T16:00:00,0.755,,
2026-05-23T16:15:00,0.713,,
2026-05-23T16:30:00,0.675,,
2026-05-23T16:45:00,0.63,,
2026-05-23T17:00:00,0.614,,
2026-05-23T17:15:00,0.611,,
2026-05-23T17:30:00,0.587,,
2026-05-23T17:45:00,0.565,,
2026-05-23T18:00:00,0.527,,
2026-05-23T18:15:00,0.496,,
2026-05-23T18:30:00,0.487,,
2026-05-23T18:45:00,0.456,,
2026-05-23T19:00:00,0.393,,
2026-05-23T19:15:00,0.367,,
2026-05-23T19:30:00,0.322,,
2026-05-23T19:45:00,0.248,,
2026-05-23T20:00:00,0.14,,
2026-05-23T20:15:00,0.087,,
2026-05-23T20:30:00,0.065,,
2026-05-23T20:45:00,0.043,,
2026-05-23T21:00:00,0.0,,
2026-05-23T21:15:00,0.0,,
2026-05-23T21:30:00,0.0,,
2026-05-23T21:45:00,0.0,,
2026-05-23T22:00:00,0.0,,
2026-05-23T22:15:00,0.0,,
2026-05-23T22:30:00,0.0,,
2026-05-23T22:45:00,0.0,,
2026-05-23T23:00:00,0.0,,
2026-05-23T23:15:00,0.0,,
2026-05-23T23:30:00,0.0,,
2026-05-23T23:45:00,0.0,,
2026-05-24T00:00:00,0.0,,
2026-05-24T00:15:00,0.0,,
2026-05-24T00:30:00,0.0,,
2026-05-24T00:45:00,0.0,,
2026-05-24T01:00:00,0.0,,
2026-05-24T01:15:00,0.0,,
2026-05-24T01:30:00,0.0,,
2026-05-24T01:45:00,0.0,,
2026-05-24T02:00:00,0.0,,
2026-05-24T02:15:00,0.0,,
2026-05-24T02:30:00,0.0,,
2026-05-24T02:45:00,0.0,,
2026-05-24T03:00:00,0.0,,
2026-05-24T03:15:00,0.0,,
2026-05-24T03:30:00,0.0,,
2026-05-24T03:45:00,0.0,,
2026-05-24T04:00:00,0.0,,
2026-05-24T04:15:00,0.0,,
2026-05-24T04:30:00,0.0,,
2026-05-24T04:45:00,0.0,,
2026-05-24T05:00:00,0.0,,
2026-05-24T05:15:00,0.0,,
2026-05-24T05:30:00,0.0,,
2026-05-24T05:45:00,0.0,,
2026-05-24T06:00:00,0.0,,
2026-05-24T06:15:00,0.007,,
2026-05-24T06:30:00,0.017,,
2026-05-24T06:45:00,0.024,,
2026-05-24T07:00:00,0.05,,
2026-05-24T07:15:00,0.108,,
2026-05-24T07:30:00,0.15,,
2026-05-24T07:45:00,0.211,,
2026-05-24T08:00:00,0.305,,
2026-05-24T08:15:00,0.415,,
2026-05-24T08:30:00,0.49,,
2026-05-24T08:45:00,0.52,,
2026-05-24T09:00:00,0.54,,
2026-05-24T09:15:00,0.558,,
2026-05-24T09:30:00,0.592,,
2026-05-24T09:45:00,0.652,,
2026-05-24T10:00:00,0.699,,
2026-05-24T10:15:00,0.72,,
2026-05-24T10:30:00,0.76,,
2026-05-24T10:45:00,0.806,,
2026-05-24T11:00:00,0.842,,
2026-05-24T11:15:00,0.872,,
2026-05-24T11:30:00,0.9,,
2026-05-24T11:45:00,0.935,,
2026-05-24T12:00:00,0.947,,
2026-05-24T12:15:00,0.964,,
2026-05-24T12:30:00,0.976,,
2026-05-24T12:45:00,0.982,,
2026-05-24T13:00:00,0.993,,
2026-05-24T13:15:00,0.991,,
2026-05-24T13:30:00,0.989,,
2026-05-24T13:45:00,0.987,,
2026-05-24T14:00:00,0.985,,
2026-05-24T14:15:00,0.963,,
2026-05-24T14:30:00,0.944,,
2026-05-24T14:45:00,0.926,,
2026-05-24T15:00:00,0.89,,
2026-05-24T15:15:00,0.868,,
2026-05-24T15:30:00,0.835,,
2026-05-24T15:45:00,0.79,,
2026-05-24T16:00:00,0.751,,
2026-05-24T16:15:00,0.711,,
2026-05-24T16:30:00,0.672,,
2026-05-24T16:45:00,0.627,,
2026-05-24T17:00:00,0.612,,
2026-05-24T17:15:00,0.626,,
2026-05-24T17:30:00,0.587,,
2026-05-24T17:45:00,0.565,,
2026-05-24T18:00:00,0.528,,
2026-05-24T18:15:00,0.497,,
2026-05-24T18:30:00,0.487,,
2026-05-24T18:45:00,0.456,,
2026-05-24T19:00:00,0.393,,
2026-05-24T19:15:00,0.368,,
2026-05-24T19:30:00,0.323,,
2026-05-24T19:45:00,0.286,,
2026-05-24T20:00:00,0.141,,
2026-05-24T20:15:00,0.088,,
2026-05-24T20:30:00,0.066,,
2026-05-24T20:45:00,0.044,,
2026-05-24T21:00:00,0.0,,
2026-05-24T21:15:00,0.0,,
2026-05-24T21:30:00,0.0,,
2026-05-24T21:45:00,0.0,,
2026-05-24T22:00:00,0.0,,
2026-05-24T22:15:00,0.0,,
2026-05-24T22:30:00,0.0,,
2026-05-24T22:45:00,0.0,,
2026-05-24T23:00:00,0.0,,
2026-05-24T23:15:00,0.0,,
2026-05-24T23:30:00,0.0,,
2026-05-24T23:45:00,0.0,,
2026-05-25T00:00:00,0.0,,
2026-05-25T00:15:00,0.0,,
2026-05-25T00:30:00,0.0,,
2026-05-25T00:45:00,0.0,,
2026-05-25T01:00:00,0.0,,
2026-05-25T01:15:00,0.0,,
2026-05-25T01:30:00,0.0,,
2026-05-25T01:45:00,0.0,,
2026-05-25T02:00:00,0.0,,
2026-05-25T02:15:00,0.0,,
2026-05-25T02:30:00,0.0,,
2026-05-25T02:45:00,0.0,,
2026-05-25T03:00:00,0.0,,
2026-05-25T03:15:00,0.0,,
2026-05-25T03:30:00,0.0,,
2026-05-25T03:45:00,0.0,,
2026-05-25T04:00:00,0.0,,
2026-05-25T04:15:00,0.0,,
2026-05-25T04:30:00,0.0,,
2026-05-25T04:45:00,0.0,,
2026-05-25T05:00:00,0.0,,
2026-05-25T05:15:00,0.0,,
2026-05-25T05:30:00,0.0,,
2026-05-25T05:45:00,0.0,,
2026-05-25T06:00:00,0.0,,
2026-05-25T06:15:00,0.009,,
2026-05-25T06:30:00,0.016,,
2026-05-25T06:45:00,0.022,,
2026-05-25T07:00:00,0.047,,
2026-05-25T07:15:00,0.106,,
2026-05-25T07:30:00,0.148,,
2026-05-25T07:45:00,0.209,,
2026-05-25T08:00:00,0.303,,
2026-05-25T08:15:00,0.414,,
2026-05-25T08:30:00,0.489,,
2026-05-25T08:45:00,0.519,,
2026-05-25T09:00:00,0.539,,
2026-05-25T09:15:00,0.556,,
2026-05-25T09:30:00,0.591,,
2026-05-25T09:45:00,0.651,,
2026-05-25T10:00:00,0.704,,
2026-05-25T10:15:00,0.718,,
2026-05-25T10:30:00,0.758,,
2026-05-25T10:45:00,0.804,,
2026-05-25T11:00:00,0.839,,
2026-05-25T11:15:00,0.869,,
2026-05-25T11:30:00,0.897,,
2026-05-25T11:45:00,0.933,,
2026-05-25T12:00:00,0.944,,
2026-05-25T12:15:00,0.961,,
2026-05-25T12:30:00,0.973,,
2026-05-25T12:45:00,0.98,,
2026-05-25T13:00:00,0.99,,
2026-05-25T13:15:00,0.988,,
2026-05-25T13:30:00,0.986,,
2026-05-25T13:45:00,0.984,,
2026-05-25T14:00:00,0.982,,
2026-05-25T14:15:00,0.958,,
2026-05-25T14:30:00,0.958,,
2026-05-25T14:45:00,0.938,,
2026-05-25T15:00:00,0.884,,
2026-05-25T15:15:00,0.864,,
2026-05-25T15:30:00,0.832,,
2026-05-25T15:45:00,0.787,,
2026-05-25T16:00:00,0.748,,
2026-05-25T16:15:00,0.708,,
2026-05-25T16:30:00,0.67,,
2026-05-25T16:45:00,0.624,,
2026-05-25T17:00:00,0.61,,
2026-05-25T17:15:00,0.625,,
2026-05-25T17:30:00,0.605,,
2026-05-25T17:45:00,0.566,,
2026-05-25T18:00:00,0.528,,
2026-05-25T18:15:00,0.505,,
2026-05-25T18:30:00,0.488,,
2026-05-25T18:45:00,0.457,,
2026-05-25T19:00:00,0.409,,
2026-05-25T19:15:00,0.369,,
2026-05-25T19:30:00,0.324,,
2026-05-25T19:45:00,0.287,,
2026-05-25T20:00:00,0.142,,
2026-05-25T20:15:00,0.09,,
2026-05-25T20:30:00,0.067,,
2026-05-25T20:45:00,0.045,,
2026-05-25T21:00:00,0.0,,
2026-05-25T21:15:00,0.0,,
2026-05-25T21:30:00,0.0,,
2026-05-25T21:45:00,0.0,,
2026-05-25T22:00:00,0.0,,
2026-05-25T22:15:00,0.0,,
2026-05-25T22:30:00,0.0,,
2026-05-25T22:45:00,0.0,,
2026-05-25T23:00:00,0.0,,
2026-05-25T23:15:00,0.0,,
2026-05-25T23:30:00,0.0,,
2026-05-25T23:45:00,0.0,,
2026-05-26T00:00:00,0.0,,
2026-05-26T00:15:00,0.0,,
2026-05-26T00:30:00,0.0,,
2026-05-26T00:45:00,0.0,,
2026-05-26T01:00:00,0.0,,
2026-05-26T01:15:00,0.0,,
2026-05-26T01:30:00,0.0,,
2026-05-26T01:45:00,0.0,,
2026-05-26T02:00:00,0.0,,
2026-05-26T02:15:00,0.0,,
2026-05-26T02:30:00,0.0,,
2026-05-26T02:45:00,0.0,,
2026-05-26T03:00:00,0.0,,
2026-05-26T03:15:00,0.0,,
2026-05-26T03:30:00,0.0,,
2026-05-26T03:45:00,0.0,,
2026-05-26T04:00:00,0.0,,
2026-05-26T04:15:00,0.0,,
2026-05-26T04:30:00,0.0,,
2026-05-26T04:45:00,0.0,,
2026-05-26T05:00:00,0.0,,
2026-05-26T05:15:00,0.0,,
2026-05-26T05:30:00,0.0,,
2026-05-26T05:45:00,0.0,,
2026-05-26T06:00:00,0.0,,
2026-05-26T06:15:00,0.009,,
2026-05-26T06:30:00,0.015,,
2026-05-26T06:45:00,0.02,,
2026-05-26T07:00:00,0.045,,
2026-05-26T07:15:00,0.104,,
2026-05-26T07:30:00,0.174,,
2026-05-26T07:45:00,0.207,,
2026-05-26T08:00:00,0.302,,
2026-05-26T08:15:00,0.413,,
2026-05-26T08:30:00,0.488,,
2026-05-26T08:45:00,0.518,,
2026-05-26T09:00:00,0.538,,
2026-05-26T09:15:00,0.555,,
2026-05-26T09:30:00,0.589,,
2026-05-26T09:45:00,0.65,,
2026-05-26T10:00:00,0.702,,
2026-05-26T10:15:00,0.715,,
2026-05-26T10:30:00,0.755,,
2026-05-26T10:45:00,0.802,,
2026-05-26T11:00:00,0.837,,
2026-05-26T11:15:00,0.867,,
2026-05-26T11:30:00,0.895,,
2026-05-26T11:45:00,0.931,,
2026-05-26T12:00:00,0.942,,
2026-05-26T12:15:00,0.959,,
2026-05-26T12:30:00,0.97,,
2026-05-26T12:45:00,0.977,,
2026-05-26T13:00:00,0.987,,
2026-05-26T13:15:00,0.985,,
2026-05-26T13:30:00,0.989,,
2026-05-26T13:45:00,0.988,,
2026-05-26T14:00:00,0.978,,
2026-05-26T14:15:00,0.976,,
2026-05-26T14:30:00,0.953,,
2026-05-26T14:45:00,0.933,,
2026-05-26T15:00:00,0.879,,
2026-05-26T15:15:00,0.86,,
2026-05-26T15:30:00,0.828,,
2026-05-26T15:45:00,0.802,,
2026-05-26T16:00:00,0.765,,
2026-05-26T16:15:00,0.725,,
2026-05-26T16:30:00,0.688,,
2026-05-26T16:45:00,0.622,,
2026-05-26T17:00:00,0.609,,
2026-05-26T17:15:00,0.625,,
2026-05-26T17:30:00,0.605,,
2026-05-26T17:45:00,0.566,,
2026-05-26T18:00:00,0.528,,
2026-05-26T18:15:00,0.505,,
2026-05-26T18:30:00,0.488,,
2026-05-26T18:45:00,0.457,,
2026-05-26T19:00:00,0.41,,
2026-05-26T19:15:00,0.37,,
2026-05-26T19:30:00,0.325,,
2026-05-26T19:45:00,0.288,,
2026-05-26T20:00:00,0.204,,
2026-05-26T20:15:00,0.091,,
2026-05-26T20:30:00,0.068,,
2026-05-26T20:45:00,0.046,,
2026-05-26T21:00:00,0.023,,
2026-05-26T21:15:00,0.0,,
2026-05-26T21:30:00,0.0,,
2026-05-26T21:45:00,0.0,,
2026-05-26T22:00:00,0.0,,
2026-05-26T22:15:00,0.0,,
2026-05-26T22:30:00,0.0,,
2026-05-26T22:45:00,0.0,,
2026-05-26T23:00:00,0.0,,
2026-05-26T23:15:00,0.0,,
2026-05-26T23:30:00,0.0,,
2026-05-26T23:45:00,0.0,,
2026-05-27T00:00:00,0.0,,
2026-05-27T00:15:00,0.0,,
2026-05-27T00:30:00,0.0,,
2026-05-27T00:45:00,0.0,,
2026-05-27T01:00:00,0.0,,
2026-05-27T01:15:00,0.0,,
2026-05-27T01:30:00,0.0,,
2026-05-27T01:45:00,0.0,,
2026-05-27T02:00:00,0.0,,
2026-05-27T02:15:00,0.0,,
2026-05-27T02:30:00,0.0,,
2026-05-27T02:45:00,0.0,,
2026-05-27T03:00:00,0.0,,
2026-05-27T03:15:00,0.0,,
2026-05-27T03:30:00,0.0,,
2026-05-27T03:45:00,0.0,,
2026-05-27T04:00:00,0.0,,
2026-05-27T04:15:00,0.0,,
2026-05-27T04:30:00,0.0,,
2026-05-27T04:45:00,0.0,,
2026-05-27T05:00:00,0.0,,
2026-05-27T05:15:00,0.0,,
2026-05-27T05:30:00,0.0,,
2026-05-27T05:45:00,0.0,,
2026-05-27T06:00:00,0.0,,
2026-05-27T06:15:00,0.008,,
2026-05-27T06:30:00,0.013,,
2026-05-27T06:45:00,0.019,,
2026-05-27T07:00:00,0.043,,
2026-05-27T07:15:00,0.101,,
2026-05-27T07:30:00,0.173,,
2026-05-27T07:45:00,0.205,,
2026-05-27T08:00:00,0.3,,
2026-05-27T08:15:00,0.45,,
2026-05-27T08:30:00,0.487,,
2026-05-27T08:45:00,0.517,,
2026-05-27T09:00:00,0.536,,
2026-05-27T09:15:00,0.553,,
2026-05-27T09:30:00,0.588,,
2026-05-27T09:45:00,0.682,,
2026-05-27T10:00:00,0.7,,
2026-05-27T10:15:00,0.713,,
2026-05-27T10:30:00,0.753,,
2026-05-27T10:45:00,0.8,,
2026-05-27T11:00:00,0.835,,
2026-05-27T11:15:00,0.865,,
2026-05-27T11:30:00,0.893,,
2026-05-27T11:45:00,0.929,,
2026-05-27T12:00:00,0.946,,
2026-05-27T12:15:00,0.957,,
2026-05-27T12:30:00,0.968,,
2026-05-27T12:45:00,0.975,,
2026-05-27T13:00:00,0.984,,
2026-05-27T13:15:00,0.987,,
2026-05-27T13:30:00,0.986,,
2026-05-27T13:45:00,0.984,,
2026-05-27T14:00:00,0.974,,
2026-05-27T14:15:00,0.972,,
2026-05-27T14:30:00,0.949,,
2026-05-27T14:45:00,0.928,,
2026-05-27T15:00:00,0.909,,
2026-05-27T15:15:00,0.855,,
2026-05-27T15:30:00,0.825,,
2026-05-27T15:45:00,0.799,,
2026-05-27T16:00:00,0.762,,
2026-05-27T16:15:00,0.722,,
2026-05-27T16:30:00,0.686,,
2026-05-27T16:45:00,0.639,,
2026-05-27T17:00:00,0.607,,
2026-05-27T17:15:00,0.624,,
2026-05-27T17:30:00,0.605,,
2026-05-27T17:45:00,0.586,,
2026-05-27T18:00:00,0.528,,
2026-05-27T18:15:00,0.506,,
2026-05-27T18:30:00,0.484,,
2026-05-27T18:45:00,0.457,,
2026-05-27T19:00:00,0.41,,
2026-05-27T19:15:00,0.383,,
2026-05-27T19:30:00,0.326,,
2026-05-27T19:45:00,0.289,,
2026-05-27T20:00:00,0.205,,
2026-05-27T20:15:00,0.112,,
2026-05-27T20:30:00,0.069,,
2026-05-27T20:45:00,0.046,,
2026-05-27T21:00:00,0.023,,
2026-05-27T21:15:00,0.0,,
2026-05-27T21:30:00,0.0,,
2026-05-27T21:45:00,0.0,,
2026-05-27T22:00:00,0.0,,
2026-05-27T22:15:00,0.0,,
2026-05-27T22:30:00,0.0,,
2026-05-27T22:45:00,0.0,,
2026-05-27T23:00:00,0.0,,
2026-05-27T23:15:00,0.0,,
2026-05-27T23:30:00,0.0,,
2026-05-27T23:45:00,0.0,,
2026-05-28T00:00:00,0.0,,
2026-05-28T00:15:00,0.0,,
2026-05-28T00:30:00,0.0,,
2026-05-28T00:45:00,0.0,,
2026-05-28T01:00:00,0.0,,
2026-05-28T01:15:00,0.0,,
2026-05-28T01:30:00,0.0,,
2026-05-28T01:45:00,0.0,,
2026-05-28T02:00:00,0.0,,
2026-05-28T02:15:00,0.0,,
2026-05-28T02:30:00,0.0,,
2026-05-28T02:45:00,0.0,,
2026-05-28T03:00:00,0.0,,
2026-05-28T03:15:00,0.0,,
2026-05-28T03:30:00,0.0,,
2026-05-28T03:45:00,0.0,,
2026-05-28T04:00:00,0.0,,
2026-05-28T04:15:00,0.0,,
2026-05-28T04:30:00,0.0,,
2026-05-28T04:45:00,0.0,,
2026-05-28T05:00:00,0.0,,
2026-05-28T05:15:00,0.0,,
2026-05-28T05:30:00,0.0,,
2026-05-28T05:45:00,0.0,,
2026-05-28T06:00:00,0.0,,
2026-05-28T06:15:00,0.007,,
2026-05-28T06:30:00,0.012,,
2026-05-28T06:45:00,0.017,,
2026-05-28T07:00:00,0.041,,
2026-05-28T07:15:00,0.121,,
2026-05-28T07:30:00,0.171,,
2026-05-28T07:45:00,0.204,,
2026-05-28T08:00:00,0.299,,
2026-05-28T08:15:00,0.449,,
2026-05-28T08:30:00,0.486,,
2026-05-28T08:45:00,0.516,,
2026-05-28T09:00:00,0.535,,
2026-05-28T09:15:00,0.551,,
2026-05-28T09:30:00,0.587,,
2026-05-28T09:45:00,0.681,,
2026-05-28T10:00:00,0.699,,
2026-05-28T10:15:00,0.71,,
2026-05-28T10:30:00,0.751,,
2026-05-28T10:45:00,0.798,,
2026-05-28T11:00:00,0.85,,
2026-05-28T11:15:00,0.876,,
2026-05-28T11:30:00,0.891,,
2026-05-28T11:45:00,0.927,,
2026-05-28T12:00:00,0.944,,
2026-05-28T12:15:00,0.954,,
2026-05-28T12:30:00,0.965,,
2026-05-28T12:45:00,0.973,,
2026-05-28T13:00:00,0.981,,
2026-05-28T13:15:00,0.984,,
2026-05-28T13:30:00,0.982,,
2026-05-28T13:45:00,0.981,,
2026-05-28T14:00:00,0.979,,
2026-05-28T14:15:00,0.969,,
2026-05-28T14:30:00,0.944,,
2026-05-28T14:45:00,0.923,,
2026-05-28T15:00:00,0.904,,
2026-05-28T15:15:00,0.851,,
2026-05-28T15:30:00,0.827,,
2026-05-28T15:45:00,0.795,,
2026-05-28T16:00:00,0.759,,
2026-05-28T16:15:00,0.72,,
2026-05-28T16:30:00,0.683,,
2026-05-28T16:45:00,0.637,,
2026-05-28T17:00:00,0.605,,
2026-05-28T17:15:00,0.624,,
2026-05-28T17:30:00,0.605,,
2026-05-28T17:45:00,0.586,,
2026-05-28T18:00:00,0.528,,
2026-05-28T18:15:00,0.506,,
2026-05-28T18:30:00,0.484,,
2026-05-28T18:45:00,0.458,,
2026-05-28T19:00:00,0.41,,
2026-05-28T19:15:00,0.384,,
2026-05-28T19:30:00,0.327,,
2026-05-28T19:45:00,0.29,,
2026-05-28T20:00:00,0.206,,
2026-05-28T20:15:00,0.114,,
2026-05-28T20:30:00,0.082,,
2026-05-28T20:45:00,0.047,,
2026-05-28T21:00:00,0.023,,
2026-05-28T21:15:00,0.0,,
2026-05-28T21:30:00,0.0,,
2026-05-28T21:45:00,0.0,,
2026-05-28T22:00:00,0.0,,
2026-05-28T22:15:00,0.0,,
2026-05-28T22:30:00,0.0,,
2026-05-28T22:45:00,0.0,,
2026-05-28T23:00:00,0.0,,
2026-05-28T23:15:00,0.0,,
2026-05-28T23:30:00,0.0,,
2026-05-28T23:45:00,0.0,,
2026-05-29T00:00:00,0.0,,
2026-05-29T00:15:00,0.0,,
2026-05-29T00:30:00,0.0,,
2026-05-29T00:45:00,0.0,,
2026-05-29T01:00:00,0.0,,
2026-05-29T01:15:00,0.0,,
2026-05-29T01:30:00,0.0,,
2026-05-29T01:45:00,0.0,,
2026-05-29T02:00:00,0.0,,
2026-05-29T02:15:00,0.0,,
2026-05-29T02:30:00,0.0,,
2026-05-29T02:45:00,0.0,,
2026-05-29T03:00:00,0.0,,
2026-05-29T03:15:00,0.0,,
2026-05-29T03:30:00,0.0,,
2026-05-29T03:45:00,0.0,,
2026-05-29T04:00:00,0.0,,
2026-05-29T04:15:00,0.0,,
2026-05-29T04:30:00,0.0,,
2026-05-29T04:45:00,0.0,,
2026-05-29T05:00:00,0.0,,
2026-05-29T05:15:00,0.0,,
2026-05-29T05:30:00,0.0,,
2026-05-29T05:45:00,0.0,,
2026-05-29T06:00:00,0.0,,
2026-05-29T06:15:00,0.007,,
2026-05-29T06:30:00,0.011,,
2026-05-29T06:45:00,0.016,,
2026-05-29T07:00:00,0.039,,
2026-05-29T07:15:00,0.119,,
2026-05-29T07:30:00,0.169,,
2026-05-29T07:45:00,0.202,,
2026-05-29T08:00:00,0.297,,
2026-05-29T08:15:00,0.448,,
2026-05-29T08:30:00,0.485,,
2026-05-29T08:45:00,0.515,,
2026-05-29T09:00:00,0.534,,
2026-05-29T09:15:00,0.55,,
2026-05-29T09:30:00,0.585,,
2026-05-29T09:45:00,0.68,,
2026-05-29T10:00:00,0.697,,
2026-05-29T10:15:00,0.708,,
2026-05-29T10:30:00,0.749,,
2026-05-29T10:45:00,0.819,,
2026-05-29T11:00:00,0.848,,
2026-05-29T11:15:00,0.874,,
2026-05-29T11:30:00,0.889,,
2026-05-29T11:45:00,0.926,,
2026-05-29T12:00:00,0.942,,
2026-05-29T12:15:00,0.952,,
2026-05-29T12:30:00,0.971,,
2026-05-29T12:45:00,0.981,,
2026-05-29T13:00:00,0.978,,
2026-05-29T13:15:00,0.981,,
2026-05-29T13:30:00,0.979,,
2026-05-29T13:45:00,0.978,,
2026-05-29T14:00:00,0.976,,
2026-05-29T14:15:00,0.965,,
2026-05-29T14:30:00,0.94,,
2026-05-29T14:45:00,0.918,,
2026-05-29T15:00:00,0.898,,
2026-05-29T15:15:00,0.847,,
2026-05-29T15:30:00,0.823,,
2026-05-29T15:45:00,0.792,,
2026-05-29T16:00:00,0.756,,
2026-05-29T16:15:00,0.717,,
2026-05-29T16:30:00,0.681,,
2026-05-29T16:45:00,0.634,,
2026-05-29T17:00:00,0.602,,
2026-05-29T17:15:00,0.623,,
2026-05-29T17:30:00,0.605,,
2026-05-29T17:45:00,0.587,,
2026-05-29T18:00:00,0.528,,
2026-05-29T18:15:00,0.506,,
2026-05-29T18:30:00,0.485,,
2026-05-29T18:45:00,0.458,,
2026-05-29T19:00:00,0.41,,
2026-05-29T19:15:00,0.384,,
2026-05-29T19:30:00,0.351,,
2026-05-29T19:45:00,0.291,,
2026-05-29T20:00:00,0.208,,
2026-05-29T20:15:00,0.115,,
2026-05-29T20:30:00,0.083,,
2026-05-29T20:45:00,0.059,,
2026-05-29T21:00:00,0.036,,
2026-05-29T21:15:00,0.0,,
2026-05-29T21:30:00,0.0,,
2026-05-29T21:45:00,0.0,,
2026-05-29T22:00:00,0.0,,
2026-05-29T22:15:00,0.0,,
2026-05-29T22:30:00,0.0,,
2026-05-29T22:45:00,0.0,,
2026-05-29T23:00:00,0.0,,
2026-05-29T23:15:00,0.0,,
2026-05-29T23:30:00,0.0,,
2026-05-29T23:45:00,0.0,,
2026-05-30T00:00:00,0.0,,
2026-05-30T00:15:00,0.0,,
2026-05-30T00:30:00,0.0,,
2026-05-30T00:45:00,0.0,,
2026-05-30T01:00:00,0.0,,
2026-05-30T01:15:00,0.0,,
2026-05-30T01:30:00,0.0,,
2026-05-30T01:45:00,0.0,,
2026-05-30T02:00:00,0.0,,
2026-05-30T02:15:00,0.0,,
2026-05-30T02:30:00,0.0,,
2026-05-30T02:45:00,0.0,,
2026-05-30T03:00:00,0.0,,
2026-05-30T03:15:00,0.0,,
2026-05-30T03:30:00,0.0,,
2026-05-30T03:45:00,0.0,,
2026-05-30T04:00:00,0.0,,
2026-05-30T04:15:00,0.0,,
2026-05-30T04:30:00,0.0,,
2026-05-30T04:45:00,0.0,,
2026-05-30T05:00:00,0.0,,
2026-05-30T05:15:00,0.0,,
2026-05-30T05:30:00,0.0,,
2026-05-30T05:45:00,0.0,,
2026-05-30T06:00:00,0.0,,
2026-05-30T06:15:00,0.006,,
2026-05-30T06:30:00,0.01,,
2026-05-30T06:45:00,0.014,,
2026-05-30T07:00:00,0.063,,
2026-05-30T07:15:00,0.118,,
2026-05-30T07:30:00,0.168,,
2026-05-30T07:45:00,0.2,,
2026-05-30T08:00:00,0.354,,
2026-05-30T08:15:00,0.447,,
2026-05-30T08:30:00,0.484,,
2026-05-30T08:45:00,0.53,,
2026-05-30T09:00:00,0.533,,
2026-05-30T09:15:00,0.549,,
2026-05-30T09:30:00,0.614,,
2026-05-30T09:45:00,0.68,,
2026-05-30T10:00:00,0.696,,
2026-05-30T10:15:00,0.706,,
2026-05-30T10:30:00,0.775,,
2026-05-30T10:45:00,0.817,,
2026-05-30T11:00:00,0.846,,
2026-05-30T11:15:00,0.872,,
2026-05-30T11:30:00,0.909,,
2026-05-30T11:45:00,0.924,,
2026-05-30T12:00:00,0.94,,
2026-05-30T12:15:00,0.95,,
2026-05-30T12:30:00,0.969,,
2026-05-30T12:45:00,0.978,,
2026-05-30T13:00:00,0.975,,
2026-05-30T13:15:00,0.978,,
2026-05-30T13:30:00,0.977,,
2026-05-30T13:45:00,0.975,,
2026-05-30T14:00:00,0.973,,
2026-05-30T14:15:00,0.962,,
2026-05-30T14:30:00,0.936,,
2026-05-30T14:45:00,0.914,,
2026-05-30T15:00:00,0.893,,
2026-05-30T15:15:00,0.86,,
2026-05-30T15:30:00,0.82,,
2026-05-30T15:45:00,0.789,,
2026-05-30T16:00:00,0.753,,
2026-05-30T16:15:00,0.715,,
2026-05-30T16:30:00,0.679,,
2026-05-30T16:45:00,0.632,,
2026-05-30T17:00:00,0.6,,
2026-05-30T17:15:00,0.607,,
2026-05-30T17:30:00,0.605,,
2026-05-30T17:45:00,0.587,,
2026-05-30T18:00:00,0.541,,
2026-05-30T18:15:00,0.506,,
2026-05-30T18:30:00,0.485,,
2026-05-30T18:45:00,0.468,,
2026-05-30T19:00:00,0.411,,
2026-05-30T19:15:00,0.385,,
2026-05-30T19:30:00,0.352,,
2026-05-30T19:45:00,0.292,,
2026-05-30T20:00:00,0.209,,
2026-05-30T20:15:00,0.116,,
2026-05-30T20:30:00,0.084,,
2026-05-30T20:45:00,0.06,,
2026-05-30T21:00:00,0.036,,
2026-05-30T21:15:00,0.0,,
2026-05-30T21:30:00,0.0,,
2026-05-30T21:45:00,0.0,,
2026-05-30T22:00:00,0.0,,
2026-05-30T22:15:00,0.0,,
2026-05-30T22:30:00,0.0,,
2026-05-30T22:45:00,0.0,,
2026-05-30T23:00:00,0.0,,
2026-05-30T23:15:00,0.0,,
2026-05-30T23:30:00,0.0,,
2026-05-30T23:45:00,0.0,,
2026-05-31T00:00:00,0.0,,
2026-05-31T00:15:00,0.0,,
2026-05-31T00:30:00,0.0,,
2026-05-31T00:45:00,0.0,,
2026-05-31T01:00:00,0.0,,
2026-05-31T01:15:00,0.0,,
2026-05-31T01:30:00,0.0,,
2026-05-31T01:45:00,0.0,,
2026-05-31T02:00:00,0.0,,
2026-05-31T02:15:00,0.0,,
2026-05-31T02:30:00,0.0,,
2026-05-31T02:45:00,0.0,,
2026-05-31T03:00:00,0.0,,
2026-05-31T03:15:00,0.0,,
2026-05-31T03:30:00,0.0,,
2026-05-31T03:45:00,0.0,,
2026-05-31T04:00:00,0.0,,
2026-05-31T04:15:00,0.0,,
2026-05-31T04:30:00,0.0,,
2026-05-31T04:45:00,0.0,,
2026-05-31T05:00:00,0.0,,
2026-05-31T05:15:00,0.0,,
2026-05-31T05:30:00,0.0,,
2026-05-31T05:45:00,0.0,,
2026-05-31T06:00:00,0.0,,
2026-05-31T06:15:00,0.005,,
2026-05-31T06:30:00,0.009,,
2026-05-31T06:45:00,0.015,,
2026-05-31T07:00:00,0.061,,
2026-05-31T07:15:00,0.116,,
2026-05-31T07:30:00,0.166,,
2026-05-31T07:45:00,0.199,,
2026-05-31T08:00:00,0.353,,
2026-05-31T08:15:00,0.447,,
2026-05-31T08:30:00,0.483,,
2026-05-31T08:45:00,0.53,,
2026-05-31T09:00:00,0.532,,
2026-05-31T09:15:00,0.547,,
2026-05-31T09:30:00,0.613,,
2026-05-31T09:45:00,0.679,,
2026-05-31T10:00:00,0.694,,
2026-05-31T10:15:00,0.704,,
2026-05-31T10:30:00,0.773,,
2026-05-31T10:45:00,0.815,,
2026-05-31T11:00:00,0.844,,
2026-05-31T11:15:00,0.87,,
2026-05-31T11:30:00,0.908,,
2026-05-31T11:45:00,0.922,,
2026-05-31T12:00:00,0.938,,
2026-05-31T12:15:00,0.958,,
2026-05-31T12:30:00,0.967,,
2026-05-31T12:45:00,0.976,,
2026-05-31T13:00:00,0.978,,
2026-05-31T13:15:00,0.976,,
2026-05-31T13:30:00,0.974,,
2026-05-31T13:45:00,0.972,,
2026-05-31T14:00:00,0.97,,
2026-05-31T14:15:00,0.959,,
2026-05-31T14:30:00,0.959,,
2026-05-31T14:45:00,0.909,,
2026-05-31T15:00:00,0.889,,
2026-05-31T15:15:00,0.856,,
2026-05-31T15:30:00,0.817,,
2026-05-31T15:45:00,0.786,,
2026-05-31T16:00:00,0.751,,
2026-05-31T16:15:00,0.713,,
2026-05-31T16:30:00,0.677,,
2026-05-31T16:45:00,0.63,,
2026-05-31T17:00:00,0.598,,
2026-05-31T17:15:00,0.606,,
2026-05-31T17:30:00,0.606,,
2026-05-31T17:45:00,0.587,,
2026-05-31T18:00:00,0.541,,
2026-05-31T18:15:00,0.507,,
2026-05-31T18:30:00,0.485,,
2026-05-31T18:45:00,0.468,,
2026-05-31T19:00:00,0.411,,
2026-05-31T19:15:00,0.386,,
2026-05-31T19:30:00,0.353,,
2026-05-31T19:45:00,0.311,,
2026-05-31T20:00:00,0.21,,
2026-05-31T20:15:00,0.117,,
2026-05-31T20:30:00,0.085,,
2026-05-31T20:45:00,0.061,,
2026-05-31T21:00:00,0.037,,
2026-05-31T21:15:00,0.0,,
2026-05-31T21:30:00,0.0,,
2026-05-31T21:45:00,0.0,,
2026-05-31T22:00:00,0.0,,
2026-05-31T22:15:00,0.0,,
2026-05-31T22:30:00,0.0,,
2026-05-31T22:45:00,0.0,,
2026-05-31T23:00:00,0.0,,
2026-05-31T23:15:00,0.0,,
2026-05-31T23:30:00,0.0,,
2026-05-31T23:45:00,0.0,,
2026-06-01T00:00:00,0.0,,
2026-06-01T00:15:00,0.0,,
2026-06-01T00:30:00,0.0,,
2026-06-01T00:45:00,0.0,,
2026-06-01T01:00:00,0.0,,
2026-06-01T01:15:00,0.0,,
2026-06-01T01:30:00,0.0,,
2026-06-01T01:45:00,0.0,,
2026-06-01T02:00:00,0.0,,
2026-06-01T02:15:00,0.0,,
2026-06-01T02:30:00,0.0,,
2026-06-01T02:45:00,0.0,,
2026-06-01T03:00:00,0.0,,
2026-06-01T03:15:00,0.0,,
2026-06-01T03:30:00,0.0,,
2026-06-01T03:45:00,0.0,,
2026-06-01T04:00:00,0.0,,
2026-06-01T04:15:00,0.0,,
2026-06-01T04:30:00,0.0,,
2026-06-01T04:45:00,0.0,,
2026-06-01T05:00:00,0.0,,
2026-06-01T05:15:00,0.0,,
2026-06-01T05:30:00,0.0,,
2026-06-01T05:45:00,0.0,,
2026-06-01T06:00:00,0.0,,
2026-06-01T06:15:00,0.005,,
2026-06-01T06:30:00,0.008,,
2026-06-01T06:45:00,0.013,,
2026-06-01T07:00:00,0.059,,
2026-06-01T07:15:00,0.114,,
2026-06-01T07:30:00,0.165,,
2026-06-01T07:45:00,0.197,,
2026-06-01T08:00:00,0.352,,
2026-06-01T08:15:00,0.446,,
2026-06-01T08:30:00,0.482,,
2026-06-01T08:45:00,0.529,,
2026-06-01T09:00:00,0.531,,
2026-06-01T09:15:00,0.546,,
2026-06-01T09:30:00,0.612,,
2026-06-01T09:45:00,0.678,,
2026-06-01T10:00:00,0.693,,
2026-06-01T10:15:00,0.719,,
2026-06-01T10:30:00,0.771,,
2026-06-01T10:45:00,0.814,,
2026-06-01T11:00:00,0.843,,
2026-06-01T11:15:00,0.868,,
2026-06-01T11:30:00,0.906,,
2026-06-01T11:45:00,0.931,,
2026-06-01T12:00:00,0.936,,
2026-06-01T12:15:00,0.956,,
2026-06-01T12:30:00,0.965,,
2026-06-01T12:45:00,0.973,,
2026-06-01T13:00:00,0.975,,
2026-06-01T13:15:00,0.973,,
2026-06-01T13:30:00,0.971,,
2026-06-01T13:45:00,0.969,,
2026-06-01T14:00:00,0.967,,
2026-06-01T14:15:00,0.965,,
2026-06-01T14:30:00,0.956,,
2026-06-01T14:45:00,0.929,,
2026-06-01T15:00:00,0.884,,
2026-06-01T15:15:00,0.852,,
2026-06-01T15:30:00,0.814,,
2026-06-01T15:45:00,0.783,,
2026-06-01T16:00:00,0.748,,
2026-06-01T16:15:00,0.711,,
2026-06-01T16:30:00,0.675,,
2026-06-01T16:45:00,0.628,,
2026-06-01T17:00:00,0.596,,
2026-06-01T17:15:00,0.605,,
2026-06-01T17:30:00,0.606,,
2026-06-01T17:45:00,0.587,,
2026-06-01T18:00:00,0.541,,
2026-06-01T18:15:00,0.515,,
2026-06-01T18:30:00,0.485,,
2026-06-01T18:45:00,0.469,,
2026-06-01T19:00:00,0.426,,
2026-06-01T19:15:00,0.386,,
2026-06-01T19:30:00,0.354,,
2026-06-01T19:45:00,0.311,,
2026-06-01T20:00:00,0.211,,
2026-06-01T20:15:00,0.118,,
2026-06-01T20:30:00,0.086,,
2026-06-01T20:45:00,0.062,,
2026-06-01T21:00:00,0.037,,
2026-06-01T21:15:00,0.0,,
2026-06-01T21:30:00,0.0,,
2026-06-01T21:45:00,0.0,,
2026-06-01T22:00:00,0.0,,
2026-06-01T22:15:00,0.0,,
2026-06-01T22:30:00,0.0,,
2026-06-01T22:45:00,0.0,,
2026-06-01T23:00:00,0.0,,
2026-06-01T23:15:00,0.0,,
2026-06-01T23:30:00,0.0,,
2026-06-01T23:45:00,0.0,,
2026-06-02T00:00:00,0.0,,
2026-06-02T00:15:00,0.0,,
2026-06-02T00:30:00,0.0,,
2026-06-02T00:45:00,0.0,,
2026-06-02T01:00:00,0.0,,
2026-06-02T01:15:00,0.0,,
2026-06-02T01:30:00,0.0,,
2026-06-02T01:45:00,0.0,,
2026-06-02T02:00:00,0.0,,
2026-06-02T02:15:00,0.0,,
2026-06-02T02:30:00,0.0,,
2026-06-02T02:45:00,0.0,,
2026-06-02T03:00:00,0.0,,
2026-06-02T03:15:00,0.0,,
2026-06-02T03:30:00,0.0,,
2026-06-02T03:45:00,0.0,,
2026-06-02T04:00:00,0.0,,
2026-06-02T04:15:00,0.0,,
2026-06-02T04:30:00,0.0,,
2026-06-02T04:45:00,0.0,,
2026-06-02T05:00:00,0.0,,
2026-06-02T05:15:00,0.0,,
2026-06-02T05:30:00,0.0,,
2026-06-02T05:45:00,0.0,,
2026-06-02T06:00:00,0.0,,
2026-06-02T06:15:00,0.006,,
2026-06-02T06:30:00,0.009,,
2026-06-02T06:45:00,0.011,,
2026-06-02T07:00:00,0.057,,
2026-06-02T07:15:00,0.113,,
2026-06-02T07:30:00,0.164,,
2026-06-02T07:45:00,0.226,,
2026-06-02T08:00:00,0.351,,
2026-06-02T08:15:00,0.445,,
2026-06-02T08:30:00,0.481,,
2026-06-02T08:45:00,0.529,,
2026-06-02T09:00:00,0.53,,
2026-06-02T09:15:00,0.545,,
2026-06-02T09:30:00,0.611,,
2026-06-02T09:45:00,0.678,,
2026-06-02T10:00:00,0.692,,
2026-06-02T10:15:00,0.717,,
2026-06-02T10:30:00,0.769,,
2026-06-02T10:45:00,0.812,,
2026-06-02T11:00:00,0.841,,
2026-06-02T11:15:00,0.867,,
2026-06-02T11:30:00,0.905,,
2026-06-02T11:45:00,0.93,,
2026-06-02T12:00:00,0.934,,
2026-06-02T12:15:00,0.954,,
2026-06-02T12:30:00,0.963,,
2026-06-02T12:45:00,0.971,,
2026-06-02T13:00:00,0.973,,
2026-06-02T13:15:00,0.971,,
2026-06-02T13:30:00,0.969,,
2026-06-02T13:45:00,0.967,,
2026-06-02T14:00:00,0.964,,
2026-06-02T14:15:00,0.962,,
2026-06-02T14:30:00,0.953,,
2026-06-02T14:45:00,0.925,,
2026-06-02T15:00:00,0.88,,
2026-06-02T15:15:00,0.848,,
2026-06-02T15:30:00,0.811,,
2026-06-02T15:45:00,0.807,,
2026-06-02T16:00:00,0.763,,
2026-06-02T16:15:00,0.728,,
2026-06-02T16:30:00,0.69,,
2026-06-02T16:45:00,0.626,,
2026-06-02T17:00:00,0.595,,
2026-06-02T17:15:00,0.604,,
2026-06-02T17:30:00,0.609,,
2026-06-02T17:45:00,0.587,,
2026-06-02T18:00:00,0.541,,
2026-06-02T18:15:00,0.515,,
2026-06-02T18:30:00,0.486,,
2026-06-02T18:45:00,0.469,,
2026-06-02T19:00:00,0.426,,
2026-06-02T19:15:00,0.386,,
2026-06-02T19:30:00,0.355,,
2026-06-02T19:45:00,0.312,,
2026-06-02T20:00:00,0.259,,
2026-06-02T20:15:00,0.119,,
2026-06-02T20:30:00,0.087,,
2026-06-02T20:45:00,0.062,,
2026-06-02T21:00:00,0.038,,
2026-06-02T21:15:00,0.0,,
2026-06-02T21:30:00,0.0,,
2026-06-02T21:45:00,0.0,,
2026-06-02T22:00:00,0.0,,
2026-06-02T22:15:00,0.0,,
2026-06-02T22:30:00,0.0,,
2026-06-02T22:45:00,0.0,,
2026-06-02T23:00:00,0.0,,
2026-06-02T23:15:00,0.0,,
2026-06-02T23:30:00,0.0,,
2026-06-02T23:45:00,0.0,,
2026-06-03T00:00:00,0.0,,
2026-06-03T00:15:00,0.0,,
2026-06-03T00:30:00,0.0,,
2026-06-03T00:45:00,0.0,,
2026-06-03T01:00:00,0.0,,
2026-06-03T01:15:00,0.0,,
2026-06-03T01:30:00,0.0,,
2026-06-03T01:45:00,0.0,,
2026-06-03T02:00:00,0.0,,
2026-06-03T02:15:00,0.0,,
2026-06-03T02:30:00,0.0,,
2026-06-03T02:45:00,0.0,,
2026-06-03T03:00:00,0.0,,
2026-06-03T03:15:00,0.0,,
2026-06-03T03:30:00,0.0,,
2026-06-03T03:45:00,0.0,,
2026-06-03T04:00:00,0.0,,
2026-06-03T04:15:00,0.0,,
2026-06-03T04:30:00,0.0,,
2026-06-03T04:45:00,0.0,,
2026-06-03T05:00:00,0.0,,
2026-06-03T05:15:00,0.0,,
2026-06-03T05:30:00,0.0,,
2026-06-03T05:45:00,0.0,,
2026-06-03T06:00:00,0.0,,
2026-06-03T06:15:00,0.005,,
2026-06-03T06:30:00,0.008,,
2026-06-03T06:45:00,0.01,,
2026-06-03T07:00:00,0.056,,
2026-06-03T07:15:00,0.112,,
2026-06-03T07:30:00,0.162,,
2026-06-03T07:45:00,0.225,,
2026-06-03T08:00:00,0.35,,
2026-06-03T08:15:00,0.444,,
2026-06-03T08:30:00,0.483,,
2026-06-03T08:45:00,0.529,,
2026-06-03T09:00:00,0.529,,
2026-06-03T09:15:00,0.561,,
2026-06-03T09:30:00,0.61,,
2026-06-03T09:45:00,0.677,,
2026-06-03T10:00:00,0.691,,
2026-06-03T10:15:00,0.716,,
2026-06-03T10:30:00,0.768,,
2026-06-03T10:45:00,0.811,,
2026-06-03T11:00:00,0.839,,
2026-06-03T11:15:00,0.865,,
2026-06-03T11:30:00,0.903,,
2026-06-03T11:45:00,0.928,,
2026-06-03T12:00:00,0.932,,
2026-06-03T12:15:00,0.952,,
2026-06-03T12:30:00,0.961,,
2026-06-03T12:45:00,0.969,,
2026-06-03T13:00:00,0.971,,
2026-06-03T13:15:00,0.969,,
2026-06-03T13:30:00,0.966,,
2026-06-03T13:45:00,0.964,,
2026-06-03T14:00:00,0.962,,
2026-06-03T14:15:00,0.96,,
2026-06-03T14:30:00,0.95,,
2026-06-03T14:45:00,0.922,,
2026-06-03T15:00:00,0.897,,
2026-06-03T15:15:00,0.844,,
2026-06-03T15:30:00,0.808,,
2026-06-03T15:45:00,0.804,,
2026-06-03T16:00:00,0.761,,
2026-06-03T16:15:00,0.726,,
2026-06-03T16:30:00,0.689,,
2026-06-03T16:45:00,0.624,,
2026-06-03T17:00:00,0.593,,
2026-06-03T17:15:00,0.603,,
2026-06-03T17:30:00,0.609,,
2026-06-03T17:45:00,0.587,,
2026-06-03T18:00:00,0.541,,
2026-06-03T18:15:00,0.515,,
2026-06-03T18:30:00,0.486,,
2026-06-03T18:45:00,0.469,,
2026-06-03T19:00:00,0.426,,
2026-06-03T19:15:00,0.387,,
2026-06-03T19:30:00,0.355,,
2026-06-03T19:45:00,0.313,,
2026-06-03T20:00:00,0.26,,
2026-06-03T20:15:00,0.15,,
2026-06-03T20:30:00,0.088,,
2026-06-03T20:45:00,0.063,,
2026-06-03T21:00:00,0.038,,
2026-06-03T21:15:00,0.0,,
2026-06-03T21:30:00,0.0,,
2026-06-03T21:45:00,0.0,,
2026-06-03T22:00:00,0.0,,
2026-06-03T22:15:00,0.0,,
2026-06-03T22:30:00,0.0,,
2026-06-03T22:45:00,0.0,,
2026-06-03T23:00:00,0.0,,
2026-06-03T23:15:00,0.0,,
2026-06-03T23:30:00,0.0,,
2026-06-03T23:45:00,0.0,,
2026-06-04T00:00:00,0.0,,
2026-06-04T00:15:00,0.0,,
2026-06-04T00:30:00,0.0,,
2026-06-04T00:45:00,0.0,,
2026-06-04T01:00:00,0.0,,
2026-06-04T01:15:00,0.0,,
2026-06-04T01:30:00,0.0,,
2026-06-04T01:45:00,0.0,,
2026-06-04T02:00:00,0.0,,
2026-06-04T02:15:00,0.0,,
2026-06-04T02:30:00,0.0,,
2026-06-04T02:45:00,0.0,,
2026-06-04T03:00:00,0.0,,
2026-06-04T03:15:00,0.0,,
2026-06-04T03:30:00,0.0,,
2026-06-04T03:45:00,0.0,,
2026-06-04T04:00:00,0.0,,
2026-06-04T04:15:00,0.0,,
2026-06-04T04:30:00,0.0,,
2026-06-04T04:45:00,0.0,,
2026-06-04T05:00:00,0.0,,
2026-06-04T05:15:00,0.0,,
2026-06-04T05:30:00,0.0,,
2026-06-04T05:45:00,0.0,,
2026-06-04T06:00:00,0.0,,
2026-06-04T06:15:00,0.004,,
2026-06-04T06:30:00,0.007,,
2026-06-04T06:45:00,0.009,,
2026-06-04T07:00:00,0.054,,
2026-06-04T07:15:00,0.11,,
2026-06-04T07:30:00,0.161,,
2026-06-04T07:45:00,0.224,,
2026-06-04T08:00:00,0.35,,
2026-06-04T08:15:00,0.444,,
2026-06-04T08:30:00,0.483,,
2026-06-04T08:45:00,0.528,,
2026-06-04T09:00:00,0.528,,
2026-06-04T09:15:00,0.56,,
2026-06-04T09:30:00,0.61,,
2026-06-04T09:45:00,0.677,,
2026-06-04T10:00:00,0.688,,
2026-06-04T10:15:00,0.714,,
2026-06-04T10:30:00,0.766,,
2026-06-04T10:45:00,0.809,,
2026-06-04T11:00:00,0.838,,
2026-06-04T11:15:00,0.864,,
2026-06-04T11:30:00,0.902,,
2026-06-04T11:45:00,0.927,,
2026-06-04T12:00:00,0.93,,
2026-06-04T12:15:00,0.951,,
2026-06-04T12:30:00,0.959,,
2026-06-04T12:45:00,0.967,,
2026-06-04T13:00:00,0.969,,
2026-06-04T13:15:00,0.967,,
2026-06-04T13:30:00,0.964,,
2026-06-04T13:45:00,0.962,,
2026-06-04T14:00:00,0.959,,
2026-06-04T14:15:00,0.957,,
2026-06-04T14:30:00,0.948,,
2026-06-04T14:45:00,0.918,,
2026-06-04T15:00:00,0.894,,
2026-06-04T15:15:00,0.841,,
2026-06-04T15:30:00,0.827,,
2026-06-04T15:45:00,0.802,,
2026-06-04T16:00:00,0.759,,
2026-06-04T16:15:00,0.724,,
2026-06-04T16:30:00,0.687,,
2026-06-04T16:45:00,0.649,,
2026-06-04T17:00:00,0.591,,
2026-06-04T17:15:00,0.602,,
2026-06-04T17:30:00,0.609,,
2026-06-04T17:45:00,0.588,,
2026-06-04T18:00:00,0.542,,
2026-06-04T18:15:00,0.516,,
2026-06-04T18:30:00,0.499,,
2026-06-04T18:45:00,0.47,,
2026-06-04T19:00:00,0.427,,
2026-06-04T19:15:00,0.395,,
2026-06-04T19:30:00,0.356,,
2026-06-04T19:45:00,0.313,,
2026-06-04T20:00:00,0.261,,
2026-06-04T20:15:00,0.151,,
2026-06-04T20:30:00,0.089,,
2026-06-04T20:45:00,0.064,,
2026-06-04T21:00:00,0.038,,
2026-06-04T21:15:00,0.0,,
2026-06-04T21:30:00,0.0,,
2026-06-04T21:45:00,0.0,,
2026-06-04T22:00:00,0.0,,
2026-06-04T22:15:00,0.0,,
2026-06-04T22:30:00,0.0,,
2026-06-04T22:45:00,0.0,,
2026-06-04T23:00:00,0.0,,
2026-06-04T23:15:00,0.0,,
2026-06-04T23:30:00,0.0,,
2026-06-04T23:45:00,0.0,,
2026-06-05T00:00:00,0.0,,
2026-06-05T00:15:00,0.0,,
2026-06-05T00:30:00,0.0,,
2026-06-05T00:45:00,0.0,,
2026-06-05T01:00:00,0.0,,
2026-06-05T01:15:00,0.0,,
2026-06-05T01:30:00,0.0,,
2026-06-05T01:45:00,0.0,,
2026-06-05T02:00:00,0.0,,
2026-06-05T02:15:00,0.0,,
2026-06-05T02:30:00,0.0,,
2026-06-05T02:45:00,0.0,,
2026-06-05T03:00:00,0.0,,
2026-06-05T03:15:00,0.0,,
2026-06-05T03:30:00,0.0,,
2026-06-05T03:45:00,0.0,,
2026-06-05T04:00:00,0.0,,
2026-06-05T04:15:00,0.0,,
2026-06-05T04:30:00,0.0,,
2026-06-05T04:45:00,0.0,,
2026-06-05T05:00:00,0.0,,
2026-06-05T05:15:00,0.0,,
2026-06-05T05:30:00,0.0,,
2026-06-05T05:45:00,0.0,,
2026-06-05T06:00:00,0.0,,
2026-06-05T06:15:00,0.004,,
2026-06-05T06:30:00,0.006,,
2026-06-05T06:45:00,0.007,,
2026-06-05T07:00:00,0.053,,
2026-06-05T07:15:00,0.109,,
2026-06-05T07:30:00,0.16,,
2026-06-05T07:45:00,0.222,,
2026-06-05T08:00:00,0.349,,
2026-06-05T08:15:00,0.443,,
2026-06-05T08:30:00,0.482,,
2026-06-05T08:45:00,0.528,,
2026-06-05T09:00:00,0.528,,
2026-06-05T09:15:00,0.559,,
2026-06-05T09:30:00,0.609,,
2026-06-05T09:45:00,0.676,,
2026-06-05T10:00:00,0.686,,
2026-06-05T10:15:00,0.712,,
2026-06-05T10:30:00,0.765,,
2026-06-05T10:45:00,0.808,,
2026-06-05T11:00:00,0.836,,
2026-06-05T11:15:00,0.862,,
2026-06-05T11:30:00,0.901,,
2026-06-05T11:45:00,0.926,,
2026-06-05T12:00:00,0.94,,
2026-06-05T12:15:00,0.949,,
2026-06-05T12:30:00,0.958,,
2026-06-05T12:45:00,0.965,,
2026-06-05T13:00:00,0.967,,
2026-06-05T13:15:00,0.965,,
2026-06-05T13:30:00,0.962,,
2026-06-05T13:45:00,0.96,,
2026-06-05T14:00:00,0.957,,
2026-06-05T14:15:00,0.955,,
2026-06-05T14:30:00,0.945,,
2026-06-05T14:45:00,0.915,,
2026-06-05T15:00:00,0.89,,
2026-06-05T15:15:00,0.838,,
2026-06-05T15:30:00,0.825,,
2026-06-05T15:45:00,0.799,,
2026-06-05T16:00:00,0.756,,
2026-06-05T16:15:00,0.722,,
2026-06-05T16:30:00,0.685,,
2026-06-05T16:45:00,0.647,,
2026-06-05T17:00:00,0.601,,
2026-06-05T17:15:00,0.601,,
2026-06-05T17:30:00,0.609,,
2026-06-05T17:45:00,0.588,,
2026-06-05T18:00:00,0.542,,
2026-06-05T18:15:00,0.516,,
2026-06-05T18:30:00,0.499,,
2026-06-05T18:45:00,0.47,,
2026-06-05T19:00:00,0.427,,
2026-06-05T19:15:00,0.396,,
2026-06-05T19:30:00,0.357,,
2026-06-05T19:45:00,0.314,,
2026-06-05T20:00:00,0.261,,
2026-06-05T20:15:00,0.152,,
2026-06-05T20:30:00,0.103,,
2026-06-05T20:45:00,0.064,,
2026-06-05T21:00:00,0.039,,
2026-06-05T21:15:00,0.0,,
2026-06-05T21:30:00,0.0,,
2026-06-05T21:45:00,0.0,,
2026-06-05T22:00:00,0.0,,
2026-06-05T22:15:00,0.0,,
2026-06-05T22:30:00,0.0,,
2026-06-05T22:45:00,0.0,,
2026-06-05T23:00:00,0.0,,
2026-06-05T23:15:00,0.0,,
2026-06-05T23:30:00,0.0,,
2026-06-05T23:45:00,0.0,,
2026-06-06T00:00:00,0.0,,
2026-06-06T00:15:00,0.0,,
2026-06-06T00:30:00,0.0,,
2026-06-06T00:45:00,0.0,,
2026-06-06T01:00:00,0.0,,
2026-06-06T01:15:00,0.0,,
2026-06-06T01:30:00,0.0,,
2026-06-06T01:45:00,0.0,,
2026-06-06T02:00:00,0.0,,
2026-06-06T02:15:00,0.0,,
2026-06-06T02:30:00,0.0,,
2026-06-06T02:45:00,0.0,,
2026-06-06T03:00:00,0.0,,
2026-06-06T03:15:00,0.0,,
2026-06-06T03:30:00,0.0,,
2026-06-06T03:45:00,0.0,,
2026-06-06T04:00:00,0.0,,
2026-06-06T04:15:00,0.0,,
2026-06-06T04:30:00,0.0,,
2026-06-06T04:45:00,0.0,,
2026-06-06T05:00:00,0.0,,
2026-06-06T05:15:00,0.0,,
2026-06-06T05:30:00,0.0,,
2026-06-06T05:45:00,0.0,,
2026-06-06T06:00:00,0.0,,
2026-06-06T06:15:00,0.003,,
2026-06-06T06:30:00,0.005,,
2026-06-06T06:45:00,0.006,,
2026-06-06T07:00:00,0.052,,
2026-06-06T07:15:00,0.108,,
2026-06-06T07:30:00,0.168,,
2026-06-06T07:45:00,0.221,,
2026-06-06T08:00:00,0.348,,
2026-06-06T08:15:00,0.442,,
2026-06-06T08:30:00,0.481,,
2026-06-06T08:45:00,0.527,,
2026-06-06T09:00:00,0.527,,
2026-06-06T09:15:00,0.558,,
2026-06-06T09:30:00,0.608,,
2026-06-06T09:45:00,0.676,,
2026-06-06T10:00:00,0.685,,
2026-06-06T10:15:00,0.711,,
2026-06-06T10:30:00,0.763,,
2026-06-06T10:45:00,0.807,,
2026-06-06T11:00:00,0.835,,
2026-06-06T11:15:00,0.861,,
2026-06-06T11:30:00,0.9,,
2026-06-06T11:45:00,0.924,,
2026-06-06T12:00:00,0.939,,
2026-06-06T12:15:00,0.947,,
2026-06-06T12:30:00,0.956,,
2026-06-06T12:45:00,0.963,,
2026-06-06T13:00:00,0.965,,
2026-06-06T13:15:00,0.963,,
2026-06-06T13:30:00,0.96,,
2026-06-06T13:45:00,0.957,,
2026-06-06T14:00:00,0.955,,
2026-06-06T14:15:00,0.952,,
2026-06-06T14:30:00,0.943,,
2026-06-06T14:45:00,0.913,,
2026-06-06T15:00:00,0.887,,
2026-06-06T15:15:00,0.835,,
2026-06-06T15:30:00,0.822,,
2026-06-06T15:45:00,0.797,,
2026-06-06T16:00:00,0.754,,
2026-06-06T16:15:00,0.721,,
2026-06-06T16:30:00,0.684,,
2026-06-06T16:45:00,0.646,,
2026-06-06T17:00:00,0.6,,
2026-06-06T17:15:00,0.6,,
2026-06-06T17:30:00,0.609,,
2026-06-06T17:45:00,0.588,,
2026-06-06T18:00:00,0.542,,
2026-06-06T18:15:00,0.516,,
2026-06-06T18:30:00,0.499,,
2026-06-06T18:45:00,0.47,,
2026-06-06T19:00:00,0.427,,
2026-06-06T19:15:00,0.396,,
2026-06-06T19:30:00,0.376,,
2026-06-06T19:45:00,0.314,,
2026-06-06T20:00:00,0.262,,
2026-06-06T20:15:00,0.152,,
2026-06-06T20:30:00,0.104,,
2026-06-06T20:45:00,0.077,,
2026-06-06T21:00:00,0.052,,
2026-06-06T21:15:00,0.0,,
2026-06-06T21:30:00,0.0,,
2026-06-06T21:45:00,0.0,,
2026-06-06T22:00:00,0.0,,
2026-06-06T22:15:00,0.0,,
2026-06-06T22:30:00,0.0,,
2026-06-06T22:45:00,0.0,,
2026-06-06T23:00:00,0.0,,
2026-06-06T23:15:00,0.0,,
2026-06-06T23:30:00,0.0,,
2026-06-06T23:45:00,0.0,,
2026-06-07T00:00:00,0.0,,
2026-06-07T00:15:00,0.0,,
2026-06-07T00:30:00,0.0,,
2026-06-07T00:45:00,0.0,,
2026-06-07T01:00:00,0.0,,
2026-06-07T01:15:00,0.0,,
2026-06-07T01:30:00,0.0,,
2026-06-07T01:45:00,0.0,,
2026-06-07T02:00:00,0.0,,
2026-06-07T02:15:00,0.0,,
2026-06-07T02:30:00,0.0,,
2026-06-07T02:45:00,0.0,,
2026-06-07T03:00:00,0.0,,
2026-06-07T03:15:00,0.0,,
2026-06-07T03:30:00,0.0,,
2026-06-07T03:45:00,0.0,,
2026-06-07T04:00:00,0.0,,
2026-06-07T04:15:00,0.0,,
2026-06-07T04:30:00,0.0,,
2026-06-07T04:45:00,0.0,,
2026-06-07T05:00:00,0.0,,
2026-06-07T05:15:00,0.0,,
2026-06-07T05:30:00,0.0,,
2026-06-07T05:45:00,0.0,,
2026-06-07T06:00:00,0.0,,
2026-06-07T06:15:00,0.003,,
2026-06-07T06:30:00,0.004,,
2026-06-07T06:45:00,0.005,,
2026-06-07T07:00:00,0.05,,
2026-06-07T07:15:00,0.107,,
2026-06-07T07:30:00,0.167,,
2026-06-07T07:45:00,0.22,,
2026-06-07T08:00:00,0.348,,
2026-06-07T08:15:00,0.442,,
2026-06-07T08:30:00,0.481,,
2026-06-07T08:45:00,0.527,,
2026-06-07T09:00:00,0.526,,
2026-06-07T09:15:00,0.557,,
2026-06-07T09:30:00,0.607,,
2026-06-07T09:45:00,0.675,,
2026-06-07T10:00:00,0.683,,
2026-06-07T10:15:00,0.709,,
2026-06-07T10:30:00,0.762,,
2026-06-07T10:45:00,0.806,,
2026-06-07T11:00:00,0.834,,
2026-06-07T11:15:00,0.86,,
2026-06-07T11:30:00,0.898,,
2026-06-07T11:45:00,0.923,,
2026-06-07T12:00:00,0.937,,
2026-06-07T12:15:00,0.946,,
2026-06-07T12:30:00,0.961,,
2026-06-07T12:45:00,0.966,,
2026-06-07T13:00:00,0.964,,
2026-06-07T13:15:00,0.961,,
2026-06-07T13:30:00,0.958,,
2026-06-07T13:45:00,0.955,,
2026-06-07T14:00:00,0.953,,
2026-06-07T14:15:00,0.95,,
2026-06-07T14:30:00,0.941,,
2026-06-07T14:45:00,0.91,,
2026-06-07T15:00:00,0.884,,
2026-06-07T15:15:00,0.861,,
2026-06-07T15:30:00,0.82,,
2026-06-07T15:45:00,0.795,,
2026-06-07T16:00:00,0.752,,
2026-06-07T16:15:00,0.719,,
2026-06-07T16:30:00,0.682,,
2026-06-07T16:45:00,0.644,,
2026-06-07T17:00:00,0.598,,
2026-06-07T17:15:00,0.6,,
2026-06-07T17:30:00,0.609,,
2026-06-07T17:45:00,0.589,,
2026-06-07T18:00:00,0.567,,
2026-06-07T18:15:00,0.516,,
2026-06-07T18:30:00,0.499,,
2026-06-07T18:45:00,0.492,,
2026-06-07T19:00:00,0.427,,
2026-06-07T19:15:00,0.396,,
2026-06-07T19:30:00,0.377,,
2026-06-07T19:45:00,0.315,,
2026-06-07T20:00:00,0.263,,
2026-06-07T20:15:00,0.153,,
2026-06-07T20:30:00,0.104,,
2026-06-07T20:45:00,0.078,,
2026-06-07T21:00:00,0.052,,
2026-06-07T21:15:00,0.0,,
2026-06-07T21:30:00,0.0,,
2026-06-07T21:45:00,0.0,,
2026-06-07T22:00:00,0.0,,
2026-06-07T22:15:00,0.0,,
2026-06-07T22:30:00,0.0,,
2026-06-07T22:45:00,0.0,,
2026-06-07T23:00:00,0.0,,
2026-06-07T23:15:00,0.0,,
2026-06-07T23:30:00,0.0,,
2026-06-07T23:45:00,0.0,,
2026-06-08T00:00:00,0.0,,
2026-06-08T00:15:00,0.0,,
2026-06-08T00:30:00,0.0,,
2026-06-08T00:45:00,0.0,,
2026-06-08T01:00:00,0.0,,
2026-06-08T01:15:00,0.0,,
2026-06-08T01:30:00,0.0,,
2026-06-08T01:45:00,0.0,,
2026-06-08T02:00:00,0.0,,
2026-06-08T02:15:00,0.0,,
2026-06-08T02:30:00,0.0,,
2026-06-08T02:45:00,0.0,,
2026-06-08T03:00:00,0.0,,
2026-06-08T03:15:00,0.0,,
2026-06-08T03:30:00,0.0,,
2026-06-08T03:45:00,0.0,,
2026-06-08T04:00:00,0.0,,
2026-06-08T04:15:00,0.0,,
2026-06-08T04:30:00,0.0,,
2026-06-08T04:45:00,0.0,,
2026-06-08T05:00:00,0.0,,
2026-06-08T05:15:00,0.0,,
2026-06-08T05:30:00,0.0,,
2026-06-08T05:45:00,0.0,,
2026-06-08T06:00:00,0.0,,
2026-06-08T06:15:00,0.002,,
2026-06-08T06:30:00,0.003,,
2026-06-08T06:45:00,0.004,,
2026-06-08T07:00:00,0.049,,
2026-06-08T07:15:00,0.106,,
2026-06-08T07:30:00,0.166,,
2026-06-08T07:45:00,0.219,,
2026-06-08T08:00:00,0.347,,
2026-06-08T08:15:00,0.441,,
2026-06-08T08:30:00,0.48,,
2026-06-08T08:45:00,0.527,,
2026-06-08T09:00:00,0.526,,
2026-06-08T09:15:00,0.556,,
2026-06-08T09:30:00,0.607,,
2026-06-08T09:45:00,0.675,,
2026-06-08T10:00:00,0.682,,
2026-06-08T10:15:00,0.708,,
2026-06-08T10:30:00,0.761,,
2026-06-08T10:45:00,0.805,,
2026-06-08T11:00:00,0.833,,
2026-06-08T11:15:00,0.859,,
2026-06-08T11:30:00,0.897,,
2026-06-08T11:45:00,0.922,,
2026-06-08T12:00:00,0.936,,
2026-06-08T12:15:00,0.944,,
2026-06-08T12:30:00,0.96,,
2026-06-08T12:45:00,0.965,,
2026-06-08T13:00:00,0.962,,
2026-06-08T13:15:00,0.959,,
2026-06-08T13:30:00,0.956,,
2026-06-08T13:45:00,0.954,,
2026-06-08T14:00:00,0.951,,
2026-06-08T14:15:00,0.948,,
2026-06-08T14:30:00,0.948,,
2026-06-08T14:45:00,0.907,,
2026-06-08T15:00:00,0.881,,
2026-06-08T15:15:00,0.858,,
2026-06-08T15:30:00,0.817,,
2026-06-08T15:45:00,0.793,,
2026-06-08T16:00:00,0.751,,
2026-06-08T16:15:00,0.717,,
2026-06-08T16:30:00,0.681,,
2026-06-08T16:45:00,0.643,,
2026-06-08T17:00:00,0.597,,
2026-06-08T17:15:00,0.59,,
2026-06-08T17:30:00,0.609,,
2026-06-08T17:45:00,0.589,,
2026-06-08T18:00:00,0.567,,
2026-06-08T18:15:00,0.516,,
2026-06-08T18:30:00,0.499,,
2026-06-08T18:45:00,0.493,,
2026-06-08T19:00:00,0.427,,
2026-06-08T19:15:00,0.396,,
2026-06-08T19:30:00,0.377,,
2026-06-08T19:45:00,0.315,,
2026-06-08T20:00:00,0.263,,
2026-06-08T20:15:00,0.154,,
2026-06-08T20:30:00,0.105,,
2026-06-08T20:45:00,0.079,,
2026-06-08T21:00:00,0.052,,
2026-06-08T21:15:00,0.0,,
2026-06-08T21:30:00,0.0,,
2026-06-08T21:45:00,0.0,,
2026-06-08T22:00:00,0.0,,
2026-06-08T22:15:00,0.0,,
2026-06-08T22:30:00,0.0,,
2026-06-08T22:45:00,0.0,,
2026-06-08T23:00:00,0.0,,
2026-06-08T23:15:00,0.0,,
2026-06-08T23:30:00,0.0,,
2026-06-08T23:45:00,0.0,,
2026-06-09T00:00:00,0.0,,
2026-06-09T00:15:00,0.0,,
2026-06-09T00:30:00,0.0,,
2026-06-09T00:45:00,0.0,,
2026-06-09T01:00:00,0.0,,
2026-06-09T01:15:00,0.0,,
2026-06-09T01:30:00,0.0,,
2026-06-09T01:45:00,0.0,,
2026-06-09T02:00:00,0.0,,
2026-06-09T02:15:00,0.0,,
2026-06-09T02:30:00,0.0,,
2026-06-09T02:45:00,0.0,,
2026-06-09T03:00:00,0.0,,
2026-06-09T03:15:00,0.0,,
2026-06-09T03:30:00,0.0,,
2026-06-09T03:45:00,0.0,,
2026-06-09T04:00:00,0.0,,
2026-06-09T04:15:00,0.0,,
2026-06-09T04:30:00,0.0,,
2026-06-09T04:45:00,0.0,,
2026-06-09T05:00:00,0.0,,
2026-06-09T05:15:00,0.0,,
2026-06-09T05:30:00,0.0,,
2026-06-09T05:45:00,0.0,,
2026-06-09T06:00:00,0.0,,
2026-06-09T06:15:00,0.002,,
2026-06-09T06:30:00,0.002,,
2026-06-09T06:45:00,0.003,,
2026-06-09T07:00:00,0.048,,
2026-06-09T07:15:00,0.105,,
2026-06-09T07:30:00,0.165,,
2026-06-09T07:45:00,0.219,,
2026-06-09T08:00:00,0.347,,
2026-06-09T08:15:00,0.458,,
2026-06-09T08:30:00,0.48,,
2026-06-09T08:45:00,0.526,,
2026-06-09T09:00:00,0.517,,
2026-06-09T09:15:00,0.555,,
2026-06-09T09:30:00,0.606,,
2026-06-09T09:45:00,0.675,,
2026-06-09T10:00:00,0.681,,
2026-06-09T10:15:00,0.707,,
2026-06-09T10:30:00,0.76,,
2026-06-09T10:45:00,0.803,,
2026-06-09T11:00:00,0.832,,
2026-06-09T11:15:00,0.858,,
2026-06-09T11:30:00,0.897,,
2026-06-09T11:45:00,0.921,,
2026-06-09T12:00:00,0.935,,
2026-06-09T12:15:00,0.943,,
2026-06-09T12:30:00,0.958,,
2026-06-09T12:45:00,0.963,,
2026-06-09T13:00:00,0.96,,
2026-06-09T13:15:00,0.958,,
2026-06-09T13:30:00,0.955,,
2026-06-09T13:45:00,0.952,,
2026-06-09T14:00:00,0.949,,
2026-06-09T14:15:00,0.946,,
2026-06-09T14:30:00,0.946,,
2026-06-09T14:45:00,0.937,,
2026-06-09T15:00:00,0.879,,
2026-06-09T15:15:00,0.855,,
2026-06-09T15:30:00,0.815,,
2026-06-09T15:45:00,0.792,,
2026-06-09T16:00:00,0.749,,
2026-06-09T16:15:00,0.716,,
2026-06-09T16:30:00,0.68,,
2026-06-09T16:45:00,0.642,,
2026-06-09T17:00:00,0.596,,
2026-06-09T17:15:00,0.589,,
2026-06-09T17:30:00,0.609,,
2026-06-09T17:45:00,0.589,,
2026-06-09T18:00:00,0.567,,
2026-06-09T18:15:00,0.516,,
2026-06-09T18:30:00,0.499,,
2026-06-09T18:45:00,0.493,,
2026-06-09T19:00:00,0.427,,
2026-06-09T19:15:00,0.396,,
2026-06-09T19:30:00,0.378,,
2026-06-09T19:45:00,0.335,,
2026-06-09T20:00:00,0.264,,
2026-06-09T20:15:00,0.154,,
2026-06-09T20:30:00,0.106,,
2026-06-09T20:45:00,0.079,,
2026-06-09T21:00:00,0.053,,
2026-06-09T21:15:00,0.0,,
2026-06-09T21:30:00,0.0,,
2026-06-09T21:45:00,0.0,,
2026-06-09T22:00:00,0.0,,
2026-06-09T22:15:00,0.0,,
2026-06-09T22:30:00,0.0,,
2026-06-09T22:45:00,0.0,,
2026-06-09T23:00:00,0.0,,
2026-06-09T23:15:00,0.0,,
2026-06-09T23:30:00,0.0,,
2026-06-09T23:45:00,0.0,,
2026-06-10T00:00:00,0.0,,
2026-06-10T00:15:00,0.0,,
2026-06-10T00:30:00,0.0,,
2026-06-10T00:45:00,0.0,,
2026-06-10T01:00:00,0.0,,
2026-06-10T01:15:00,0.0,,
2026-06-10T01:30:00,0.0,,
2026-06-10T01:45:00,0.0,,
2026-06-10T02:00:00,0.0,,
2026-06-10T02:15:00,0.0,,
2026-06-10T02:30:00,0.0,,
2026-06-10T02:45:00,0.0,,
2026-06-10T03:00:00,0.0,,
2026-06-10T03:15:00,0.0,,
2026-06-10T03:30:00,0.0,,
2026-06-10T03:45:00,0.0,,
2026-06-10T04:00:00,0.0,,
2026-06-10T04:15:00,0.0,,
2026-06-10T04:30:00,0.0,,
2026-06-10T04:45:00,0.0,,
2026-06-10T05:00:00,0.0,,
2026-06-10T05:15:00,0.0,,
2026-06-10T05:30:00,0.0,,
2026-06-10T05:45:00,0.0,,
2026-06-10T06:00:00,0.0,,
2026-06-10T06:15:00,0.001,,
2026-06-10T06:30:00,0.002,,
2026-06-10T06:45:00,0.002,,
2026-06-10T07:00:00,0.047,,
2026-06-10T07:15:00,0.104,,
2026-06-10T07:30:00,0.164,,
2026-06-10T07:45:00,0.218,,
2026-06-10T08:00:00,0.346,,
2026-06-10T08:15:00,0.458,,
2026-06-10T08:30:00,0.479,,
2026-06-10T08:45:00,0.526,,
2026-06-10T09:00:00,0.517,,
2026-06-10T09:15:00,0.554,,
2026-06-10T09:30:00,0.605,,
2026-06-10T09:45:00,0.686,,
2026-06-10T10:00:00,0.68,,
2026-06-10T10:15:00,0.706,,
2026-06-10T10:30:00,0.759,,
2026-06-10T10:45:00,0.803,,
2026-06-10T11:00:00,0.843,,
2026-06-10T11:15:00,0.872,,
2026-06-10T11:30:00,0.896,,
2026-06-10T11:45:00,0.92,,
2026-06-10T12:00:00,0.934,,
2026-06-10T12:15:00,0.942,,
2026-06-10T12:30:00,0.957,,
2026-06-10T12:45:00,0.962,,
2026-06-10T13:00:00,0.959,,
2026-06-10T13:15:00,0.956,,
2026-06-10T13:30:00,0.953,,
2026-06-10T13:45:00,0.95,,
2026-06-10T14:00:00,0.947,,
2026-06-10T14:15:00,0.945,,
2026-06-10T14:30:00,0.945,,
2026-06-10T14:45:00,0.935,,
2026-06-10T15:00:00,0.876,,
2026-06-10T15:15:00,0.852,,
2026-06-10T15:30:00,0.813,,
2026-06-10T15:45:00,0.79,,
2026-06-10T16:00:00,0.748,,
2026-06-10T16:15:00,0.715,,
2026-06-10T16:30:00,0.679,,
2026-06-10T16:45:00,0.64,,
2026-06-10T17:00:00,0.594,,
2026-06-10T17:15:00,0.588,,
2026-06-10T17:30:00,0.608,,
2026-06-10T17:45:00,0.589,,
2026-06-10T18:00:00,0.567,,
2026-06-10T18:15:00,0.516,,
2026-06-10T18:30:00,0.499,,
2026-06-10T18:45:00,0.493,,
2026-06-10T19:00:00,0.462,,
2026-06-10T19:15:00,0.396,,
2026-06-10T19:30:00,0.378,,
2026-06-10T19:45:00,0.335,,
2026-06-10T20:00:00,0.265,,
2026-06-10T20:15:00,0.155,,
2026-06-10T20:30:00,0.106,,
2026-06-10T20:45:00,0.08,,
2026-06-10T21:00:00,0.053,,
2026-06-10T21:15:00,0.0,,
2026-06-10T21:30:00,0.0,,
2026-06-10T21:45:00,0.0,,
2026-06-10T22:00:00,0.0,,
2026-06-10T22:15:00,0.0,,
2026-06-10T22:30:00,0.0,,
2026-06-10T22:45:00,0.0,,
2026-06-10T23:00:00,0.0,,
2026-06-10T23:15:00,0.0,,
2026-06-10T23:30:00,0.0,,
2026-06-10T23:45:00,0.0,,
2026-06-11T00:00:00,0.0,,
2026-06-11T00:15:00,0.0,,
2026-06-11T00:30:00,0.0,,
2026-06-11T00:45:00,0.0,,
2026-06-11T01:00:00,0.0,,
2026-06-11T01:15:00,0.0,,
2026-06-11T01:30:00,0.0,,
2026-06-11T01:45:00,0.0,,
2026-06-11T02:00:00,0.0,,
2026-06-11T02:15:00,0.0,,
2026-06-11T02:30:00,0.0,,
2026-06-11T02:45:00,0.0,,
2026-06-11T03:00:00,0.0,,
2026-06-11T03:15:00,0.0,,
2026-06-11T03:30:00,0.0,,
2026-06-11T03:45:00,0.0,,
2026-06-11T04:00:00,0.0,,
2026-06-11T04:15:00,0.0,,
2026-06-11T04:30:00,0.0,,
2026-06-11T04:45:00,0.0,,
2026-06-11T05:00:00,0.0,,
2026-06-11T05:15:00,0.0,,
2026-06-11T05:30:00,0.0,,
2026-06-11T05:45:00,0.0,,
2026-06-11T06:00:00,0.0,,
2026-06-11T06:15:00,0.001,,
2026-06-11T06:30:00,0.001,,
2026-06-11T06:45:00,0.001,,
2026-06-11T07:00:00,0.046,,
2026-06-11T07:15:00,0.124,,
2026-06-11T07:30:00,0.163,,
2026-06-11T07:45:00,0.217,,
2026-06-11T08:00:00,0.346,,
2026-06-11T08:15:00,0.457,,
2026-06-11T08:30:00,0.479,,
2026-06-11T08:45:00,0.526,,
2026-06-11T09:00:00,0.516,,
2026-06-11T09:15:00,0.554,,
2026-06-11T09:30:00,0.605,,
2026-06-11T09:45:00,0.686,,
2026-06-11T10:00:00,0.679,,
2026-06-11T10:15:00,0.705,,
2026-06-11T10:30:00,0.758,,
2026-06-11T10:45:00,0.802,,
2026-06-11T11:00:00,0.843,,
2026-06-11T11:15:00,0.872,,
2026-06-11T11:30:00,0.895,,
2026-06-11T11:45:00,0.919,,
2026-06-11T12:00:00,0.933,,
2026-06-11T12:15:00,0.941,,
2026-06-11T12:30:00,0.956,,
2026-06-11T12:45:00,0.961,,
2026-06-11T13:00:00,0.958,,
2026-06-11T13:15:00,0.955,,
2026-06-11T13:30:00,0.952,,
2026-06-11T13:45:00,0.949,,
2026-06-11T14:00:00,0.946,,
2026-06-11T14:15:00,0.943,,
2026-06-11T14:30:00,0.943,,
2026-06-11T14:45:00,0.934,,
2026-06-11T15:00:00,0.874,,
2026-06-11T15:15:00,0.85,,
2026-06-11T15:30:00,0.811,,
2026-06-11T15:45:00,0.789,,
2026-06-11T16:00:00,0.762,,
2026-06-11T16:15:00,0.729,,
2026-06-11T16:30:00,0.678,,
2026-06-11T16:45:00,0.639,,
2026-06-11T17:00:00,0.593,,
2026-06-11T17:15:00,0.587,,
2026-06-11T17:30:00,0.618,,
2026-06-11T17:45:00,0.589,,
2026-06-11T18:00:00,0.568,,
2026-06-11T18:15:00,0.53,,
2026-06-11T18:30:00,0.499,,
2026-06-11T18:45:00,0.493,,
2026-06-11T19:00:00,0.462,,
2026-06-11T19:15:00,0.396,,
2026-06-11T19:30:00,0.378,,
2026-06-11T19:45:00,0.336,,
2026-06-11T20:00:00,0.301,,
2026-06-11T20:15:00,0.155,,
2026-06-11T20:30:00,0.107,,
2026-06-11T20:45:00,0.08,,
2026-06-11T21:00:00,0.053,,
2026-06-11T21:15:00,0.027,,
2026-06-11T21:30:00,0.0,,
2026-06-11T21:45:00,0.0,,
2026-06-11T22:00:00,0.0,,
2026-06-11T22:15:00,0.0,,
2026-06-11T22:30:00,0.0,,
2026-06-11T22:45:00,0.0,,
2026-06-11T23:00:00,0.0,,
2026-06-11T23:15:00,0.0,,
2026-06-11T23:30:00,0.0,,
2026-06-11T23:45:00,0.0,,
2026-06-12T00:00:00,0.0,,
2026-06-12T00:15:00,0.0,,
2026-06-12T00:30:00,0.0,,
2026-06-12T00:45:00,0.0,,
2026-06-12T01:00:00,0.0,,
2026-06-12T01:15:00,0.0,,
2026-06-12T01:30:00,0.0,,
2026-06-12T01:45:00,0.0,,
2026-06-12T02:00:00,0.0,,
2026-06-12T02:15:00,0.0,,
2026-06-12T02:30:00,0.0,,
2026-06-12T02:45:00,0.0,,
2026-06-12T03:00:00,0.0,,
2026-06-12T03:15:00,0.0,,
2026-06-12T03:30:00,0.0,,
2026-06-12T03:45:00,0.0,,
2026-06-12T04:00:00,0.0,,
2026-06-12T04:15:00,0.0,,
2026-06-12T04:30:00,0.0,,
2026-06-12T04:45:00,0.0,,
2026-06-12T05:00:00,0.0,,
2026-06-12T05:15:00,0.0,,
2026-06-12T05:30:00,0.0,,
2026-06-12T05:45:00,0.0,,
2026-06-12T06:00:00,0.0,,
2026-06-12T06:15:00,0.0,,
2026-06-12T06:30:00,0.001,,
2026-06-12T06:45:00,0.001,,
2026-06-12T07:00:00,0.046,,
2026-06-12T07:15:00,0.124,,
2026-06-12T07:30:00,0.163,,
2026-06-12T07:45:00,0.216,,
2026-06-12T08:00:00,0.345,,
2026-06-12T08:15:00,0.457,,
2026-06-12T08:30:00,0.478,,
2026-06-12T08:45:00,0.526,,
2026-06-12T09:00:00,0.515,,
2026-06-12T09:15:00,0.553,,
2026-06-12T09:30:00,0.604,,
2026-06-12T09:45:00,0.685,,
2026-06-12T10:00:00,0.678,,
2026-06-12T10:15:00,0.704,,
2026-06-12T10:30:00,0.757,,
2026-06-12T10:45:00,0.801,,
2026-06-12T11:00:00,0.842,,
2026-06-12T11:15:00,0.871,,
2026-06-12T11:30:00,0.908,,
2026-06-12T11:45:00,0.918,,
2026-06-12T12:00:00,0.932,,
2026-06-12T12:15:00,0.94,,
2026-06-12T12:30:00,0.954,,
2026-06-12T12:45:00,0.96,,
2026-06-12T13:00:00,0.957,,
2026-06-12T13:15:00,0.954,,
2026-06-12T13:30:00,0.951,,
2026-06-12T13:45:00,0.948,,
2026-06-12T14:00:00,0.945,,
2026-06-12T14:15:00,0.942,,
2026-06-12T14:30:00,0.942,,
2026-06-12T14:45:00,0.932,,
2026-06-12T15:00:00,0.899,,
2026-06-12T15:15:00,0.848,,
2026-06-12T15:30:00,0.81,,
2026-06-12T15:45:00,0.79,,
2026-06-12T16:00:00,0.761,,
2026-06-12T16:15:00,0.728,,
2026-06-12T16:30:00,0.694,,
2026-06-12T16:45:00,0.639,,
2026-06-12T17:00:00,0.592,,
2026-06-12T17:15:00,0.587,,
2026-06-12T17:30:00,0.618,,
2026-06-12T17:45:00,0.589,,
2026-06-12T18:00:00,0.568,,
2026-06-12T18:15:00,0.53,,
2026-06-12T18:30:00,0.5,,
2026-06-12T18:45:00,0.493,,
2026-06-12T19:00:00,0.462,,
2026-06-12T19:15:00,0.396,,
2026-06-12T19:30:00,0.379,,
2026-06-12T19:45:00,0.336,,
2026-06-12T20:00:00,0.301,,
2026-06-12T20:15:00,0.155,,
2026-06-12T20:30:00,0.107,,
2026-06-12T20:45:00,0.08,,
2026-06-12T21:00:00,0.054,,
2026-06-12T21:15:00,0.027,,
2026-06-12T21:30:00,0.0,,
2026-06-12T21:45:00,0.0,,
2026-06-12T22:00:00,0.0,,
2026-06-12T22:15:00,0.0,,
2026-06-12T22:30:00,0.0,,
2026-06-12T22:45:00,0.0,,
2026-06-12T23:00:00,0.0,,
2026-06-12T23:15:00,0.0,,
2026-06-12T23:30:00,0.0,,
2026-06-12T23:45:00,0.0,,
2026-06-13T00:00:00,0.0,,
2026-06-13T00:15:00,0.0,,
2026-06-13T00:30:00,0.0,,
2026-06-13T00:45:00,0.0,,
2026-06-13T01:00:00,0.0,,
2026-06-13T01:15:00,0.0,,
2026-06-13T01:30:00,0.0,,
2026-06-13T01:45:00,0.0,,
2026-06-13T02:00:00,0.0,,
2026-06-13T02:15:00,0.0,,
2026-06-13T02:30:00,0.0,,
2026-06-13T02:45:00,0.0,,
2026-06-13T03:00:00,0.0,,
2026-06-13T03:15:00,0.0,,
2026-06-13T03:30:00,0.0,,
2026-06-13T03:45:00,0.0,,
2026-06-13T04:00:00,0.0,,
2026-06-13T04:15:00,0.0,,
2026-06-13T04:30:00,0.0,,
2026-06-13T04:45:00,0.0,,
2026-06-13T05:00:00,0.0,,
2026-06-13T05:15:00,0.0,,
2026-06-13T05:30:00,0.0,,
2026-06-13T05:45:00,0.0,,
2026-06-13T06:00:00,0.0,,
2026-06-13T06:15:00,0.0,,
2026-06-13T06:30:00,0.0,,
2026-06-13T06:45:00,0.0,,
2026-06-13T07:00:00,0.045,,
2026-06-13T07:15:00,0.123,,
2026-06-13T07:30:00,0.162,,
2026-06-13T07:45:00,0.216,,
2026-06-13T08:00:00,0.345,,
2026-06-13T08:15:00,0.456,,
2026-06-13T08:30:00,0.478,,
2026-06-13T08:45:00,0.525,,
2026-06-13T09:00:00,0.515,,
2026-06-13T09:15:00,0.553,,
2026-06-13T09:30:00,0.604,,
2026-06-13T09:45:00,0.685,,
2026-06-13T10:00:00,0.677,,
2026-06-13T10:15:00,0.703,,
2026-06-13T10:30:00,0.756,,
2026-06-13T10:45:00,0.812,,
2026-06-13T11:00:00,0.841,,
2026-06-13T11:15:00,0.87,,
2026-06-13T11:30:00,0.908,,
2026-06-13T11:45:00,0.918,,
2026-06-13T12:00:00,0.931,,
2026-06-13T12:15:00,0.949,,
2026-06-13T12:30:00,0.953,,
2026-06-13T12:45:00,0.959,,
2026-06-13T13:00:00,0.956,,
2026-06-13T13:15:00,0.953,,
2026-06-13T13:30:00,0.949,,
2026-06-13T13:45:00,0.946,,
2026-06-13T14:00:00,0.943,,
2026-06-13T14:15:00,0.94,,
2026-06-13T14:30:00,0.94,,
2026-06-13T14:45:00,0.931,,
2026-06-13T15:00:00,0.898,,
2026-06-13T15:15:00,0.846,,
2026-06-13T15:30:00,0.808,,
2026-06-13T15:45:00,0.789,,
2026-06-13T16:00:00,0.759,,
2026-06-13T16:15:00,0.727,,
2026-06-13T16:30:00,0.693,,
2026-06-13T16:45:00,0.638,,
2026-06-13T17:00:00,0.592,,
2026-06-13T17:15:00,0.586,,
2026-06-13T17:30:00,0.618,,
2026-06-13T17:45:00,0.589,,
2026-06-13T18:00:00,0.568,,
2026-06-13T18:15:00,0.53,,
2026-06-13T18:30:00,0.5,,
2026-06-13T18:45:00,0.494,,
2026-06-13T19:00:00,0.462,,
2026-06-13T19:15:00,0.396,,
2026-06-13T19:30:00,0.379,,
2026-06-13T19:45:00,0.336,,
2026-06-13T20:00:00,0.302,,
2026-06-13T20:15:00,0.156,,
2026-06-13T20:30:00,0.108,,
2026-06-13T20:45:00,0.081,,
2026-06-13T21:00:00,0.054,,
2026-06-13T21:15:00,0.027,,
2026-06-13T21:30:00,0.0,,
2026-06-13T21:45:00,0.0,,
2026-06-13T22:00:00,0.0,,
2026-06-13T22:15:00,0.0,,
2026-06-13T22:30:00,0.0,,
2026-06-13T22:45:00,0.0,,
2026-06-13T23:00:00,0.0,,
2026-06-13T23:15:00,0.0,,
2026-06-13T23:30:00,0.0,,
2026-06-13T23:45:00,0.0,,
2026-06-14T00:00:00,0.0,,
2026-06-14T00:15:00,0.0,,
2026-06-14T00:30:00,0.0,,
2026-06-14T00:45:00,0.0,,
2026-06-14T01:00:00,0.0,,
2026-06-14T01:15:00,0.0,,
2026-06-14T01:30:00,0.0,,
2026-06-14T01:45:00,0.0,,
2026-06-14T02:00:00,0.0,,
2026-06-14T02:15:00,0.0,,
2026-06-14T02:30:00,0.0,,
2026-06-14T02:45:00,0.0,,
2026-06-14T03:00:00,0.0,,
2026-06-14T03:15:00,0.0,,
2026-06-14T03:30:00,0.0,,
2026-06-14T03:45:00,0.0,,
2026-06-14T04:00:00,0.0,,
2026-06-14T04:15:00,0.0,,
2026-06-14T04:30:00,0.0,,
2026-06-14T04:45:00,0.0,,
2026-06-14T05:00:00,0.0,,
2026-06-14T05:15:00,0.0,,
2026-06-14T05:30:00,0.0,,
2026-06-14T05:45:00,0.0,,
2026-06-14T06:00:00,0.0,,
2026-06-14T06:15:00,0.0,,
2026-06-14T06:30:00,0.0,,
2026-06-14T06:45:00,0.0,,
2026-06-14T07:00:00,0.044,,
2026-06-14T07:15:00,0.122,,
2026-06-14T07:30:00,0.161,,
2026-06-14T07:45:00,0.215,,
2026-06-14T08:00:00,0.345,,
2026-06-14T08:15:00,0.456,,
2026-06-14T08:30:00,0.478,,
2026-06-14T08:45:00,0.525,,
2026-06-14T09:00:00,0.514,,
2026-06-14T09:15:00,0.552,,
2026-06-14T09:30:00,0.604,,
2026-06-14T09:45:00,0.685,,
2026-06-14T10:00:00,0.677,,
2026-06-14T10:15:00,0.702,,
2026-06-14T10:30:00,0.755,,
2026-06-14T10:45:00,0.811,,
2026-06-14T11:00:00,0.84,,
2026-06-14T11:15:00,0.869,,
2026-06-14T11:30:00,0.907,,
2026-06-14T11:45:00,0.917,,
2026-06-14T12:00:00,0.93,,
2026-06-14T12:15:00,0.948,,
2026-06-14T12:30:00,0.952,,
2026-06-14T12:45:00,0.958,,
2026-06-14T13:00:00,0.955,,
2026-06-14T13:15:00,0.952,,
2026-06-14T13:30:00,0.949,,
2026-06-14T13:45:00,0.945,,
2026-06-14T14:00:00,0.942,,
2026-06-14T14:15:00,0.939,,
2026-06-14T14:30:00,0.939,,
2026-06-14T14:45:00,0.93,,
2026-06-14T15:00:00,0.896,,
2026-06-14T15:15:00,0.844,,
2026-06-14T15:30:00,0.817,,
2026-06-14T15:45:00,0.788,,
2026-06-14T16:00:00,0.758,,
2026-06-14T16:15:00,0.726,,
2026-06-14T16:30:00,0.692,,
2026-06-14T16:45:00,0.659,,
2026-06-14T17:00:00,0.591,,
2026-06-14T17:15:00,0.585,,
2026-06-14T17:30:00,0.618,,
2026-06-14T17:45:00,0.589,,
2026-06-14T18:00:00,0.568,,
2026-06-14T18:15:00,0.53,,
2026-06-14T18:30:00,0.5,,
2026-06-14T18:45:00,0.494,,
2026-06-14T19:00:00,0.462,,
2026-06-14T19:15:00,0.413,,
2026-06-14T19:30:00,0.379,,
2026-06-14T19:45:00,0.336,,
2026-06-14T20:00:00,0.302,,
2026-06-14T20:15:00,0.221,,
2026-06-14T20:30:00,0.108,,
2026-06-14T20:45:00,0.081,,
2026-06-14T21:00:00,0.054,,
2026-06-14T21:15:00,0.027,,
2026-06-14T21:30:00,0.0,,
2026-06-14T21:45:00,0.0,,
2026-06-14T22:00:00,0.0,,
2026-06-14T22:15:00,0.0,,
2026-06-14T22:30:00,0.0,,
2026-06-14T22:45:00,0.0,,
2026-06-14T23:00:00,0.0,,
2026-06-14T23:15:00,0.0,,
2026-06-14T23:30:00,0.0,,
2026-06-14T23:45:00,0.0,,
2026-06-15T00:00:00,0.0,,
2026-06-15T00:15:00,0.0,,
2026-06-15T00:30:00,0.0,,
2026-06-15T00:45:00,0.0,,
2026-06-15T01:00:00,0.0,,
2026-06-15T01:15:00,0.0,,
2026-06-15T01:30:00,0.0,,
2026-06-15T01:45:00,0.0,,
2026-06-15T02:00:00,0.0,,
2026-06-15T02:15:00,0.0,,
2026-06-15T02:30:00,0.0,,
2026-06-15T02:45:00,0.0,,
2026-06-15T03:00:00,0.0,,
2026-06-15T03:15:00,0.0,,
2026-06-15T03:30:00,0.0,,
2026-06-15T03:45:00,0.0,,
2026-06-15T04:00:00,0.0,,
2026-06-15T04:15:00,0.0,,
2026-06-15T04:30:00,0.0,,
2026-06-15T04:45:00,0.0,,
2026-06-15T05:00:00,0.0,,
2026-06-15T05:15:00,0.0,,
2026-06-15T05:30:00,0.0,,
2026-06-15T05:45:00,0.0,,
2026-06-15T06:00:00,0.0,,
2026-06-15T06:15:00,0.0,,
2026-06-15T06:30:00,0.0,,
2026-06-15T06:45:00,0.0,,
2026-06-15T07:00:00,0.044,,
2026-06-15T07:15:00,0.122,,
2026-06-15T07:30:00,0.161,,
2026-06-15T07:45:00,0.215,,
2026-06-15T08:00:00,0.344,,
2026-06-15T08:15:00,0.456,,
2026-06-15T08:30:00,0.477,,
2026-06-15T08:45:00,0.525,,
2026-06-15T09:00:00,0.514,,
2026-06-15T09:15:00,0.552,,
2026-06-15T09:30:00,0.603,,
2026-06-15T09:45:00,0.685,,
2026-06-15T10:00:00,0.676,,
2026-06-15T10:15:00,0.701,,
2026-06-15T10:30:00,0.755,,
2026-06-15T10:45:00,0.81,,
2026-06-15T11:00:00,0.84,,
2026-06-15T11:15:00,0.869,,
2026-06-15T11:30:00,0.907,,
2026-06-15T11:45:00,0.917,,
2026-06-15T12:00:00,0.93,,
2026-06-15T12:15:00,0.947,,
2026-06-15T12:30:00,0.952,,
2026-06-15T12:45:00,0.957,,
2026-06-15T13:00:00,0.954,,
2026-06-15T13:15:00,0.951,,
2026-06-15T13:30:00,0.948,,
2026-06-15T13:45:00,0.944,,
2026-06-15T14:00:00,0.941,,
2026-06-15T14:15:00,0.938,,
2026-06-15T14:30:00,0.938,,
2026-06-15T14:45:00,0.929,,
2026-06-15T15:00:00,0.895,,
2026-06-15T15:15:00,0.843,,
2026-06-15T15:30:00,0.815,,
2026-06-15T15:45:00,0.787,,
2026-06-15T16:00:00,0.757,,
2026-06-15T16:15:00,0.725,,
2026-06-15T16:30:00,0.692,,
2026-06-15T16:45:00,0.658,,
2026-06-15T17:00:00,0.59,,
2026-06-15T17:15:00,0.585,,
2026-06-15T17:30:00,0.618,,
2026-06-15T17:45:00,0.606,,
2026-06-15T18:00:00,0.568,,
2026-06-15T18:15:00,0.53,,
2026-06-15T18:30:00,0.509,,
2026-06-15T18:45:00,0.494,,
2026-06-15T19:00:00,0.463,,
2026-06-15T19:15:00,0.413,,
2026-06-15T19:30:00,0.379,,
2026-06-15T19:45:00,0.337,,
2026-06-15T20:00:00,0.302,,
2026-06-15T20:15:00,0.221,,
2026-06-15T20:30:00,0.109,,
2026-06-15T20:45:00,0.081,,
2026-06-15T21:00:00,0.054,,
2026-06-15T21:15:00,0.027,,
2026-06-15T21:30:00,0.0,,
2026-06-15T21:45:00,0.0,,
2026-06-15T22:00:00,0.0,,
2026-06-15T22:15:00,0.0,,
2026-06-15T22:30:00,0.0,,
2026-06-15T22:45:00,0.0,,
2026-06-15T23:00:00,0.0,,
2026-06-15T23:15:00,0.0,,
2026-06-15T23:30:00,0.0,,
2026-06-15T23:45:00,0.0,,
2026-06-16T00:00:00,0.0,,
2026-06-16T00:15:00,0.0,,
2026-06-16T00:30:00,0.0,,
2026-06-16T00:45:00,0.0,,
2026-06-16T01:00:00,0.0,,
2026-06-16T01:15:00,0.0,,
2026-06-16T01:30:00,0.0,,
2026-06-16T01:45:00,0.0,,
2026-06-16T02:00:00,0.0,,
2026-06-16T02:15:00,0.0,,
2026-06-16T02:30:00,0.0,,
2026-06-16T02:45:00,0.0,,
2026-06-16T03:00:00,0.0,,
2026-06-16T03:15:00,0.0,,
2026-06-16T03:30:00,0.0,,
2026-06-16T03:45:00,0.0,,
2026-06-16T04:00:00,0.0,,
2026-06-16T04:15:00,0.0,,
2026-06-16T04:30:00,0.0,,
2026-06-16T04:45:00,0.0,,
2026-06-16T05:00:00,0.0,,
2026-06-16T05:15:00,0.0,,
2026-06-16T05:30:00,0.0,,
2026-06-16T05:45:00,0.0,,
2026-06-16T06:00:00,0.0,,
2026-06-16T06:15:00,0.0,,
2026-06-16T06:30:00,0.0,,
2026-06-16T06:45:00,0.0,,
2026-06-16T07:00:00,0.043,,
2026-06-16T07:15:00,0.122,,
2026-06-16T07:30:00,0.161,,
2026-06-16T07:45:00,0.214,,
2026-06-16T08:00:00,0.344,,
2026-06-16T08:15:00,0.455,,
2026-06-16T08:30:00,0.477,,
2026-06-16T08:45:00,0.525,,
2026-06-16T09:00:00,0.513,,
2026-06-16T09:15:00,0.551,,
2026-06-16T09:30:00,0.603,,
2026-06-16T09:45:00,0.684,,
2026-06-16T10:00:00,0.675,,
2026-06-16T10:15:00,0.701,,
2026-06-16T10:30:00,0.754,,
2026-06-16T10:45:00,0.81,,
2026-06-16T11:00:00,0.839,,
2026-06-16T11:15:00,0.868,,
2026-06-16T11:30:00,0.906,,
2026-06-16T11:45:00,0.916,,
2026-06-16T12:00:00,0.929,,
2026-06-16T12:15:00,0.947,,
2026-06-16T12:30:00,0.951,,
2026-06-16T12:45:00,0.957,,
2026-06-16T13:00:00,0.953,,
2026-06-16T13:15:00,0.95,,
2026-06-16T13:30:00,0.947,,
2026-06-16T13:45:00,0.944,,
2026-06-16T14:00:00,0.94,,
2026-06-16T14:15:00,0.937,,
2026-06-16T14:30:00,0.937,,
2026-06-16T14:45:00,0.928,,
2026-06-16T15:00:00,0.894,,
2026-06-16T15:15:00,0.841,,
2026-06-16T15:30:00,0.814,,
2026-06-16T15:45:00,0.786,,
2026-06-16T16:00:00,0.757,,
2026-06-16T16:15:00,0.724,,
2026-06-16T16:30:00,0.691,,
2026-06-16T16:45:00,0.657,,
2026-06-16T17:00:00,0.59,,
2026-06-16T17:15:00,0.585,,
2026-06-16T17:30:00,0.617,,
2026-06-16T17:45:00,0.606,,
2026-06-16T18:00:00,0.568,,
2026-06-16T18:15:00,0.53,,
2026-06-16T18:30:00,0.509,,
2026-06-16T18:45:00,0.494,,
2026-06-16T19:00:00,0.463,,
2026-06-16T19:15:00,0.413,,
2026-06-16T19:30:00,0.379,,
2026-06-16T19:45:00,0.337,,
2026-06-16T20:00:00,0.303,,
2026-06-16T20:15:00,0.222,,
2026-06-16T20:30:00,0.129,,
2026-06-16T20:45:00,0.082,,
2026-06-16T21:00:00,0.054,,
2026-06-16T21:15:00,0.027,,
2026-06-16T21:30:00,0.0,,
2026-06-16T21:45:00,0.0,,
2026-06-16T22:00:00,0.0,,
2026-06-16T22:15:00,0.0,,
2026-06-16T22:30:00,0.0,,
2026-06-16T22:45:00,0.0,,
2026-06-16T23:00:00,0.0,,
2026-06-16T23:15:00,0.0,,
2026-06-16T23:30:00,0.0,,
2026-06-16T23:45:00,0.0,,
2026-06-17T00:00:00,0.0,,
2026-06-17T00:15:00,0.0,,
2026-06-17T00:30:00,0.0,,
2026-06-17T00:45:00,0.0,,
2026-06-17T01:00:00,0.0,,
2026-06-17T01:15:00,0.0,,
2026-06-17T01:30:00,0.0,,
2026-06-17T01:45:00,0.0,,
2026-06-17T02:00:00,0.0,,
2026-06-17T02:15:00,0.0,,
2026-06-17T02:30:00,0.0,,
2026-06-17T02:45:00,0.0,,
2026-06-17T03:00:00,0.0,,
2026-06-17T03:15:00,0.0,,
2026-06-17T03:30:00,0.0,,
2026-06-17T03:45:00,0.0,,
2026-06-17T04:00:00,0.0,,
2026-06-17T04:15:00,0.0,,
2026-06-17T04:30:00,0.0,,
2026-06-17T04:45:00,0.0,,
2026-06-17T05:00:00,0.0,,
2026-06-17T05:15:00,0.0,,
2026-06-17T05:30:00,0.0,,
2026-06-17T05:45:00,0.0,,
2026-06-17T06:00:00,0.0,,
2026-06-17T06:15:00,0.0,,
2026-06-17T06:30:00,0.0,,
2026-06-17T06:45:00,0.0,,
2026-06-17T07:00:00,0.043,,
2026-06-17T07:15:00,0.121,,
2026-06-17T07:30:00,0.16,,
2026-06-17T07:45:00,0.214,,
2026-06-17T08:00:00,0.344,,
2026-06-17T08:15:00,0.455,,
2026-06-17T08:30:00,0.477,,
2026-06-17T08:45:00,0.525,,
2026-06-17T09:00:00,0.513,,
2026-06-17T09:15:00,0.551,,
2026-06-17T09:30:00,0.603,,
2026-06-17T09:45:00,0.684,,
2026-06-17T10:00:00,0.675,,
2026-06-17T10:15:00,0.7,,
2026-06-17T10:30:00,0.754,,
2026-06-17T10:45:00,0.809,,
2026-06-17T11:00:00,0.839,,
2026-06-17T11:15:00,0.868,,
2026-06-17T11:30:00,0.906,,
2026-06-17T11:45:00,0.916,,
2026-06-17T12:00:00,0.929,,
2026-06-17T12:15:00,0.946,,
2026-06-17T12:30:00,0.95,,
2026-06-17T12:45:00,0.956,,
2026-06-17T13:00:00,0.953,,
2026-06-17T13:15:00,0.95,,
2026-06-17T13:30:00,0.946,,
2026-06-17T13:45:00,0.943,,
2026-06-17T14:00:00,0.94,,
2026-06-17T14:15:00,0.937,,
2026-06-17T14:30:00,0.937,,
2026-06-17T14:45:00,0.927,,
2026-06-17T15:00:00,0.893,,
2026-06-17T15:15:00,0.84,,
2026-06-17T15:30:00,0.813,,
2026-06-17T15:45:00,0.785,,
2026-06-17T16:00:00,0.756,,
2026-06-17T16:15:00,0.724,,
2026-06-17T16:30:00,0.69,,
2026-06-17T16:45:00,0.657,,
2026-06-17T17:00:00,0.589,,
2026-06-17T17:15:00,0.584,,
2026-06-17T17:30:00,0.617,,
2026-06-17T17:45:00,0.606,,
2026-06-17T18:00:00,0.568,,
2026-06-17T18:15:00,0.53,,
2026-06-17T18:30:00,0.509,,
2026-06-17T18:45:00,0.494,,
2026-06-17T19:00:00,0.463,,
2026-06-17T19:15:00,0.413,,
2026-06-17T19:30:00,0.38,,
2026-06-17T19:45:00,0.337,,
2026-06-17T20:00:00,0.303,,
2026-06-17T20:15:00,0.222,,
2026-06-17T20:30:00,0.129,,
2026-06-17T20:45:00,0.082,,
2026-06-17T21:00:00,0.055,,
2026-06-17T21:15:00,0.027,,
2026-06-17T21:30:00,0.0,,
2026-06-17T21:45:00,0.0,,
2026-06-17T22:00:00,0.0,,
2026-06-17T22:15:00,0.0,,
2026-06-17T22:30:00,0.0,,
2026-06-17T22:45:00,0.0,,
2026-06-17T23:00:00,0.0,,
2026-06-17T23:15:00,0.0,,
2026-06-17T23:30:00,0.0,,
2026-06-17T23:45:00,0.0,,
2026-06-18T00:00:00,0.0,,
2026-06-18T00:15:00,0.0,,
2026-06-18T00:30:00,0.0,,
2026-06-18T00:45:00,0.0,,
2026-06-18T01:00:00,0.0,,
2026-06-18T01:15:00,0.0,,
2026-06-18T01:30:00,0.0,,
2026-06-18T01:45:00,0.0,,
2026-06-18T02:00:00,0.0,,
2026-06-18T02:15:00,0.0,,
2026-06-18T02:30:00,0.0,,
2026-06-18T02:45:00,0.0,,
2026-06-18T03:00:00,0.0,,
2026-06-18T03:15:00,0.0,,
2026-06-18T03:30:00,0.0,,
2026-06-18T03:45:00,0.0,,
2026-06-18T04:00:00,0.0,,
2026-06-18T04:15:00,0.0,,
2026-06-18T04:30:00,0.0,,
2026-06-18T04:45:00,0.0,,
2026-06-18T05:00:00,0.0,,
2026-06-18T05:15:00,0.0,,
2026-06-18T05:30:00,0.0,,
2026-06-18T05:45:00,0.0,,
2026-06-18T06:00:00,0.0,,
2026-06-18T06:15:00,0.0,,
2026-06-18T06:30:00,0.0,,
2026-06-18T06:45:00,0.0,,
2026-06-18T07:00:00,0.042,,
2026-06-18T07:15:00,0.121,,
2026-06-18T07:30:00,0.16,,
2026-06-18T07:45:00,0.214,,
2026-06-18T08:00:00,0.344,,
2026-06-18T08:15:00,0.455,,
2026-06-18T08:30:00,0.477,,
2026-06-18T08:45:00,0.525,,
2026-06-18T09:00:00,0.513,,
2026-06-18T09:15:00,0.551,,
2026-06-18T09:30:00,0.603,,
2026-06-18T09:45:00,0.684,,
2026-06-18T10:00:00,0.675,,
2026-06-18T10:15:00,0.7,,
2026-06-18T10:30:00,0.753,,
2026-06-18T10:45:00,0.809,,
2026-06-18T11:00:00,0.838,,
2026-06-18T11:15:00,0.868,,
2026-06-18T11:30:00,0.906,,
2026-06-18T11:45:00,0.915,,
2026-06-18T12:00:00,0.929,,
2026-06-18T12:15:00,0.946,,
2026-06-18T12:30:00,0.95,,
2026-06-18T12:45:00,0.956,,
2026-06-18T13:00:00,0.952,,
2026-06-18T13:15:00,0.949,,
2026-06-18T13:30:00,0.946,,
2026-06-18T13:45:00,0.943,,
2026-06-18T14:00:00,0.939,,
2026-06-18T14:15:00,0.936,,
2026-06-18T14:30:00,0.936,,
2026-06-18T14:45:00,0.927,,
2026-06-18T15:00:00,0.892,,
2026-06-18T15:15:00,0.839,,
2026-06-18T15:30:00,0.813,,
2026-06-18T15:45:00,0.785,,
2026-06-18T16:00:00,0.755,,
2026-06-18T16:15:00,0.723,,
2026-06-18T16:30:00,0.69,,
2026-06-18T16:45:00,0.657,,
2026-06-18T17:00:00,0.609,,
2026-06-18T17:15:00,0.584,,
2026-06-18T17:30:00,0.617,,
2026-06-18T17:45:00,0.606,,
2026-06-18T18:00:00,0.568,,
2026-06-18T18:15:00,0.531,,
2026-06-18T18:30:00,0.509,,
2026-06-18T18:45:00,0.494,,
2026-06-18T19:00:00,0.463,,
2026-06-18T19:15:00,0.413,,
2026-06-18T19:30:00,0.38,,
2026-06-18T19:45:00,0.337,,
2026-06-18T20:00:00,0.303,,
2026-06-18T20:15:00,0.222,,
2026-06-18T20:30:00,0.129,,
2026-06-18T20:45:00,0.096,,
2026-06-18T21:00:00,0.055,,
2026-06-18T21:15:00,0.027,,
2026-06-18T21:30:00,0.0,,
2026-06-18T21:45:00,0.0,,
2026-06-18T22:00:00,0.0,,
2026-06-18T22:15:00,0.0,,
2026-06-18T22:30:00,0.0,,
2026-06-18T22:45:00,0.0,,
2026-06-18T23:00:00,0.0,,
2026-06-18T23:15:00,0.0,,
2026-06-18T23:30:00,0.0,,
2026-06-18T23:45:00,0.0,,
2026-06-19T00:00:00,0.0,,
2026-06-19T00:15:00,0.0,,
2026-06-19T00:30:00,0.0,,
2026-06-19T00:45:00,0.0,,
2026-06-19T01:00:00,0.0,,
2026-06-19T01:15:00,0.0,,
2026-06-19T01:30:00,0.0,,
2026-06-19T01:45:00,0.0,,
2026-06-19T02:00:00,0.0,,
2026-06-19T02:15:00,0.0,,
2026-06-19T02:30:00,0.0,,
2026-06-19T02:45:00,0.0,,
2026-06-19T03:00:00,0.0,,
2026-06-19T03:15:00,0.0,,
2026-06-19T03:30:00,0.0,,
2026-06-19T03:45:00,0.0,,
2026-06-19T04:00:00,0.0,,
2026-06-19T04:15:00,0.0,,
2026-06-19T04:30:00,0.0,,
2026-06-19T04:45:00,0.0,,
2026-06-19T05:00:00,0.0,,
2026-06-19T05:15:00,0.0,,
2026-06-19T05:30:00,0.0,,
2026-06-19T05:45:00,0.0,,
2026-06-19T06:00:00,0.0,,
2026-06-19T06:15:00,0.0,,
2026-06-19T06:30:00,0.0,,
2026-06-19T06:45:00,0.0,,
2026-06-19T07:00:00,0.042,,
2026-06-19T07:15:00,0.121,,
2026-06-19T07:30:00,0.16,,
2026-06-19T07:45:00,0.214,,
2026-06-19T08:00:00,0.344,,
2026-06-19T08:15:00,0.455,,
2026-06-19T08:30:00,0.477,,
2026-06-19T08:45:00,0.525,,
2026-06-19T09:00:00,0.513,,
2026-06-19T09:15:00,0.551,,
2026-06-19T09:30:00,0.603,,
2026-06-19T09:45:00,0.684,,
2026-06-19T10:00:00,0.674,,
2026-06-19T10:15:00,0.7,,
2026-06-19T10:30:00,0.753,,
2026-06-19T10:45:00,0.798,,
2026-06-19T11:00:00,0.838,,
2026-06-19T11:15:00,0.867,,
2026-06-19T11:30:00,0.905,,
2026-06-19T11:45:00,0.915,,
2026-06-19T12:00:00,0.928,,
2026-06-19T12:15:00,0.946,,
2026-06-19T12:30:00,0.95,,
2026-06-19T12:45:00,0.955,,
2026-06-19T13:00:00,0.952,,
2026-06-19T13:15:00,0.949,,
2026-06-19T13:30:00,0.945,,
2026-06-19T13:45:00,0.942,,
2026-06-19T14:00:00,0.939,,
2026-06-19T14:15:00,0.936,,
2026-06-19T14:30:00,0.936,,
2026-06-19T14:45:00,0.926,,
2026-06-19T15:00:00,0.892,,
2026-06-19T15:15:00,0.839,,
2026-06-19T15:30:00,0.812,,
2026-06-19T15:45:00,0.784,,
2026-06-19T16:00:00,0.755,,
2026-06-19T16:15:00,0.723,,
2026-06-19T16:30:00,0.69,,
2026-06-19T16:45:00,0.656,,
2026-06-19T17:00:00,0.609,,
2026-06-19T17:15:00,0.584,,
2026-06-19T17:30:00,0.617,,
2026-06-19T17:45:00,0.606,,
2026-06-19T18:00:00,0.568,,
2026-06-19T18:15:00,0.531,,
2026-06-19T18:30:00,0.509,,
2026-06-19T18:45:00,0.494,,
2026-06-19T19:00:00,0.463,,
2026-06-19T19:15:00,0.413,,
2026-06-19T19:30:00,0.391,,
2026-06-19T19:45:00,0.337,,
2026-06-19T20:00:00,0.303,,
2026-06-19T20:15:00,0.222,,
2026-06-19T20:30:00,0.13,,
2026-06-19T20:45:00,0.096,,
2026-06-19T21:00:00,0.068,,
2026-06-19T21:15:00,0.041,,
2026-06-19T21:30:00,0.0,,
2026-06-19T21:45:00,0.0,,
2026-06-19T22:00:00,0.0,,
2026-06-19T22:15:00,0.0,,
2026-06-19T22:30:00,0.0,,
2026-06-19T22:45:00,0.0,,
2026-06-19T23:00:00,0.0,,
2026-06-19T23:15:00,0.0,,
2026-06-19T23:30:00,0.0,,
2026-06-19T23:45:00,0.0,,
2026-06-20T00:00:00,0.0,,
2026-06-20T00:15:00,0.0,,
2026-06-20T00:30:00,0.0,,
2026-06-20T00:45:00,0.0,,
2026-06-20T01:00:00,0.0,,
2026-06-20T01:15:00,0.0,,
2026-06-20T01:30:00,0.0,,
2026-06-20T01:45:00,0.0,,
2026-06-20T02:00:00,0.0,,
2026-06-20T02:15:00,0.0,,
2026-06-20T02:30:00,0.0,,
2026-06-20T02:45:00,0.0,,
2026-06-20T03:00:00,0.0,,
2026-06-20T03:15:00,0.0,,
2026-06-20T03:30:00,0.0,,
2026-06-20T03:45:00,0.0,,
2026-06-20T04:00:00,0.0,,
2026-06-20T04:15:00,0.0,,
2026-06-20T04:30:00,0.0,,
2026-06-20T04:45:00,0.0,,
2026-06-20T05:00:00,0.0,,
2026-06-20T05:15:00,0.0,,
2026-06-20T05:30:00,0.0,,
2026-06-20T05:45:00,0.0,,
2026-06-20T06:00:00,0.0,,
2026-06-20T06:15:00,0.0,,
2026-06-20T06:30:00,0.0,,
2026-06-20T06:45:00,0.0,,
2026-06-20T07:00:00,0.042,,
2026-06-20T07:15:00,0.121,,
2026-06-20T07:30:00,0.16,,
2026-06-20T07:45:00,0.213,,
2026-06-20T08:00:00,0.344,,
2026-06-20T08:15:00,0.455,,
2026-06-20T08:30:00,0.476,,
2026-06-20T08:45:00,0.525,,
2026-06-20T09:00:00,0.512,,
2026-06-20T09:15:00,0.551,,
2026-06-20T09:30:00,0.602,,
2026-06-20T09:45:00,0.684,,
2026-06-20T10:00:00,0.674,,
2026-06-20T10:15:00,0.7,,
2026-06-20T10:30:00,0.753,,
2026-06-20T10:45:00,0.798,,
2026-06-20T11:00:00,0.838,,
2026-06-20T11:15:00,0.867,,
2026-06-20T11:30:00,0.905,,
2026-06-20T11:45:00,0.915,,
2026-06-20T12:00:00,0.928,,
2026-06-20T12:15:00,0.945,,
2026-06-20T12:30:00,0.949,,
2026-06-20T12:45:00,0.955,,
2026-06-20T13:00:00,0.952,,
2026-06-20T13:15:00,0.949,,
2026-06-20T13:30:00,0.945,,
2026-06-20T13:45:00,0.942,,
2026-06-20T14:00:00,0.939,,
2026-06-20T14:15:00,0.935,,
2026-06-20T14:30:00,0.935,,
2026-06-20T14:45:00,0.926,,
2026-06-20T15:00:00,0.892,,
2026-06-20T15:15:00,0.838,,
2026-06-20T15:30:00,0.812,,
2026-06-20T15:45:00,0.784,,
2026-06-20T16:00:00,0.755,,
2026-06-20T16:15:00,0.722,,
2026-06-20T16:30:00,0.69,,
2026-06-20T16:45:00,0.656,,
2026-06-20T17:00:00,0.609,,
2026-06-20T17:15:00,0.584,,
2026-06-20T17:30:00,0.617,,
2026-06-20T17:45:00,0.607,,
2026-06-20T18:00:00,0.568,,
2026-06-20T18:15:00,0.531,,
2026-06-20T18:30:00,0.509,,
2026-06-20T18:45:00,0.494,,
2026-06-20T19:00:00,0.463,,
2026-06-20T19:15:00,0.413,,
2026-06-20T19:30:00,0.391,,
2026-06-20T19:45:00,0.337,,
2026-06-20T20:00:00,0.303,,
2026-06-20T20:15:00,0.222,,
2026-06-20T20:30:00,0.13,,
2026-06-20T20:45:00,0.096,,
2026-06-20T21:00:00,0.069,,
2026-06-20T21:15:00,0.041,,
2026-06-20T21:30:00,0.0,,
2026-06-20T21:45:00,0.0,,
2026-06-20T22:00:00,0.0,,
2026-06-20T22:15:00,0.0,,
2026-06-20T22:30:00,0.0,,
2026-06-20T22:45:00,0.0,,
2026-06-20T23:00:00,0.0,,
2026-06-20T23:15:00,0.0,,
2026-06-20T23:30:00,0.0,,
2026-06-20T23:45:00,0.0,,
2026-06-21T00:00:00,0.0,,
2026-06-21T00:15:00,0.0,,
2026-06-21T00:30:00,0.0,,
2026-06-21T00:45:00,0.0,,
2026-06-21T01:00:00,0.0,,
2026-06-21T01:15:00,0.0,,
2026-06-21T01:30:00,0.0,,
2026-06-21T01:45:00,0.0,,
2026-06-21T02:00:00,0.0,,
2026-06-21T02:15:00,0.0,,
2026-06-21T02:30:00,0.0,,
2026-06-21T02:45:00,0.0,,
2026-06-21T03:00:00,0.0,,
2026-06-21T03:15:00,0.0,,
2026-06-21T03:30:00,0.0,,
2026-06-21T03:45:00,0.0,,
2026-06-21T04:00:00,0.0,,
2026-06-21T04:15:00,0.0,,
2026-06-21T04:30:00,0.0,,
2026-06-21T04:45:00,0.0,,
2026-06-21T05:00:00,0.0,,
2026-06-21T05:15:00,0.0,,
2026-06-21T05:30:00,0.0,,
2026-06-21T05:45:00,0.0,,
2026-06-21T06:00:00,0.0,,
2026-06-21T06:15:00,0.0,,
2026-06-21T06:30:00,0.0,,
2026-06-21T06:45:00,0.0,,
2026-06-21T07:00:00,0.042,,
2026-06-21T07:15:00,0.099,,
2026-06-21T07:30:00,0.16,,
2026-06-21T07:45:00,0.213,,
2026-06-21T08:00:00,0.343,,
2026-06-21T08:15:00,0.455,,
2026-06-21T08:30:00,0.476,,
2026-06-21T08:45:00,0.525,,
2026-06-21T09:00:00,0.512,,
2026-06-21T09:15:00,0.551,,
2026-06-21T09:30:00,0.602,,
2026-06-21T09:45:00,0.672,,
2026-06-21T10:00:00,0.674,,
2026-06-21T10:15:00,0.7,,
2026-06-21T10:30:00,0.753,,
2026-06-21T10:45:00,0.797,,
2026-06-21T11:00:00,0.838,,
2026-06-21T11:15:00,0.867,,
2026-06-21T11:30:00,0.905,,
2026-06-21T11:45:00,0.915,,
2026-06-21T12:00:00,0.928,,
2026-06-21T12:15:00,0.945,,
2026-06-21T12:30:00,0.949,,
2026-06-21T12:45:00,0.955,,
2026-06-21T13:00:00,0.952,,
2026-06-21T13:15:00,0.948,,
2026-06-21T13:30:00,0.945,,
2026-06-21T13:45:00,0.942,,
2026-06-21T14:00:00,0.939,,
2026-06-21T14:15:00,0.935,,
2026-06-21T14:30:00,0.935,,
2026-06-21T14:45:00,0.926,,
2026-06-21T15:00:00,0.891,,
2026-06-21T15:15:00,0.838,,
2026-06-21T15:30:00,0.812,,
2026-06-21T15:45:00,0.784,,
2026-06-21T16:00:00,0.755,,
2026-06-21T16:15:00,0.722,,
2026-06-21T16:30:00,0.689,,
2026-06-21T16:45:00,0.656,,
2026-06-21T17:00:00,0.609,,
2026-06-21T17:15:00,0.584,,
2026-06-21T17:30:00,0.617,,
2026-06-21T17:45:00,0.607,,
2026-06-21T18:00:00,0.568,,
2026-06-21T18:15:00,0.531,,
2026-06-21T18:30:00,0.509,,
2026-06-21T18:45:00,0.494,,
2026-06-21T19:00:00,0.463,,
2026-06-21T19:15:00,0.413,,
2026-06-21T19:30:00,0.391,,
2026-06-21T19:45:00,0.337,,
2026-06-21T20:00:00,0.303,,
2026-06-21T20:15:00,0.222,,
2026-06-21T20:30:00,0.13,,
2026-06-21T20:45:00,0.096,,
2026-06-21T21:00:00,0.069,,
2026-06-21T21:15:00,0.041,,
2026-06-21T21:30:00,0.0,,
2026-06-21T21:45:00,0.0,,
2026-06-21T22:00:00,0.0,,
2026-06-21T22:15:00,0.0,,
2026-06-21T22:30:00,0.0,,
2026-06-21T22:45:00,0.0,,
2026-06-21T23:00:00,0.0,,
2026-06-21T23:15:00,0.0,,
2026-06-21T23:30:00,0.0,,
2026-06-21T23:45:00,0.0,,
2026-06-22T00:00:00,0.0,,
2026-06-22T00:15:00,0.0,,
2026-06-22T00:30:00,0.0,,
2026-06-22T00:45:00,0.0,,
2026-06-22T01:00:00,0.0,,
2026-06-22T01:15:00,0.0,,
2026-06-22T01:30:00,0.0,,
2026-06-22T01:45:00,0.0,,
2026-06-22T02:00:00,0.0,,
2026-06-22T02:15:00,0.0,,
2026-06-22T02:30:00,0.0,,
2026-06-22T02:45:00,0.0,,
2026-06-22T03:00:00,0.0,,
2026-06-22T03:15:00,0.0,,
2026-06-22T03:30:00,0.0,,
2026-06-22T03:45:00,0.0,,
2026-06-22T04:00:00,0.0,,
2026-06-22T04:15:00,0.0,,
2026-06-22T04:30:00,0.0,,
2026-06-22T04:45:00,0.0,,
2026-06-22T05:00:00,0.0,,
2026-06-22T05:15:00,0.0,,
2026-06-22T05:30:00,0.0,,
2026-06-22T05:45:00,0.0,,
2026-06-22T06:00:00,0.0,,
2026-06-22T06:15:00,0.0,,
2026-06-22T06:30:00,0.0,,
2026-06-22T06:45:00,0.0,,
2026-06-22T07:00:00,0.042,,
2026-06-22T07:15:00,0.099,,
2026-06-22T07:30:00,0.16,,
2026-06-22T07:45:00,0.213,,
2026-06-22T08:00:00,0.344,,
2026-06-22T08:15:00,0.455,,
2026-06-22T08:30:00,0.476,,
2026-06-22T08:45:00,0.525,,
2026-06-22T09:00:00,0.522,,
2026-06-22T09:15:00,0.551,,
2026-06-22T09:30:00,0.602,,
2026-06-22T09:45:00,0.672,,
2026-06-22T10:00:00,0.674,,
2026-06-22T10:15:00,0.7,,
2026-06-22T10:30:00,0.753,,
2026-06-22T10:45:00,0.798,,
2026-06-22T11:00:00,0.838,,
2026-06-22T11:15:00,0.867,,
2026-06-22T11:30:00,0.905,,
2026-06-22T11:45:00,0.915,,
2026-06-22T12:00:00,0.928,,
2026-06-22T12:15:00,0.945,,
2026-06-22T12:30:00,0.949,,
2026-06-22T12:45:00,0.955,,
2026-06-22T13:00:00,0.952,,
2026-06-22T13:15:00,0.948,,
2026-06-22T13:30:00,0.945,,
2026-06-22T13:45:00,0.942,,
2026-06-22T14:00:00,0.939,,
2026-06-22T14:15:00,0.935,,
2026-06-22T14:30:00,0.935,,
2026-06-22T14:45:00,0.926,,
2026-06-22T15:00:00,0.891,,
2026-06-22T15:15:00,0.864,,
2026-06-22T15:30:00,0.812,,
2026-06-22T15:45:00,0.784,,
2026-06-22T16:00:00,0.755,,
2026-06-22T16:15:00,0.722,,
2026-06-22T16:30:00,0.69,,
2026-06-22T16:45:00,0.656,,
2026-06-22T17:00:00,0.609,,
2026-06-22T17:15:00,0.584,,
2026-06-22T17:30:00,0.617,,
2026-06-22T17:45:00,0.607,,
2026-06-22T18:00:00,0.589,,
2026-06-22T18:15:00,0.531,,
2026-06-22T18:30:00,0.509,,
2026-06-22T18:45:00,0.488,,
2026-06-22T19:00:00,0.463,,
2026-06-22T19:15:00,0.413,,
2026-06-22T19:30:00,0.391,,
2026-06-22T19:45:00,0.337,,
2026-06-22T20:00:00,0.303,,
2026-06-22T20:15:00,0.222,,
2026-06-22T20:30:00,0.13,,
2026-06-22T20:45:00,0.096,,
2026-06-22T21:00:00,0.069,,
2026-06-22T21:15:00,0.041,,
2026-06-22T21:30:00,0.0,,
2026-06-22T21:45:00,0.0,,
2026-06-22T22:00:00,0.0,,
2026-06-22T22:15:00,0.0,,
2026-06-22T22:30:00,0.0,,
2026-06-22T22:45:00,0.0,,
2026-06-22T23:00:00,0.0,,
2026-06-22T23:15:00,0.0,,
2026-06-22T23:30:00,0.0,,
2026-06-22T23:45:00,0.0,,
2026-06-23T00:00:00,0.0,,
2026-06-23T00:15:00,0.0,,
2026-06-23T00:30:00,0.0,,
2026-06-23T00:45:00,0.0,,
2026-06-23T01:00:00,0.0,,
2026-06-23T01:15:00,0.0,,
2026-06-23T01:30:00,0.0,,
2026-06-23T01:45:00,0.0,,
2026-06-23T02:00:00,0.0,,
2026-06-23T02:15:00,0.0,,
2026-06-23T02:30:00,0.0,,
2026-06-23T02:45:00,0.0,,
2026-06-23T03:00:00,0.0,,
2026-06-23T03:15:00,0.0,,
2026-06-23T03:30:00,0.0,,
2026-06-23T03:45:00,0.0,,
2026-06-23T04:00:00,0.0,,
2026-06-23T04:15:00,0.0,,
2026-06-23T04:30:00,0.0,,
2026-06-23T04:45:00,0.0,,
2026-06-23T05:00:00,0.0,,
2026-06-23T05:15:00,0.0,,
2026-06-23T05:30:00,0.0,,
2026-06-23T05:45:00,0.0,,
2026-06-23T06:00:00,0.0,,
2026-06-23T06:15:00,0.0,,
2026-06-23T06:30:00,0.0,,
2026-06-23T06:45:00,0.0,,
2026-06-23T07:00:00,0.042,,
2026-06-23T07:15:00,0.099,,
2026-06-23T07:30:00,0.16,,
2026-06-23T07:45:00,0.214,,
2026-06-23T08:00:00,0.344,,
2026-06-23T08:15:00,0.438,,
2026-06-23T08:30:00,0.477,,
2026-06-23T08:45:00,0.525,,
2026-06-23T09:00:00,0.522,,
2026-06-23T09:15:00,0.551,,
2026-06-23T09:30:00,0.602,,
2026-06-23T09:45:00,0.673,,
2026-06-23T10:00:00,0.674,,
2026-06-23T10:15:00,0.7,,
2026-06-23T10:30:00,0.753,,
2026-06-23T10:45:00,0.798,,
2026-06-23T11:00:00,0.825,,
2026-06-23T11:15:00,0.867,,
2026-06-23T11:30:00,0.891,,
2026-06-23T11:45:00,0.915,,
2026-06-23T12:00:00,0.928,,
2026-06-23T12:15:00,0.946,,
2026-06-23T12:30:00,0.95,,
2026-06-23T12:45:00,0.955,,
2026-06-23T13:00:00,0.952,,
2026-06-23T13:15:00,0.949,,
2026-06-23T13:30:00,0.945,,
2026-06-23T13:45:00,0.942,,
2026-06-23T14:00:00,0.939,,
2026-06-23T14:15:00,0.935,,
2026-06-23T14:30:00,0.935,,
2026-06-23T14:45:00,0.926,,
2026-06-23T15:00:00,0.892,,
2026-06-23T15:15:00,0.864,,
2026-06-23T15:30:00,0.812,,
2026-06-23T15:45:00,0.784,,
2026-06-23T16:00:00,0.755,,
2026-06-23T16:15:00,0.723,,
2026-06-23T16:30:00,0.69,,
2026-06-23T16:45:00,0.656,,
2026-06-23T17:00:00,0.609,,
2026-06-23T17:15:00,0.584,,
2026-06-23T17:30:00,0.617,,
2026-06-23T17:45:00,0.606,,
2026-06-23T18:00:00,0.589,,
2026-06-23T18:15:00,0.531,,
2026-06-23T18:30:00,0.509,,
2026-06-23T18:45:00,0.488,,
2026-06-23T19:00:00,0.463,,
2026-06-23T19:15:00,0.413,,
2026-06-23T19:30:00,0.391,,
2026-06-23T19:45:00,0.337,,
2026-06-23T20:00:00,0.303,,
2026-06-23T20:15:00,0.222,,
2026-06-23T20:30:00,0.13,,
2026-06-23T20:45:00,0.096,,
2026-06-23T21:00:00,0.068,,
2026-06-23T21:15:00,0.041,,
2026-06-23T21:30:00,0.0,,
2026-06-23T21:45:00,0.0,,
2026-06-23T22:00:00,0.0,,
2026-06-23T22:15:00,0.0,,
2026-06-23T22:30:00,0.0,,
2026-06-23T22:45:00,0.0,,
2026-06-23T23:00:00,0.0,,
2026-06-23T23:15:00,0.0,,
2026-06-23T23:30:00,0.0,,
2026-06-23T23:45:00,0.0,,
2026-06-24T00:00:00,0.0,,
2026-06-24T00:15:00,0.0,,
2026-06-24T00:30:00,0.0,,
2026-06-24T00:45:00,0.0,,
2026-06-24T01:00:00,0.0,,
2026-06-24T01:15:00,0.0,,
2026-06-24T01:30:00,0.0,,
2026-06-24T01:45:00,0.0,,
2026-06-24T02:00:00,0.0,,
2026-06-24T02:15:00,0.0,,
2026-06-24T02:30:00,0.0,,
2026-06-24T02:45:00,0.0,,
2026-06-24T03:00:00,0.0,,
2026-06-24T03:15:00,0.0,,
2026-06-24T03:30:00,0.0,,
2026-06-24T03:45:00,0.0,,
2026-06-24T04:00:00,0.0,,
2026-06-24T04:15:00,0.0,,
2026-06-24T04:30:00,0.0,,
2026-06-24T04:45:00,0.0,,
2026-06-24T05:00:00,0.0,,
2026-06-24T05:15:00,0.0,,
2026-06-24T05:30:00,0.0,,
2026-06-24T05:45:00,0.0,,
2026-06-24T06:00:00,0.0,,
2026-06-24T06:15:00,0.0,,
2026-06-24T06:30:00,0.0,,
2026-06-24T06:45:00,0.0,,
2026-06-24T07:00:00,0.042,,
2026-06-24T07:15:00,0.099,,
2026-06-24T07:30:00,0.16,,
2026-06-24T07:45:00,0.214,,
2026-06-24T08:00:00,0.344,,
2026-06-24T08:15:00,0.438,,
2026-06-24T08:30:00,0.477,,
2026-06-24T08:45:00,0.525,,
2026-06-24T09:00:00,0.522,,
2026-06-24T09:15:00,0.551,,
2026-06-24T09:30:00,0.603,,
2026-06-24T09:45:00,0.673,,
2026-06-24T10:00:00,0.675,,
2026-06-24T10:15:00,0.7,,
2026-06-24T10:30:00,0.753,,
2026-06-24T10:45:00,0.798,,
2026-06-24T11:00:00,0.825,,
2026-06-24T11:15:00,0.852,,
2026-06-24T11:30:00,0.891,,
2026-06-24T11:45:00,0.915,,
2026-06-24T12:00:00,0.928,,
2026-06-24T12:15:00,0.946,,
2026-06-24T12:30:00,0.95,,
2026-06-24T12:45:00,0.955,,
2026-06-24T13:00:00,0.952,,
2026-06-24T13:15:00,0.949,,
2026-06-24T13:30:00,0.946,,
2026-06-24T13:45:00,0.942,,
2026-06-24T14:00:00,0.939,,
2026-06-24T14:15:00,0.936,,
2026-06-24T14:30:00,0.936,,
2026-06-24T14:45:00,0.927,,
2026-06-24T15:00:00,0.892,,
2026-06-24T15:15:00,0.864,,
2026-06-24T15:30:00,0.812,,
2026-06-24T15:45:00,0.784,,
2026-06-24T16:00:00,0.755,,
2026-06-24T16:15:00,0.723,,
2026-06-24T16:30:00,0.69,,
2026-06-24T16:45:00,0.656,,
2026-06-24T17:00:00,0.609,,
2026-06-24T17:15:00,0.584,,
2026-06-24T17:30:00,0.617,,
2026-06-24T17:45:00,0.606,,
2026-06-24T18:00:00,0.589,,
2026-06-24T18:15:00,0.531,,
2026-06-24T18:30:00,0.509,,
2026-06-24T18:45:00,0.488,,
2026-06-24T19:00:00,0.463,,
2026-06-24T19:15:00,0.413,,
2026-06-24T19:30:00,0.391,,
2026-06-24T19:45:00,0.337,,
2026-06-24T20:00:00,0.303,,
2026-06-24T20:15:00,0.222,,
2026-06-24T20:30:00,0.129,,
2026-06-24T20:45:00,0.096,,
2026-06-24T21:00:00,0.068,,
2026-06-24T21:15:00,0.041,,
2026-06-24T21:30:00,0.0,,
2026-06-24T21:45:00,0.0,,
2026-06-24T22:00:00,0.0,,
2026-06-24T22:15:00,0.0,,
2026-06-24T22:30:00,0.0,,
2026-06-24T22:45:00,0.0,,
2026-06-24T23:00:00,0.0,,
2026-06-24T23:15:00,0.0,,
2026-06-24T23:30:00,0.0,,
2026-06-24T23:45:00,0.0,,
2026-06-25T00:00:00,0.0,,
2026-06-25T00:15:00,0.0,,
2026-06-25T00:30:00,0.0,,
2026-06-25T00:45:00,0.0,,
2026-06-25T01:00:00,0.0,,
2026-06-25T01:15:00,0.0,,
2026-06-25T01:30:00,0.0,,
2026-06-25T01:45:00,0.0,,
2026-06-25T02:00:00,0.0,,
2026-06-25T02:15:00,0.0,,
2026-06-25T02:30:00,0.0,,
2026-06-25T02:45:00,0.0,,
2026-06-25T03:00:00,0.0,,
2026-06-25T03:15:00,0.0,,
2026-06-25T03:30:00,0.0,,
2026-06-25T03:45:00,0.0,,
2026-06-25T04:00:00,0.0,,
2026-06-25T04:15:00,0.0,,
2026-06-25T04:30:00,0.0,,
2026-06-25T04:45:00,0.0,,
2026-06-25T05:00:00,0.0,,
2026-06-25T05:15:00,0.0,,
2026-06-25T05:30:00,0.0,,
2026-06-25T05:45:00,0.0,,
2026-06-25T06:00:00,0.0,,
2026-06-25T06:15:00,0.0,,
2026-06-25T06:30:00,0.0,,
2026-06-25T06:45:00,0.0,,
2026-06-25T07:00:00,0.043,,
2026-06-25T07:15:00,0.099,,
2026-06-25T07:30:00,0.16,,
2026-06-25T07:45:00,0.214,,
2026-06-25T08:00:00,0.344,,
2026-06-25T08:15:00,0.438,,
2026-06-25T08:30:00,0.477,,
2026-06-25T08:45:00,0.525,,
2026-06-25T09:00:00,0.522,,
2026-06-25T09:15:00,0.551,,
2026-06-25T09:30:00,0.603,,
2026-06-25T09:45:00,0.673,,
2026-06-25T10:00:00,0.675,,
2026-06-25T10:15:00,0.7,,
2026-06-25T10:30:00,0.754,,
2026-06-25T10:45:00,0.798,,
2026-06-25T11:00:00,0.826,,
2026-06-25T11:15:00,0.852,,
2026-06-25T11:30:00,0.892,,
2026-06-25T11:45:00,0.916,,
2026-06-25T12:00:00,0.929,,
2026-06-25T12:15:00,0.936,,
2026-06-25T12:30:00,0.95,,
2026-06-25T12:45:00,0.956,,
2026-06-25T13:00:00,0.953,,
2026-06-25T13:15:00,0.949,,
2026-06-25T13:30:00,0.946,,
2026-06-25T13:45:00,0.943,,
2026-06-25T14:00:00,0.94,,
2026-06-25T14:15:00,0.936,,
2026-06-25T14:30:00,0.936,,
2026-06-25T14:45:00,0.927,,
2026-06-25T15:00:00,0.893,,
2026-06-25T15:15:00,0.865,,
2026-06-25T15:30:00,0.813,,
2026-06-25T15:45:00,0.785,,
2026-06-25T16:00:00,0.756,,
2026-06-25T16:15:00,0.723,,
2026-06-25T16:30:00,0.69,,
2026-06-25T16:45:00,0.657,,
2026-06-25T17:00:00,0.609,,
2026-06-25T17:15:00,0.579,,
2026-06-25T17:30:00,0.617,,
2026-06-25T17:45:00,0.606,,
2026-06-25T18:00:00,0.589,,
2026-06-25T18:15:00,0.531,,
2026-06-25T18:30:00,0.509,,
2026-06-25T18:45:00,0.488,,
2026-06-25T19:00:00,0.463,,
2026-06-25T19:15:00,0.413,,
2026-06-25T19:30:00,0.391,,
2026-06-25T19:45:00,0.337,,
2026-06-25T20:00:00,0.303,,
2026-06-25T20:15:00,0.222,,
2026-06-25T20:30:00,0.129,,
2026-06-25T20:45:00,0.096,,
2026-06-25T21:00:00,0.068,,
2026-06-25T21:15:00,0.041,,
2026-06-25T21:30:00,0.0,,
2026-06-25T21:45:00,0.0,,
2026-06-25T22:00:00,0.0,,
2026-06-25T22:15:00,0.0,,
2026-06-25T22:30:00,0.0,,
2026-06-25T22:45:00,0.0,,
2026-06-25T23:00:00,0.0,,
2026-06-25T23:15:00,0.0,,
2026-06-25T23:30:00,0.0,,
2026-06-25T23:45:00,0.0,,
2026-06-26T00:00:00,0.0,,
2026-06-26T00:15:00,0.0,,
2026-06-26T00:30:00,0.0,,
2026-06-26T00:45:00,0.0,,
2026-06-26T01:00:00,0.0,,
2026-06-26T01:15:00,0.0,,
2026-06-26T01:30:00,0.0,,
2026-06-26T01:45:00,0.0,,
2026-06-26T02:00:00,0.0,,
2026-06-26T02:15:00,0.0,,
2026-06-26T02:30:00,0.0,,
2026-06-26T02:45:00,0.0,,
2026-06-26T03:00:00,0.0,,
2026-06-26T03:15:00,0.0,,
2026-06-26T03:30:00,0.0,,
2026-06-26T03:45:00,0.0,,
2026-06-26T04:00:00,0.0,,
2026-06-26T04:15:00,0.0,,
2026-06-26T04:30:00,0.0,,
2026-06-26T04:45:00,0.0,,
2026-06-26T05:00:00,0.0,,
2026-06-26T05:15:00,0.0,,
2026-06-26T05:30:00,0.0,,
2026-06-26T05:45:00,0.0,,
2026-06-26T06:00:00,0.0,,
2026-06-26T06:15:00,0.0,,
2026-06-26T06:30:00,0.0,,
2026-06-26T06:45:00,0.0,,
2026-06-26T07:00:00,0.043,,
2026-06-26T07:15:00,0.1,,
2026-06-26T07:30:00,0.152,,
2026-06-26T07:45:00,0.214,,
2026-06-26T08:00:00,0.344,,
2026-06-26T08:15:00,0.438,,
2026-06-26T08:30:00,0.477,,
2026-06-26T08:45:00,0.525,,
2026-06-26T09:00:00,0.522,,
2026-06-26T09:15:00,0.551,,
2026-06-26T09:30:00,0.603,,
2026-06-26T09:45:00,0.673,,
2026-06-26T10:00:00,0.675,,
2026-06-26T10:15:00,0.701,,
2026-06-26T10:30:00,0.754,,
2026-06-26T10:45:00,0.798,,
2026-06-26T11:00:00,0.826,,
2026-06-26T11:15:00,0.852,,
2026-06-26T11:30:00,0.892,,
2026-06-26T11:45:00,0.916,,
2026-06-26T12:00:00,0.929,,
2026-06-26T12:15:00,0.937,,
2026-06-26T12:30:00,0.951,,
2026-06-26T12:45:00,0.956,,
2026-06-26T13:00:00,0.953,,
2026-06-26T13:15:00,0.95,,
2026-06-26T13:30:00,0.947,,
2026-06-26T13:45:00,0.943,,
2026-06-26T14:00:00,0.94,,
2026-06-26T14:15:00,0.937,,
2026-06-26T14:30:00,0.937,,
2026-06-26T14:45:00,0.928,,
2026-06-26T15:00:00,0.893,,
2026-06-26T15:15:00,0.866,,
2026-06-26T15:30:00,0.814,,
2026-06-26T15:45:00,0.786,,
2026-06-26T16:00:00,0.756,,
2026-06-26T16:15:00,0.724,,
2026-06-26T16:30:00,0.691,,
2026-06-26T16:45:00,0.657,,
2026-06-26T17:00:00,0.61,,
2026-06-26T17:15:00,0.579,,
2026-06-26T17:30:00,0.617,,
2026-06-26T17:45:00,0.606,,
2026-06-26T18:00:00,0.588,,
2026-06-26T18:15:00,0.53,,
2026-06-26T18:30:00,0.509,,
2026-06-26T18:45:00,0.487,,
2026-06-26T19:00:00,0.463,,
2026-06-26T19:15:00,0.413,,
2026-06-26T19:30:00,0.391,,
2026-06-26T19:45:00,0.337,,
2026-06-26T20:00:00,0.303,,
2026-06-26T20:15:00,0.222,,
2026-06-26T20:30:00,0.129,,
2026-06-26T20:45:00,0.095,,
2026-06-26T21:00:00,0.068,,
2026-06-26T21:15:00,0.041,,
2026-06-26T21:30:00,0.0,,
2026-06-26T21:45:00,0.0,,
2026-06-26T22:00:00,0.0,,
2026-06-26T22:15:00,0.0,,
2026-06-26T22:30:00,0.0,,
2026-06-26T22:45:00,0.0,,
2026-06-26T23:00:00,0.0,,
2026-06-26T23:15:00,0.0,,
2026-06-26T23:30:00,0.0,,
2026-06-26T23:45:00,0.0,,
2026-06-27T00:00:00,0.0,,
2026-06-27T00:15:00,0.0,,
2026-06-27T00:30:00,0.0,,
2026-06-27T00:45:00,0.0,,
2026-06-27T01:00:00,0.0,,
2026-06-27T01:15:00,0.0,,
2026-06-27T01:30:00,0.0,,
2026-06-27T01:45:00,0.0,,
2026-06-27T02:00:00,0.0,,
2026-06-27T02:15:00,0.0,,
2026-06-27T02:30:00,0.0,,
2026-06-27T02:45:00,0.0,,
2026-06-27T03:00:00,0.0,,
2026-06-27T03:15:00,0.0,,
2026-06-27T03:30:00,0.0,,
2026-06-27T03:45:00,0.0,,
2026-06-27T04:00:00,0.0,,
2026-06-27T04:15:00,0.0,,
2026-06-27T04:30:00,0.0,,
2026-06-27T04:45:00,0.0,,
2026-06-27T05:00:00,0.0,,
2026-06-27T05:15:00,0.0,,
2026-06-27T05:30:00,0.0,,
2026-06-27T05:45:00,0.0,,
2026-06-27T06:00:00,0.0,,
2026-06-27T06:15:00,0.0,,
2026-06-27T06:30:00,0.0,,
2026-06-27T06:45:00,0.0,,
2026-06-27T07:00:00,0.043,,
2026-06-27T07:15:00,0.1,,
2026-06-27T07:30:00,0.152,,
2026-06-27T07:45:00,0.215,,
2026-06-27T08:00:00,0.344,,
2026-06-27T08:15:00,0.439,,
2026-06-27T08:30:00,0.477,,
2026-06-27T08:45:00,0.525,,
2026-06-27T09:00:00,0.523,,
2026-06-27T09:15:00,0.552,,
2026-06-27T09:30:00,0.603,,
2026-06-27T09:45:00,0.673,,
2026-06-27T10:00:00,0.676,,
2026-06-27T10:15:00,0.701,,
2026-06-27T10:30:00,0.754,,
2026-06-27T10:45:00,0.799,,
2026-06-27T11:00:00,0.827,,
2026-06-27T11:15:00,0.853,,
2026-06-27T11:30:00,0.892,,
2026-06-27T11:45:00,0.916,,
2026-06-27T12:00:00,0.93,,
2026-06-27T12:15:00,0.937,,
2026-06-27T12:30:00,0.951,,
2026-06-27T12:45:00,0.957,,
2026-06-27T13:00:00,0.954,,
2026-06-27T13:15:00,0.95,,
2026-06-27T13:30:00,0.947,,
2026-06-27T13:45:00,0.944,,
2026-06-27T14:00:00,0.941,,
2026-06-27T14:15:00,0.938,,
2026-06-27T14:30:00,0.938,,
2026-06-27T14:45:00,0.929,,
2026-06-27T15:00:00,0.894,,
2026-06-27T15:15:00,0.867,,
2026-06-27T15:30:00,0.815,,
2026-06-27T15:45:00,0.786,,
2026-06-27T16:00:00,0.757,,
2026-06-27T16:15:00,0.724,,
2026-06-27T16:30:00,0.691,,
2026-06-27T16:45:00,0.658,,
2026-06-27T17:00:00,0.61,,
2026-06-27T17:15:00,0.579,,
2026-06-27T17:30:00,0.618,,
2026-06-27T17:45:00,0.606,,
2026-06-27T18:00:00,0.588,,
2026-06-27T18:15:00,0.53,,
2026-06-27T18:30:00,0.509,,
2026-06-27T18:45:00,0.487,,
2026-06-27T19:00:00,0.463,,
2026-06-27T19:15:00,0.413,,
2026-06-27T19:30:00,0.39,,
2026-06-27T19:45:00,0.337,,
2026-06-27T20:00:00,0.302,,
2026-06-27T20:15:00,0.221,,
2026-06-27T20:30:00,0.129,,
2026-06-27T20:45:00,0.095,,
2026-06-27T21:00:00,0.068,,
2026-06-27T21:15:00,0.041,,
2026-06-27T21:30:00,0.0,,
2026-06-27T21:45:00,0.0,,
2026-06-27T22:00:00,0.0,,
2026-06-27T22:15:00,0.0,,
2026-06-27T22:30:00,0.0,,
2026-06-27T22:45:00,0.0,,
2026-06-27T23:00:00,0.0,,
2026-06-27T23:15:00,0.0,,
2026-06-27T23:30:00,0.0,,
2026-06-27T23:45:00,0.0,,
2026-06-28T00:00:00,0.0,,
2026-06-28T00:15:00,0.0,,
2026-06-28T00:30:00,0.0,,
2026-06-28T00:45:00,0.0,,
2026-06-28T01:00:00,0.0,,
2026-06-28T01:15:00,0.0,,
2026-06-28T01:30:00,0.0,,
2026-06-28T01:45:00,0.0,,
2026-06-28T02:00:00,0.0,,
2026-06-28T02:15:00,0.0,,
2026-06-28T02:30:00,0.0,,
2026-06-28T02:45:00,0.0,,
2026-06-28T03:00:00,0.0,,
2026-06-28T03:15:00,0.0,,
2026-06-28T03:30:00,0.0,,
2026-06-28T03:45:00,0.0,,
2026-06-28T04:00:00,0.0,,
2026-06-28T04:15:00,0.0,,
2026-06-28T04:30:00,0.0,,
2026-06-28T04:45:00,0.0,,
2026-06-28T05:00:00,0.0,,
2026-06-28T05:15:00,0.0,,
2026-06-28T05:30:00,0.0,,
2026-06-28T05:45:00,0.0,,
2026-06-28T06:00:00,0.0,,
2026-06-28T06:15:00,0.0,,
2026-06-28T06:30:00,0.0,,
2026-06-28T06:45:00,0.0,,
2026-06-28T07:00:00,0.044,,
2026-06-28T07:15:00,0.101,,
2026-06-28T07:30:00,0.152,,
2026-06-28T07:45:00,0.215,,
2026-06-28T08:00:00,0.344,,
2026-06-28T08:15:00,0.439,,
2026-06-28T08:30:00,0.477,,
2026-06-28T08:45:00,0.525,,
2026-06-28T09:00:00,0.523,,
2026-06-28T09:15:00,0.552,,
2026-06-28T09:30:00,0.603,,
2026-06-28T09:45:00,0.673,,
2026-06-28T10:00:00,0.681,,
2026-06-28T10:15:00,0.702,,
2026-06-28T10:30:00,0.755,,
2026-06-28T10:45:00,0.799,,
2026-06-28T11:00:00,0.827,,
2026-06-28T11:15:00,0.853,,
2026-06-28T11:30:00,0.893,,
2026-06-28T11:45:00,0.917,,
2026-06-28T12:00:00,0.93,,
2026-06-28T12:15:00,0.938,,
2026-06-28T12:30:00,0.952,,
2026-06-28T12:45:00,0.958,,
2026-06-28T13:00:00,0.954,,
2026-06-28T13:15:00,0.951,,
2026-06-28T13:30:00,0.948,,
2026-06-28T13:45:00,0.945,,
2026-06-28T14:00:00,0.942,,
2026-06-28T14:15:00,0.939,,
2026-06-28T14:30:00,0.939,,
2026-06-28T14:45:00,0.929,,
2026-06-28T15:00:00,0.896,,
2026-06-28T15:15:00,0.868,,
2026-06-28T15:30:00,0.816,,
2026-06-28T15:45:00,0.787,,
2026-06-28T16:00:00,0.758,,
2026-06-28T16:15:00,0.725,,
2026-06-28T16:30:00,0.692,,
2026-06-28T16:45:00,0.658,,
2026-06-28T17:00:00,0.611,,
2026-06-28T17:15:00,0.58,,
2026-06-28T17:30:00,0.618,,
2026-06-28T17:45:00,0.606,,
2026-06-28T18:00:00,0.588,,
2026-06-28T18:15:00,0.53,,
2026-06-28T18:30:00,0.509,,
2026-06-28T18:45:00,0.487,,
2026-06-28T19:00:00,0.463,,
2026-06-28T19:15:00,0.413,,
2026-06-28T19:30:00,0.39,,
2026-06-28T19:45:00,0.337,,
2026-06-28T20:00:00,0.302,,
2026-06-28T20:15:00,0.221,,
2026-06-28T20:30:00,0.128,,
2026-06-28T20:45:00,0.095,,
2026-06-28T21:00:00,0.068,,
2026-06-28T21:15:00,0.041,,
2026-06-28T21:30:00,0.0,,
2026-06-28T21:45:00,0.0,,
2026-06-28T22:00:00,0.0,,
2026-06-28T22:15:00,0.0,,
2026-06-28T22:30:00,0.0,,
2026-06-28T22:45:00,0.0,,
2026-06-28T23:00:00,0.0,,
2026-06-28T23:15:00,0.0,,
2026-06-28T23:30:00,0.0,,
2026-06-28T23:45:00,0.0,,
2026-06-29T00:00:00,0.0,,
2026-06-29T00:15:00,0.0,,
2026-06-29T00:30:00,0.0,,
2026-06-29T00:45:00,0.0,,
2026-06-29T01:00:00,0.0,,
2026-06-29T01:15:00,0.0,,
2026-06-29T01:30:00,0.0,,
2026-06-29T01:45:00,0.0,,
2026-06-29T02:00:00,0.0,,
2026-06-29T02:15:00,0.0,,
2026-06-29T02:30:00,0.0,,
2026-06-29T02:45:00,0.0,,
2026-06-29T03:00:00,0.0,,
2026-06-29T03:15:00,0.0,,
2026-06-29T03:30:00,0.0,,
2026-06-29T03:45:00,0.0,,
2026-06-29T04:00:00,0.0,,
2026-06-29T04:15:00,0.0,,
2026-06-29T04:30:00,0.0,,
2026-06-29T04:45:00,0.0,,
2026-06-29T05:00:00,0.0,,
2026-06-29T05:15:00,0.0,,
2026-06-29T05:30:00,0.0,,
2026-06-29T05:45:00,0.0,,
2026-06-29T06:00:00,0.0,,
2026-06-29T06:15:00,0.0,,
2026-06-29T06:30:00,0.0,,
2026-06-29T06:45:00,0.0,,
2026-06-29T07:00:00,0.044,,
2026-06-29T07:15:00,0.101,,
2026-06-29T07:30:00,0.153,,
2026-06-29T07:45:00,0.216,,
2026-06-29T08:00:00,0.345,,
2026-06-29T08:15:00,0.439,,
2026-06-29T08:30:00,0.475,,
2026-06-29T08:45:00,0.525,,
2026-06-29T09:00:00,0.523,,
2026-06-29T09:15:00,0.535,,
2026-06-29T09:30:00,0.604,,
2026-06-29T09:45:00,0.673,,
2026-06-29T10:00:00,0.682,,
2026-06-29T10:15:00,0.702,,
2026-06-29T10:30:00,0.756,,
2026-06-29T10:45:00,0.8,,
2026-06-29T11:00:00,0.828,,
2026-06-29T11:15:00,0.854,,
2026-06-29T11:30:00,0.893,,
2026-06-29T11:45:00,0.917,,
2026-06-29T12:00:00,0.931,,
2026-06-29T12:15:00,0.938,,
2026-06-29T12:30:00,0.953,,
2026-06-29T12:45:00,0.958,,
2026-06-29T13:00:00,0.955,,
2026-06-29T13:15:00,0.952,,
2026-06-29T13:30:00,0.949,,
2026-06-29T13:45:00,0.946,,
2026-06-29T14:00:00,0.943,,
2026-06-29T14:15:00,0.94,,
2026-06-29T14:30:00,0.94,,
2026-06-29T14:45:00,0.931,,
2026-06-29T15:00:00,0.897,,
2026-06-29T15:15:00,0.845,,
2026-06-29T15:30:00,0.818,,
2026-06-29T15:45:00,0.788,,
2026-06-29T16:00:00,0.759,,
2026-06-29T16:15:00,0.726,,
2026-06-29T16:30:00,0.693,,
2026-06-29T16:45:00,0.659,,
2026-06-29T17:00:00,0.611,,
2026-06-29T17:15:00,0.581,,
2026-06-29T17:30:00,0.618,,
2026-06-29T17:45:00,0.606,,
2026-06-29T18:00:00,0.588,,
2026-06-29T18:15:00,0.53,,
2026-06-29T18:30:00,0.509,,
2026-06-29T18:45:00,0.487,,
2026-06-29T19:00:00,0.462,,
2026-06-29T19:15:00,0.413,,
2026-06-29T19:30:00,0.39,,
2026-06-29T19:45:00,0.336,,
2026-06-29T20:00:00,0.302,,
2026-06-29T20:15:00,0.221,,
2026-06-29T20:30:00,0.128,,
2026-06-29T20:45:00,0.094,,
2026-06-29T21:00:00,0.068,,
2026-06-29T21:15:00,0.041,,
2026-06-29T21:30:00,0.0,,
2026-06-29T21:45:00,0.0,,
2026-06-29T22:00:00,0.0,,
2026-06-29T22:15:00,0.0,,
2026-06-29T22:30:00,0.0,,
2026-06-29T22:45:00,0.0,,
2026-06-29T23:00:00,0.0,,
2026-06-29T23:15:00,0.0,,
2026-06-29T23:30:00,0.0,,
2026-06-29T23:45:00,0.0,,
2026-06-30T00:00:00,0.0,,
2026-06-30T00:15:00,0.0,,
2026-06-30T00:30:00,0.0,,
2026-06-30T00:45:00,0.0,,
2026-06-30T01:00:00,0.0,,
2026-06-30T01:15:00,0.0,,
2026-06-30T01:30:00,0.0,,
2026-06-30T01:45:00,0.0,,
2026-06-30T02:00:00,0.0,,
2026-06-30T02:15:00,0.0,,
2026-06-30T02:30:00,0.0,,
2026-06-30T02:45:00,0.0,,
2026-06-30T03:00:00,0.0,,
2026-06-30T03:15:00,0.0,,
2026-06-30T03:30:00,0.0,,
2026-06-30T03:45:00,0.0,,
2026-06-30T04:00:00,0.0,,
2026-06-30T04:15:00,0.0,,
2026-06-30T04:30:00,0.0,,
2026-06-30T04:45:00,0.0,,
2026-06-30T05:00:00,0.0,,
2026-06-30T05:15:00,0.0,,
2026-06-30T05:30:00,0.0,,
2026-06-30T05:45:00,0.0,,
2026-06-30T06:00:00,0.0,,
2026-06-30T06:15:00,0.0,,
2026-06-30T06:30:00,0.0,,
2026-06-30T06:45:00,0.0,,
2026-06-30T07:00:00,0.045,,
2026-06-30T07:15:00,0.102,,
2026-06-30T07:30:00,0.153,,
2026-06-30T07:45:00,0.185,,
2026-06-30T08:00:00,0.345,,
2026-06-30T08:15:00,0.439,,
2026-06-30T08:30:00,0.475,,
2026-06-30T08:45:00,0.525,,
2026-06-30T09:00:00,0.524,,
2026-06-30T09:15:00,0.535,,
2026-06-30T09:30:00,0.604,,
2026-06-30T09:45:00,0.674,,
2026-06-30T10:00:00,0.682,,
2026-06-30T10:15:00,0.703,,
2026-06-30T10:30:00,0.756,,
2026-06-30T10:45:00,0.801,,
2026-06-30T11:00:00,0.828,,
2026-06-30T11:15:00,0.854,,
2026-06-30T11:30:00,0.894,,
2026-06-30T11:45:00,0.918,,
2026-06-30T12:00:00,0.932,,
2026-06-30T12:15:00,0.939,,
2026-06-30T12:30:00,0.954,,
2026-06-30T12:45:00,0.959,,
2026-06-30T13:00:00,0.956,,
2026-06-30T13:15:00,0.953,,
2026-06-30T13:30:00,0.95,,
2026-06-30T13:45:00,0.947,,
2026-06-30T14:00:00,0.944,,
2026-06-30T14:15:00,0.941,,
2026-06-30T14:30:00,0.941,,
2026-06-30T14:45:00,0.932,,
2026-06-30T15:00:00,0.898,,
2026-06-30T15:15:00,0.847,,
2026-06-30T15:30:00,0.819,,
2026-06-30T15:45:00,0.79,,
2026-06-30T16:00:00,0.76,,
2026-06-30T16:15:00,0.727,,
2026-06-30T16:30:00,0.693,,
2026-06-30T16:45:00,0.66,,
2026-06-30T17:00:00,0.612,,
2026-06-30T17:15:00,0.586,,
2026-06-30T17:30:00,0.618,,
2026-06-30T17:45:00,0.606,,
2026-06-30T18:00:00,0.588,,
2026-06-30T18:15:00,0.53,,
2026-06-30T18:30:00,0.509,,
2026-06-30T18:45:00,0.487,,
2026-06-30T19:00:00,0.462,,
2026-06-30T19:15:00,0.413,,
2026-06-30T19:30:00,0.39,,
2026-06-30T19:45:00,0.336,,
2026-06-30T20:00:00,0.301,,
2026-06-30T20:15:00,0.22,,
2026-06-30T20:30:00,0.128,,
2026-06-30T20:45:00,0.094,,
2026-06-30T21:00:00,0.067,,
2026-06-30T21:15:00,0.04,,
2026-06-30T21:30:00,0.0,,
2026-06-30T21:45:00,0.0,,
2026-06-30T22:00:00,0.0,,
2026-06-30T22:15:00,0.0,,
2026-06-30T22:30:00,0.0,,
2026-06-30T22:45:00,0.0,,
2026-06-30T23:00:00,0.0,,
2026-06-30T23:15:00,0.0,,
2026-06-30T23:30:00,0.0,,
2026-06-30T23:45:00,0.0,,
2026-07-01T00:00:00,0.0,,
2026-07-01T00:15:00,0.0,,
2026-07-01T00:30:00,0.0,,
2026-07-01T00:45:00,0.0,,
2026-07-01T01:00:00,0.0,,
2026-07-01T01:15:00,0.0,,
2026-07-01T01:30:00,0.0,,
2026-07-01T01:45:00,0.0,,
2026-07-01T02:00:00,0.0,,
2026-07-01T02:15:00,0.0,,
2026-07-01T02:30:00,0.0,,
2026-07-01T02:45:00,0.0,,
2026-07-01T03:00:00,0.0,,
2026-07-01T03:15:00,0.0,,
2026-07-01T03:30:00,0.0,,
2026-07-01T03:45:00,0.0,,
2026-07-01T04:00:00,0.0,,
2026-07-01T04:15:00,0.0,,
2026-07-01T04:30:00,0.0,,
2026-07-01T04:45:00,0.0,,
2026-07-01T05:00:00,0.0,,
2026-07-01T05:15:00,0.0,,
2026-07-01T05:30:00,0.0,,
2026-07-01T05:45:00,0.0,,
2026-07-01T06:00:00,0.0,,
2026-07-01T06:15:00,0.001,,
2026-07-01T06:30:00,0.001,,
2026-07-01T06:45:00,0.001,,
2026-07-01T07:00:00,0.046,,
2026-07-01T07:15:00,0.102,,
2026-07-01T07:30:00,0.154,,
2026-07-01T07:45:00,0.186,,
2026-07-01T08:00:00,0.345,,
2026-07-01T08:15:00,0.44,,
2026-07-01T08:30:00,0.476,,
2026-07-01T08:45:00,0.526,,
2026-07-01T09:00:00,0.524,,
2026-07-01T09:15:00,0.536,,
2026-07-01T09:30:00,0.605,,
2026-07-01T09:45:00,0.674,,
2026-07-01T10:00:00,0.683,,
2026-07-01T10:15:00,0.686,,
2026-07-01T10:30:00,0.757,,
2026-07-01T10:45:00,0.801,,
2026-07-01T11:00:00,0.829,,
2026-07-01T11:15:00,0.855,,
2026-07-01T11:30:00,0.895,,
2026-07-01T11:45:00,0.919,,
2026-07-01T12:00:00,0.932,,
2026-07-01T12:15:00,0.94,,
2026-07-01T12:30:00,0.95,,
2026-07-01T12:45:00,0.96,,
2026-07-01T13:00:00,0.957,,
2026-07-01T13:15:00,0.954,,
2026-07-01T13:30:00,0.951,,
2026-07-01T13:45:00,0.948,,
2026-07-01T14:00:00,0.945,,
2026-07-01T14:15:00,0.942,,
2026-07-01T14:30:00,0.942,,
2026-07-01T14:45:00,0.933,,
2026-07-01T15:00:00,0.9,,
2026-07-01T15:15:00,0.849,,
2026-07-01T15:30:00,0.821,,
2026-07-01T15:45:00,0.791,,
2026-07-01T16:00:00,0.761,,
2026-07-01T16:15:00,0.728,,
2026-07-01T16:30:00,0.694,,
2026-07-01T16:45:00,0.661,,
2026-07-01T17:00:00,0.613,,
2026-07-01T17:15:00,0.587,,
2026-07-01T17:30:00,0.618,,
2026-07-01T17:45:00,0.606,,
2026-07-01T18:00:00,0.588,,
2026-07-01T18:15:00,0.53,,
2026-07-01T18:30:00,0.509,,
2026-07-01T18:45:00,0.487,,
2026-07-01T19:00:00,0.462,,
2026-07-01T19:15:00,0.413,,
2026-07-01T19:30:00,0.39,,
2026-07-01T19:45:00,0.336,,
2026-07-01T20:00:00,0.301,,
2026-07-01T20:15:00,0.22,,
2026-07-01T20:30:00,0.127,,
2026-07-01T20:45:00,0.094,,
2026-07-01T21:00:00,0.067,,
2026-07-01T21:15:00,0.04,,
2026-07-01T21:30:00,0.0,,
2026-07-01T21:45:00,0.0,,
2026-07-01T22:00:00,0.0,,
2026-07-01T22:15:00,0.0,,
2026-07-01T22:30:00,0.0,,
2026-07-01T22:45:00,0.0,,
2026-07-01T23:00:00,0.0,,
2026-07-01T23:15:00,0.0,,
2026-07-01T23:30:00,0.0,,
2026-07-01T23:45:00,0.0,,
2026-07-02T00:00:00,0.0,,
2026-07-02T00:15:00,0.0,,
2026-07-02T00:30:00,0.0,,
2026-07-02T00:45:00,0.0,,
2026-07-02T01:00:00,0.0,,
2026-07-02T01:15:00,0.0,,
2026-07-02T01:30:00,0.0,,
2026-07-02T01:45:00,0.0,,
2026-07-02T02:00:00,0.0,,
2026-07-02T02:15:00,0.0,,
2026-07-02T02:30:00,0.0,,
2026-07-02T02:45:00,0.0,,
2026-07-02T03:00:00,0.0,,
2026-07-02T03:15:00,0.0,,
2026-07-02T03:30:00,0.0,,
2026-07-02T03:45:00,0.0,,
2026-07-02T04:00:00,0.0,,
2026-07-02T04:15:00,0.0,,
2026-07-02T04:30:00,0.0,,
2026-07-02T04:45:00,0.0,,
2026-07-02T05:00:00,0.0,,
2026-07-02T05:15:00,0.0,,
2026-07-02T05:30:00,0.0,,
2026-07-02T05:45:00,0.0,,
2026-07-02T06:00:00,0.0,,
2026-07-02T06:15:00,0.001,,
2026-07-02T06:30:00,0.001,,
2026-07-02T06:45:00,0.002,,
2026-07-02T07:00:00,0.047,,
2026-07-02T07:15:00,0.103,,
2026-07-02T07:30:00,0.155,,
2026-07-02T07:45:00,0.186,,
2026-07-02T08:00:00,0.346,,
2026-07-02T08:15:00,0.44,,
2026-07-02T08:30:00,0.476,,
2026-07-02T08:45:00,0.526,,
2026-07-02T09:00:00,0.524,,
2026-07-02T09:15:00,0.537,,
2026-07-02T09:30:00,0.605,,
2026-07-02T09:45:00,0.674,,
2026-07-02T10:00:00,0.683,,
2026-07-02T10:15:00,0.687,,
2026-07-02T10:30:00,0.758,,
2026-07-02T10:45:00,0.802,,
2026-07-02T11:00:00,0.83,,
2026-07-02T11:15:00,0.856,,
2026-07-02T11:30:00,0.895,,
2026-07-02T11:45:00,0.92,,
2026-07-02T12:00:00,0.922,,
2026-07-02T12:15:00,0.941,,
2026-07-02T12:30:00,0.951,,
2026-07-02T12:45:00,0.961,,
2026-07-02T13:00:00,0.958,,
2026-07-02T13:15:00,0.955,,
2026-07-02T13:30:00,0.953,,
2026-07-02T13:45:00,0.95,,
2026-07-02T14:00:00,0.947,,
2026-07-02T14:15:00,0.944,,
2026-07-02T14:30:00,0.944,,
2026-07-02T14:45:00,0.935,,
2026-07-02T15:00:00,0.902,,
2026-07-02T15:15:00,0.851,,
2026-07-02T15:30:00,0.823,,
2026-07-02T15:45:00,0.792,,
2026-07-02T16:00:00,0.763,,
2026-07-02T16:15:00,0.73,,
2026-07-02T16:30:00,0.696,,
2026-07-02T16:45:00,0.662,,
2026-07-02T17:00:00,0.614,,
2026-07-02T17:15:00,0.588,,
2026-07-02T17:30:00,0.618,,
2026-07-02T17:45:00,0.606,,
2026-07-02T18:00:00,0.588,,
2026-07-02T18:15:00,0.53,,
2026-07-02T18:30:00,0.509,,
2026-07-02T18:45:00,0.487,,
2026-07-02T19:00:00,0.462,,
2026-07-02T19:15:00,0.413,,
2026-07-02T19:30:00,0.389,,
2026-07-02T19:45:00,0.335,,
2026-07-02T20:00:00,0.301,,
2026-07-02T20:15:00,0.219,,
2026-07-02T20:30:00,0.126,,
2026-07-02T20:45:00,0.093,,
2026-07-02T21:00:00,0.067,,
2026-07-02T21:15:00,0.04,,
2026-07-02T21:30:00,0.0,,
2026-07-02T21:45:00,0.0,,
2026-07-02T22:00:00,0.0,,
2026-07-02T22:15:00,0.0,,
2026-07-02T22:30:00,0.0,,
2026-07-02T22:45:00,0.0,,
2026-07-02T23:00:00,0.0,,
2026-07-02T23:15:00,0.0,,
2026-07-02T23:30:00,0.0,,
2026-07-02T23:45:00,0.0,,
2026-07-03T00:00:00,0.0,,
2026-07-03T00:15:00,0.0,,
2026-07-03T00:30:00,0.0,,
2026-07-03T00:45:00,0.0,,
2026-07-03T01:00:00,0.0,,
2026-07-03T01:15:00,0.0,,
2026-07-03T01:30:00,0.0,,
2026-07-03T01:45:00,0.0,,
2026-07-03T02:00:00,0.0,,
2026-07-03T02:15:00,0.0,,
2026-07-03T02:30:00,0.0,,
2026-07-03T02:45:00,0.0,,
2026-07-03T03:00:00,0.0,,
2026-07-03T03:15:00,0.0,,
2026-07-03T03:30:00,0.0,,
2026-07-03T03:45:00,0.0,,
2026-07-03T04:00:00,0.0,,
2026-07-03T04:15:00,0.0,,
2026-07-03T04:30:00,0.0,,
2026-07-03T04:45:00,0.0,,
2026-07-03T05:00:00,0.0,,
2026-07-03T05:15:00,0.0,,
2026-07-03T05:30:00,0.0,,
2026-07-03T05:45:00,0.0,,
2026-07-03T06:00:00,0.0,,
2026-07-03T06:15:00,0.001,,
2026-07-03T06:30:00,0.002,,
2026-07-03T06:45:00,0.002,,
2026-07-03T07:00:00,0.048,,
2026-07-03T07:15:00,0.104,,
2026-07-03T07:30:00,0.156,,
2026-07-03T07:45:00,0.187,,
2026-07-03T08:00:00,0.346,,
2026-07-03T08:15:00,0.441,,
2026-07-03T08:30:00,0.476,,
2026-07-03T08:45:00,0.507,,
2026-07-03T09:00:00,0.525,,
2026-07-03T09:15:00,0.537,,
2026-07-03T09:30:00,0.574,,
2026-07-03T09:45:00,0.674,,
2026-07-03T10:00:00,0.684,,
2026-07-03T10:15:00,0.688,,
2026-07-03T10:30:00,0.759,,
2026-07-03T10:45:00,0.803,,
2026-07-03T11:00:00,0.831,,
2026-07-03T11:15:00,0.857,,
2026-07-03T11:30:00,0.896,,
2026-07-03T11:45:00,0.921,,
2026-07-03T12:00:00,0.923,,
2026-07-03T12:15:00,0.942,,
2026-07-03T12:30:00,0.952,,
2026-07-03T12:45:00,0.957,,
2026-07-03T13:00:00,0.96,,
2026-07-03T13:15:00,0.957,,
2026-07-03T13:30:00,0.954,,
2026-07-03T13:45:00,0.951,,
2026-07-03T14:00:00,0.948,,
2026-07-03T14:15:00,0.945,,
2026-07-03T14:30:00,0.945,,
2026-07-03T14:45:00,0.936,,
2026-07-03T15:00:00,0.904,,
2026-07-03T15:15:00,0.854,,
2026-07-03T15:30:00,0.825,,
2026-07-03T15:45:00,0.794,,
2026-07-03T16:00:00,0.764,,
2026-07-03T16:15:00,0.731,,
2026-07-03T16:30:00,0.697,,
2026-07-03T16:45:00,0.663,,
2026-07-03T17:00:00,0.615,,
2026-07-03T17:15:00,0.589,,
2026-07-03T17:30:00,0.619,,
2026-07-03T17:45:00,0.606,,
2026-07-03T18:00:00,0.588,,
2026-07-03T18:15:00,0.53,,
2026-07-03T18:30:00,0.509,,
2026-07-03T18:45:00,0.487,,
2026-07-03T19:00:00,0.462,,
2026-07-03T19:15:00,0.412,,
2026-07-03T19:30:00,0.389,,
2026-07-03T19:45:00,0.335,,
2026-07-03T20:00:00,0.3,,
2026-07-03T20:15:00,0.219,,
2026-07-03T20:30:00,0.126,,
2026-07-03T20:45:00,0.093,,
2026-07-03T21:00:00,0.066,,
2026-07-03T21:15:00,0.04,,
2026-07-03T21:30:00,0.0,,
2026-07-03T21:45:00,0.0,,
2026-07-03T22:00:00,0.0,,
2026-07-03T22:15:00,0.0,,
2026-07-03T22:30:00,0.0,,
2026-07-03T22:45:00,0.0,,
2026-07-03T23:00:00,0.0,,
2026-07-03T23:15:00,0.0,,
2026-07-03T23:30:00,0.0,,
2026-07-03T23:45:00,0.0,,
2026-07-04T00:00:00,0.0,,
2026-07-04T00:15:00,0.0,,
2026-07-04T00:30:00,0.0,,
2026-07-04T00:45:00,0.0,,
2026-07-04T01:00:00,0.0,,
2026-07-04T01:15:00,0.0,,
2026-07-04T01:30:00,0.0,,
2026-07-04T01:45:00,0.0,,
2026-07-04T02:00:00,0.0,,
2026-07-04T02:15:00,0.0,,
2026-07-04T02:30:00,0.0,,
2026-07-04T02:45:00,0.0,,
2026-07-04T03:00:00,0.0,,
2026-07-04T03:15:00,0.0,,
2026-07-04T03:30:00,0.0,,
2026-07-04T03:45:00,0.0,,
2026-07-04T04:00:00,0.0,,
2026-07-04T04:15:00,0.0,,
2026-07-04T04:30:00,0.0,,
2026-07-04T04:45:00,0.0,,
2026-07-04T05:00:00,0.0,,
2026-07-04T05:15:00,0.0,,
2026-07-04T05:30:00,0.0,,
2026-07-04T05:45:00,0.0,,
2026-07-04T06:00:00,0.0,,
2026-07-04T06:15:00,0.001,,
2026-07-04T06:30:00,0.002,,
2026-07-04T06:45:00,0.003,,
2026-07-04T07:00:00,0.024,,
2026-07-04T07:15:00,0.105,,
2026-07-04T07:30:00,0.156,,
2026-07-04T07:45:00,0.188,,
2026-07-04T08:00:00,0.287,,
2026-07-04T08:15:00,0.441,,
2026-07-04T08:30:00,0.477,,
2026-07-04T08:45:00,0.508,,
2026-07-04T09:00:00,0.525,,
2026-07-04T09:15:00,0.538,,
2026-07-04T09:30:00,0.575,,
2026-07-04T09:45:00,0.675,,
2026-07-04T10:00:00,0.685,,
2026-07-04T10:15:00,0.689,,
2026-07-04T10:30:00,0.731,,
2026-07-04T10:45:00,0.804,,
2026-07-04T11:00:00,0.832,,
2026-07-04T11:15:00,0.858,,
2026-07-04T11:30:00,0.897,,
2026-07-04T11:45:00,0.921,,
2026-07-04T12:00:00,0.924,,
2026-07-04T12:15:00,0.944,,
2026-07-04T12:30:00,0.953,,
2026-07-04T12:45:00,0.959,,
2026-07-04T13:00:00,0.961,,
2026-07-04T13:15:00,0.958,,
2026-07-04T13:30:00,0.956,,
2026-07-04T13:45:00,0.953,,
2026-07-04T14:00:00,0.95,,
2026-07-04T14:15:00,0.947,,
2026-07-04T14:30:00,0.947,,
2026-07-04T14:45:00,0.938,,
2026-07-04T15:00:00,0.906,,
2026-07-04T15:15:00,0.856,,
2026-07-04T15:30:00,0.828,,
2026-07-04T15:45:00,0.796,,
2026-07-04T16:00:00,0.766,,
2026-07-04T16:15:00,0.733,,
2026-07-04T16:30:00,0.698,,
2026-07-04T16:45:00,0.664,,
2026-07-04T17:00:00,0.616,,
2026-07-04T17:15:00,0.59,,
2026-07-04T17:30:00,0.619,,
2026-07-04T17:45:00,0.606,,
2026-07-04T18:00:00,0.567,,
2026-07-04T18:15:00,0.53,,
2026-07-04T18:30:00,0.508,,
2026-07-04T18:45:00,0.493,,
2026-07-04T19:00:00,0.462,,
2026-07-04T19:15:00,0.412,,
2026-07-04T19:30:00,0.389,,
2026-07-04T19:45:00,0.335,,
2026-07-04T20:00:00,0.3,,
2026-07-04T20:15:00,0.218,,
2026-07-04T20:30:00,0.125,,
2026-07-04T20:45:00,0.092,,
2026-07-04T21:00:00,0.053,,
2026-07-04T21:15:00,0.026,,
2026-07-04T21:30:00,0.0,,
2026-07-04T21:45:00,0.0,,
2026-07-04T22:00:00,0.0,,
2026-07-04T22:15:00,0.0,,
2026-07-04T22:30:00,0.0,,
2026-07-04T22:45:00,0.0,,
2026-07-04T23:00:00,0.0,,
2026-07-04T23:15:00,0.0,,
2026-07-04T23:30:00,0.0,,
2026-07-04T23:45:00,0.0,,
2026-07-05T00:00:00,0.0,,
2026-07-05T00:15:00,0.0,,
2026-07-05T00:30:00,0.0,,
2026-07-05T00:45:00,0.0,,
2026-07-05T01:00:00,0.0,,
2026-07-05T01:15:00,0.0,,
2026-07-05T01:30:00,0.0,,
2026-07-05T01:45:00,0.0,,
2026-07-05T02:00:00,0.0,,
2026-07-05T02:15:00,0.0,,
2026-07-05T02:30:00,0.0,,
2026-07-05T02:45:00,0.0,,
2026-07-05T03:00:00,0.0,,
2026-07-05T03:15:00,0.0,,
2026-07-05T03:30:00,0.0,,
2026-07-05T03:45:00,0.0,,
2026-07-05T04:00:00,0.0,,
2026-07-05T04:15:00,0.0,,
2026-07-05T04:30:00,0.0,,
2026-07-05T04:45:00,0.0,,
2026-07-05T05:00:00,0.0,,
2026-07-05T05:15:00,0.0,,
2026-07-05T05:30:00,0.0,,
2026-07-05T05:45:00,0.0,,
2026-07-05T06:00:00,0.0,,
2026-07-05T06:15:00,0.002,,
2026-07-05T06:30:00,0.003,,
2026-07-05T06:45:00,0.004,,
2026-07-05T07:00:00,0.025,,
2026-07-05T07:15:00,0.106,,
2026-07-05T07:30:00,0.157,,
2026-07-05T07:45:00,0.189,,
2026-07-05T08:00:00,0.287,,
2026-07-05T08:15:00,0.442,,
2026-07-05T08:30:00,0.478,,
2026-07-05T08:45:00,0.508,,
2026-07-05T09:00:00,0.526,,
2026-07-05T09:15:00,0.539,,
2026-07-05T09:30:00,0.575,,
2026-07-05T09:45:00,0.675,,
2026-07-05T10:00:00,0.686,,
2026-07-05T10:15:00,0.691,,
2026-07-05T10:30:00,0.732,,
2026-07-05T10:45:00,0.805,,
2026-07-05T11:00:00,0.833,,
2026-07-05T11:15:00,0.859,,
2026-07-05T11:30:00,0.898,,
2026-07-05T11:45:00,0.912,,
2026-07-05T12:00:00,0.925,,
2026-07-05T12:15:00,0.945,,
2026-07-05T12:30:00,0.954,,
2026-07-05T12:45:00,0.96,,
2026-07-05T13:00:00,0.963,,
2026-07-05T13:15:00,0.96,,
2026-07-05T13:30:00,0.957,,
2026-07-05T13:45:00,0.955,,
2026-07-05T14:00:00,0.952,,
2026-07-05T14:15:00,0.949,,
2026-07-05T14:30:00,0.949,,
2026-07-05T14:45:00,0.94,,
2026-07-05T15:00:00,0.909,,
2026-07-05T15:15:00,0.859,,
2026-07-05T15:30:00,0.83,,
2026-07-05T15:45:00,0.798,,
2026-07-05T16:00:00,0.768,,
2026-07-05T16:15:00,0.734,,
2026-07-05T16:30:00,0.699,,
2026-07-05T16:45:00,0.665,,
2026-07-05T17:00:00,0.618,,
2026-07-05T17:15:00,0.59,,
2026-07-05T17:30:00,0.619,,
2026-07-05T17:45:00,0.606,,
2026-07-05T18:00:00,0.567,,
2026-07-05T18:15:00,0.53,,
2026-07-05T18:30:00,0.508,,
2026-07-05T18:45:00,0.493,,
2026-07-05T19:00:00,0.461,,
2026-07-05T19:15:00,0.412,,
2026-07-05T19:30:00,0.389,,
2026-07-05T19:45:00,0.334,,
2026-07-05T20:00:00,0.299,,
2026-07-05T20:15:00,0.217,,
2026-07-05T20:30:00,0.124,,
2026-07-05T20:45:00,0.091,,
2026-07-05T21:00:00,0.052,,
2026-07-05T21:15:00,0.026,,
2026-07-05T21:30:00,0.0,,
2026-07-05T21:45:00,0.0,,
2026-07-05T22:00:00,0.0,,
2026-07-05T22:15:00,0.0,,
2026-07-05T22:30:00,0.0,,
2026-07-05T22:45:00,0.0,,
2026-07-05T23:00:00,0.0,,
2026-07-05T23:15:00,0.0,,
2026-07-05T23:30:00,0.0,,
2026-07-05T23:45:00,0.0,,
2026-07-06T00:00:00,0.0,,
2026-07-06T00:15:00,0.0,,
2026-07-06T00:30:00,0.0,,
2026-07-06T00:45:00,0.0,,
2026-07-06T01:00:00,0.0,,
2026-07-06T01:15:00,0.0,,
2026-07-06T01:30:00,0.0,,
2026-07-06T01:45:00,0.0,,
2026-07-06T02:00:00,0.0,,
2026-07-06T02:15:00,0.0,,
2026-07-06T02:30:00,0.0,,
2026-07-06T02:45:00,0.0,,
2026-07-06T03:00:00,0.0,,
2026-07-06T03:15:00,0.0,,
2026-07-06T03:30:00,0.0,,
2026-07-06T03:45:00,0.0,,
2026-07-06T04:00:00,0.0,,
2026-07-06T04:15:00,0.0,,
2026-07-06T04:30:00,0.0,,
2026-07-06T04:45:00,0.0,,
2026-07-06T05:00:00,0.0,,
2026-07-06T05:15:00,0.0,,
2026-07-06T05:30:00,0.0,,
2026-07-06T05:45:00,0.0,,
2026-07-06T06:00:00,0.0,,
2026-07-06T06:15:00,0.002,,
2026-07-06T06:30:00,0.004,,
2026-07-06T06:45:00,0.005,,
2026-07-06T07:00:00,0.026,,
2026-07-06T07:15:00,0.083,,
2026-07-06T07:30:00,0.158,,
2026-07-06T07:45:00,0.19,,
2026-07-06T08:00:00,0.288,,
2026-07-06T08:15:00,0.442,,
2026-07-06T08:30:00,0.478,,
2026-07-06T08:45:00,0.509,,
2026-07-06T09:00:00,0.527,,
2026-07-06T09:15:00,0.54,,
2026-07-06T09:30:00,0.576,,
2026-07-06T09:45:00,0.641,,
2026-07-06T10:00:00,0.687,,
2026-07-06T10:15:00,0.692,,
2026-07-06T10:30:00,0.734,,
2026-07-06T10:45:00,0.782,,
2026-07-06T11:00:00,0.834,,
2026-07-06T11:15:00,0.86,,
2026-07-06T11:30:00,0.899,,
2026-07-06T11:45:00,0.913,,
2026-07-06T12:00:00,0.927,,
2026-07-06T12:15:00,0.947,,
2026-07-06T12:30:00,0.956,,
2026-07-06T12:45:00,0.962,,
2026-07-06T13:00:00,0.964,,
2026-07-06T13:15:00,0.962,,
2026-07-06T13:30:00,0.959,,
2026-07-06T13:45:00,0.956,,
2026-07-06T14:00:00,0.954,,
2026-07-06T14:15:00,0.951,,
2026-07-06T14:30:00,0.951,,
2026-07-06T14:45:00,0.942,,
2026-07-06T15:00:00,0.911,,
2026-07-06T15:15:00,0.863,,
2026-07-06T15:30:00,0.833,,
2026-07-06T15:45:00,0.8,,
2026-07-06T16:00:00,0.77,,
2026-07-06T16:15:00,0.736,,
2026-07-06T16:30:00,0.701,,
2026-07-06T16:45:00,0.666,,
2026-07-06T17:00:00,0.619,,
2026-07-06T17:15:00,0.592,,
2026-07-06T17:30:00,0.62,,
2026-07-06T17:45:00,0.606,,
2026-07-06T18:00:00,0.567,,
2026-07-06T18:15:00,0.53,,
2026-07-06T18:30:00,0.508,,
2026-07-06T18:45:00,0.492,,
2026-07-06T19:00:00,0.461,,
2026-07-06T19:15:00,0.412,,
2026-07-06T19:30:00,0.377,,
2026-07-06T19:45:00,0.334,,
2026-07-06T20:00:00,0.298,,
2026-07-06T20:15:00,0.216,,
2026-07-06T20:30:00,0.124,,
2026-07-06T20:45:00,0.078,,
2026-07-06T21:00:00,0.052,,
2026-07-06T21:15:00,0.026,,
2026-07-06T21:30:00,0.0,,
2026-07-06T21:45:00,0.0,,
2026-07-06T22:00:00,0.0,,
2026-07-06T22:15:00,0.0,,
2026-07-06T22:30:00,0.0,,
2026-07-06T22:45:00,0.0,,
2026-07-06T23:00:00,0.0,,
2026-07-06T23:15:00,0.0,,
2026-07-06T23:30:00,0.0,,
2026-07-06T23:45:00,0.0,,
2026-07-07T00:00:00,0.0,,
2026-07-07T00:15:00,0.0,,
2026-07-07T00:30:00,0.0,,
2026-07-07T00:45:00,0.0,,
2026-07-07T01:00:00,0.0,,
2026-07-07T01:15:00,0.0,,
2026-07-07T01:30:00,0.0,,
2026-07-07T01:45:00,0.0,,
2026-07-07T02:00:00,0.0,,
2026-07-07T02:15:00,0.0,,
2026-07-07T02:30:00,0.0,,
2026-07-07T02:45:00,0.0,,
2026-07-07T03:00:00,0.0,,
2026-07-07T03:15:00,0.0,,
2026-07-07T03:30:00,0.0,,
2026-07-07T03:45:00,0.0,,
2026-07-07T04:00:00,0.0,,
2026-07-07T04:15:00,0.0,,
2026-07-07T04:30:00,0.0,,
2026-07-07T04:45:00,0.0,,
2026-07-07T05:00:00,0.0,,
2026-07-07T05:15:00,0.0,,
2026-07-07T05:30:00,0.0,,
2026-07-07T05:45:00,0.0,,
2026-07-07T06:00:00,0.0,,
2026-07-07T06:15:00,0.002,,
2026-07-07T06:30:00,0.004,,
2026-07-07T06:45:00,0.006,,
2026-07-07T07:00:00,0.027,,
2026-07-07T07:15:00,0.085,,
2026-07-07T07:30:00,0.159,,
2026-07-07T07:45:00,0.191,,
2026-07-07T08:00:00,0.289,,
2026-07-07T08:15:00,0.405,,
2026-07-07T08:30:00,0.479,,
2026-07-07T08:45:00,0.509,,
2026-07-07T09:00:00,0.531,,
2026-07-07T09:15:00,0.541,,
2026-07-07T09:30:00,0.577,,
2026-07-07T09:45:00,0.642,,
2026-07-07T10:00:00,0.688,,
2026-07-07T10:15:00,0.694,,
2026-07-07T10:30:00,0.735,,
2026-07-07T10:45:00,0.784,,
2026-07-07T11:00:00,0.819,,
2026-07-07T11:15:00,0.849,,
2026-07-07T11:30:00,0.877,,
2026-07-07T11:45:00,0.915,,
2026-07-07T12:00:00,0.928,,
2026-07-07T12:15:00,0.948,,
2026-07-07T12:30:00,0.957,,
2026-07-07T12:45:00,0.964,,
2026-07-07T13:00:00,0.966,,
2026-07-07T13:15:00,0.964,,
2026-07-07T13:30:00,0.961,,
2026-07-07T13:45:00,0.958,,
2026-07-07T14:00:00,0.956,,
2026-07-07T14:15:00,0.953,,
2026-07-07T14:30:00,0.953,,
2026-07-07T14:45:00,0.944,,
2026-07-07T15:00:00,0.889,,
2026-07-07T15:15:00,0.866,,
2026-07-07T15:30:00,0.823,,
2026-07-07T15:45:00,0.802,,
2026-07-07T16:00:00,0.772,,
2026-07-07T16:15:00,0.738,,
2026-07-07T16:30:00,0.702,,
2026-07-07T16:45:00,0.668,,
2026-07-07T17:00:00,0.6,,
2026-07-07T17:15:00,0.593,,
2026-07-07T17:30:00,0.62,,
2026-07-07T17:45:00,0.606,,
2026-07-07T18:00:00,0.567,,
2026-07-07T18:15:00,0.53,,
2026-07-07T18:30:00,0.508,,
2026-07-07T18:45:00,0.492,,
2026-07-07T19:00:00,0.461,,
2026-07-07T19:15:00,0.412,,
2026-07-07T19:30:00,0.376,,
2026-07-07T19:45:00,0.333,,
2026-07-07T20:00:00,0.298,,
2026-07-07T20:15:00,0.216,,
2026-07-07T20:30:00,0.123,,
2026-07-07T20:45:00,0.077,,
2026-07-07T21:00:00,0.051,,
2026-07-07T21:15:00,0.026,,
2026-07-07T21:30:00,0.0,,
2026-07-07T21:45:00,0.0,,
2026-07-07T22:00:00,0.0,,
2026-07-07T22:15:00,0.0,,
2026-07-07T22:30:00,0.0,,
2026-07-07T22:45:00,0.0,,
2026-07-07T23:00:00,0.0,,
2026-07-07T23:15:00,0.0,,
2026-07-07T23:30:00,0.0,,
2026-07-07T23:45:00,0.0,,
2026-07-08T00:00:00,0.0,,
2026-07-08T00:15:00,0.0,,
2026-07-08T00:30:00,0.0,,
2026-07-08T00:45:00,0.0,,
2026-07-08T01:00:00,0.0,,
2026-07-08T01:15:00,0.0,,
2026-07-08T01:30:00,0.0,,
2026-07-08T01:45:00,0.0,,
2026-07-08T02:00:00,0.0,,
2026-07-08T02:15:00,0.0,,
2026-07-08T02:30:00,0.0,,
2026-07-08T02:45:00,0.0,,
2026-07-08T03:00:00,0.0,,
2026-07-08T03:15:00,0.0,,
2026-07-08T03:30:00,0.0,,
2026-07-08T03:45:00,0.0,,
2026-07-08T04:00:00,0.0,,
2026-07-08T04:15:00,0.0,,
2026-07-08T04:30:00,0.0,,
2026-07-08T04:45:00,0.0,,
2026-07-08T05:00:00,0.0,,
2026-07-08T05:15:00,0.0,,
2026-07-08T05:30:00,0.0,,
2026-07-08T05:45:00,0.0,,
2026-07-08T06:00:00,0.0,,
2026-07-08T06:15:00,0.003,,
2026-07-08T06:30:00,0.005,,
2026-07-08T06:45:00,0.007,,
2026-07-08T07:00:00,0.028,,
2026-07-08T07:15:00,0.086,,
2026-07-08T07:30:00,0.131,,
2026-07-08T07:45:00,0.192,,
2026-07-08T08:00:00,0.29,,
2026-07-08T08:15:00,0.405,,
2026-07-08T08:30:00,0.48,,
2026-07-08T08:45:00,0.51,,
2026-07-08T09:00:00,0.531,,
2026-07-08T09:15:00,0.542,,
2026-07-08T09:30:00,0.578,,
2026-07-08T09:45:00,0.642,,
2026-07-08T10:00:00,0.689,,
2026-07-08T10:15:00,0.695,,
2026-07-08T10:30:00,0.736,,
2026-07-08T10:45:00,0.785,,
2026-07-08T11:00:00,0.82,,
2026-07-08T11:15:00,0.85,,
2026-07-08T11:30:00,0.879,,
2026-07-08T11:45:00,0.916,,
2026-07-08T12:00:00,0.93,,
2026-07-08T12:15:00,0.941,,
2026-07-08T12:30:00,0.959,,
2026-07-08T12:45:00,0.966,,
2026-07-08T13:00:00,0.968,,
2026-07-08T13:15:00,0.966,,
2026-07-08T13:30:00,0.963,,
2026-07-08T13:45:00,0.961,,
2026-07-08T14:00:00,0.958,,
2026-07-08T14:15:00,0.956,,
2026-07-08T14:30:00,0.956,,
2026-07-08T14:45:00,0.947,,
2026-07-08T15:00:00,0.892,,
2026-07-08T15:15:00,0.87,,
2026-07-08T15:30:00,0.826,,
2026-07-08T15:45:00,0.805,,
2026-07-08T16:00:00,0.774,,
2026-07-08T16:15:00,0.74,,
2026-07-08T16:30:00,0.704,,
2026-07-08T16:45:00,0.669,,
2026-07-08T17:00:00,0.602,,
2026-07-08T17:15:00,0.594,,
2026-07-08T17:30:00,0.62,,
2026-07-08T17:45:00,0.606,,
2026-07-08T18:00:00,0.567,,
2026-07-08T18:15:00,0.529,,
2026-07-08T18:30:00,0.508,,
2026-07-08T18:45:00,0.492,,
2026-07-08T19:00:00,0.461,,
2026-07-08T19:15:00,0.412,,
2026-07-08T19:30:00,0.376,,
2026-07-08T19:45:00,0.332,,
2026-07-08T20:00:00,0.297,,
2026-07-08T20:15:00,0.215,,
2026-07-08T20:30:00,0.102,,
2026-07-08T20:45:00,0.077,,
2026-07-08T21:00:00,0.051,,
2026-07-08T21:15:00,0.025,,
2026-07-08T21:30:00,0.0,,
2026-07-08T21:45:00,0.0,,
2026-07-08T22:00:00,0.0,,
2026-07-08T22:15:00,0.0,,
2026-07-08T22:30:00,0.0,,
2026-07-08T22:45:00,0.0,,
2026-07-08T23:00:00,0.0,,
2026-07-08T23:15:00,0.0,,
2026-07-08T23:30:00,0.0,,
2026-07-08T23:45:00,0.0,,
2026-07-09T00:00:00,0.0,,
2026-07-09T00:15:00,0.0,,
2026-07-09T00:30:00,0.0,,
2026-07-09T00:45:00,0.0,,
2026-07-09T01:00:00,0.0,,
2026-07-09T01:15:00,0.0,,
2026-07-09T01:30:00,0.0,,
2026-07-09T01:45:00,0.0,,
2026-07-09T02:00:00,0.0,,
2026-07-09T02:15:00,0.0,,
2026-07-09T02:30:00,0.0,,
2026-07-09T02:45:00,0.0,,
2026-07-09T03:00:00,0.0,,
2026-07-09T03:15:00,0.0,,
2026-07-09T03:30:00,0.0,,
2026-07-09T03:45:00,0.0,,
2026-07-09T04:00:00,0.0,,
2026-07-09T04:15:00,0.0,,
2026-07-09T04:30:00,0.0,,
2026-07-09T04:45:00,0.0,,
2026-07-09T05:00:00,0.0,,
2026-07-09T05:15:00,0.0,,
2026-07-09T05:30:00,0.0,,
2026-07-09T05:45:00,0.0,,
2026-07-09T06:00:00,0.0,,
2026-07-09T06:15:00,0.003,,
2026-07-09T06:30:00,0.006,,
2026-07-09T06:45:00,0.008,,
2026-07-09T07:00:00,0.03,,
2026-07-09T07:15:00,0.088,,
2026-07-09T07:30:00,0.132,,
2026-07-09T07:45:00,0.194,,
2026-07-09T08:00:00,0.291,,
2026-07-09T08:15:00,0.406,,
2026-07-09T08:30:00,0.48,,
2026-07-09T08:45:00,0.511,,
2026-07-09T09:00:00,0.532,,
2026-07-09T09:15:00,0.543,,
2026-07-09T09:30:00,0.579,,
2026-07-09T09:45:00,0.643,,
2026-07-09T10:00:00,0.69,,
2026-07-09T10:15:00,0.697,,
2026-07-09T10:30:00,0.738,,
2026-07-09T10:45:00,0.786,,
2026-07-09T11:00:00,0.822,,
2026-07-09T11:15:00,0.851,,
2026-07-09T11:30:00,0.88,,
2026-07-09T11:45:00,0.917,,
2026-07-09T12:00:00,0.931,,
2026-07-09T12:15:00,0.942,,
2026-07-09T12:30:00,0.96,,
2026-07-09T12:45:00,0.968,,
2026-07-09T13:00:00,0.97,,
2026-07-09T13:15:00,0.968,,
2026-07-09T13:30:00,0.965,,
2026-07-09T13:45:00,0.963,,
2026-07-09T14:00:00,0.961,,
2026-07-09T14:15:00,0.958,,
2026-07-09T14:30:00,0.949,,
2026-07-09T14:45:00,0.949,,
2026-07-09T15:00:00,0.896,,
2026-07-09T15:15:00,0.873,,
2026-07-09T15:30:00,0.829,,
2026-07-09T15:45:00,0.807,,
2026-07-09T16:00:00,0.777,,
2026-07-09T16:15:00,0.742,,
2026-07-09T16:30:00,0.706,,
2026-07-09T16:45:00,0.671,,
2026-07-09T17:00:00,0.604,,
2026-07-09T17:15:00,0.595,,
2026-07-09T17:30:00,0.621,,
2026-07-09T17:45:00,0.606,,
2026-07-09T18:00:00,0.567,,
2026-07-09T18:15:00,0.529,,
2026-07-09T18:30:00,0.507,,
2026-07-09T18:45:00,0.492,,
2026-07-09T19:00:00,0.46,,
2026-07-09T19:15:00,0.412,,
2026-07-09T19:30:00,0.375,,
2026-07-09T19:45:00,0.332,,
2026-07-09T20:00:00,0.296,,
2026-07-09T20:15:00,0.214,,
2026-07-09T20:30:00,0.101,,
2026-07-09T20:45:00,0.076,,
2026-07-09T21:00:00,0.051,,
2026-07-09T21:15:00,0.025,,
2026-07-09T21:30:00,0.0,,
2026-07-09T21:45:00,0.0,,
2026-07-09T22:00:00,0.0,,
2026-07-09T22:15:00,0.0,,
2026-07-09T22:30:00,0.0,,
2026-07-09T22:45:00,0.0,,
2026-07-09T23:00:00,0.0,,
2026-07-09T23:15:00,0.0,,
2026-07-09T23:30:00,0.0,,
2026-07-09T23:45:00,0.0,,
2026-07-10T00:00:00,0.0,,
2026-07-10T00:15:00,0.0,,
2026-07-10T00:30:00,0.0,,
2026-07-10T00:45:00,0.0,,
2026-07-10T01:00:00,0.0,,
2026-07-10T01:15:00,0.0,,
2026-07-10T01:30:00,0.0,,
2026-07-10T01:45:00,0.0,,
2026-07-10T02:00:00,0.0,,
2026-07-10T02:15:00,0.0,,
2026-07-10T02:30:00,0.0,,
2026-07-10T02:45:00,0.0,,
2026-07-10T03:00:00,0.0,,
2026-07-10T03:15:00,0.0,,
2026-07-10T03:30:00,0.0,,
2026-07-10T03:45:00,0.0,,
2026-07-10T04:00:00,0.0,,
2026-07-10T04:15:00,0.0,,
2026-07-10T04:30:00,0.0,,
2026-07-10T04:45:00,0.0,,
2026-07-10T05:00:00,0.0,,
2026-07-10T05:15:00,0.0,,
2026-07-10T05:30:00,0.0,,
2026-07-10T05:45:00,0.0,,
2026-07-10T06:00:00,0.0,,
2026-07-10T06:15:00,0.004,,
2026-07-10T06:30:00,0.007,,
2026-07-10T06:45:00,0.009,,
2026-07-10T07:00:00,0.031,,
2026-07-10T07:15:00,0.089,,
2026-07-10T07:30:00,0.134,,
2026-07-10T07:45:00,0.195,,
2026-07-10T08:00:00,0.292,,
2026-07-10T08:15:00,0.407,,
2026-07-10T08:30:00,0.463,,
2026-07-10T08:45:00,0.511,,
2026-07-10T09:00:00,0.532,,
2026-07-10T09:15:00,0.524,,
2026-07-10T09:30:00,0.58,,
2026-07-10T09:45:00,0.644,,
2026-07-10T10:00:00,0.691,,
2026-07-10T10:15:00,0.699,,
2026-07-10T10:30:00,0.74,,
2026-07-10T10:45:00,0.788,,
2026-07-10T11:00:00,0.823,,
2026-07-10T11:15:00,0.853,,
2026-07-10T11:30:00,0.882,,
2026-07-10T11:45:00,0.919,,
2026-07-10T12:00:00,0.933,,
2026-07-10T12:15:00,0.944,,
2026-07-10T12:30:00,0.962,,
2026-07-10T12:45:00,0.97,,
2026-07-10T13:00:00,0.972,,
2026-07-10T13:15:00,0.97,,
2026-07-10T13:30:00,0.968,,
2026-07-10T13:45:00,0.965,,
2026-07-10T14:00:00,0.963,,
2026-07-10T14:15:00,0.961,,
2026-07-10T14:30:00,0.952,,
2026-07-10T14:45:00,0.923,,
2026-07-10T15:00:00,0.899,,
2026-07-10T15:15:00,0.877,,
2026-07-10T15:30:00,0.832,,
2026-07-10T15:45:00,0.805,,
2026-07-10T16:00:00,0.779,,
2026-07-10T16:15:00,0.744,,
2026-07-10T16:30:00,0.708,,
2026-07-10T16:45:00,0.651,,
2026-07-10T17:00:00,0.605,,
2026-07-10T17:15:00,0.596,,
2026-07-10T17:30:00,0.621,,
2026-07-10T17:45:00,0.588,,
2026-07-10T18:00:00,0.567,,
2026-07-10T18:15:00,0.529,,
2026-07-10T18:30:00,0.498,,
2026-07-10T18:45:00,0.491,,
2026-07-10T19:00:00,0.46,,
2026-07-10T19:15:00,0.411,,
2026-07-10T19:30:00,0.375,,
2026-07-10T19:45:00,0.331,,
2026-07-10T20:00:00,0.295,,
2026-07-10T20:15:00,0.15,,
2026-07-10T20:30:00,0.1,,
2026-07-10T20:45:00,0.075,,
2026-07-10T21:00:00,0.05,,
2026-07-10T21:15:00,0.025,,
2026-07-10T21:30:00,0.0,,
2026-07-10T21:45:00,0.0,,
2026-07-10T22:00:00,0.0,,
2026-07-10T22:15:00,0.0,,
2026-07-10T22:30:00,0.0,,
2026-07-10T22:45:00,0.0,,
2026-07-10T23:00:00,0.0,,
2026-07-10T23:15:00,0.0,,
2026-07-10T23:30:00,0.0,,
2026-07-10T23:45:00,0.0,,
2026-07-11T00:00:00,0.0,,
2026-07-11T00:15:00,0.0,,
2026-07-11T00:30:00,0.0,,
2026-07-11T00:45:00,0.0,,
2026-07-11T01:00:00,0.0,,
2026-07-11T01:15:00,0.0,,
2026-07-11T01:30:00,0.0,,
2026-07-11T01:45:00,0.0,,
2026-07-11T02:00:00,0.0,,
2026-07-11T02:15:00,0.0,,
2026-07-11T02:30:00,0.0,,
2026-07-11T02:45:00,0.0,,
2026-07-11T03:00:00,0.0,,
2026-07-11T03:15:00,0.0,,
2026-07-11T03:30:00,0.0,,
2026-07-11T03:45:00,0.0,,
2026-07-11T04:00:00,0.0,,
2026-07-11T04:15:00,0.0,,
2026-07-11T04:30:00,0.0,,
2026-07-11T04:45:00,0.0,,
2026-07-11T05:00:00,0.0,,
2026-07-11T05:15:00,0.0,,
2026-07-11T05:30:00,0.0,,
2026-07-11T05:45:00,0.0,,
2026-07-11T06:00:00,0.0,,
2026-07-11T06:15:00,0.003,,
2026-07-11T06:30:00,0.006,,
2026-07-11T06:45:00,0.011,,
2026-07-11T07:00:00,0.033,,
2026-07-11T07:15:00,0.091,,
2026-07-11T07:30:00,0.135,,
2026-07-11T07:45:00,0.173,,
2026-07-11T08:00:00,0.293,,
2026-07-11T08:15:00,0.408,,
2026-07-11T08:30:00,0.463,,
2026-07-11T08:45:00,0.512,,
2026-07-11T09:00:00,0.533,,
2026-07-11T09:15:00,0.525,,
2026-07-11T09:30:00,0.581,,
2026-07-11T09:45:00,0.644,,
2026-07-11T10:00:00,0.691,,
2026-07-11T10:15:00,0.692,,
2026-07-11T10:30:00,0.742,,
2026-07-11T10:45:00,0.79,,
2026-07-11T11:00:00,0.825,,
2026-07-11T11:15:00,0.855,,
2026-07-11T11:30:00,0.883,,
2026-07-11T11:45:00,0.92,,
2026-07-11T12:00:00,0.931,,
2026-07-11T12:15:00,0.946,,
2026-07-11T12:30:00,0.955,,
2026-07-11T12:45:00,0.972,,
2026-07-11T13:00:00,0.969,,
2026-07-11T13:15:00,0.972,,
2026-07-11T13:30:00,0.97,,
2026-07-11T13:45:00,0.968,,
2026-07-11T14:00:00,0.966,,
2026-07-11T14:15:00,0.964,,
2026-07-11T14:30:00,0.954,,
2026-07-11T14:45:00,0.927,,
2026-07-11T15:00:00,0.903,,
2026-07-11T15:15:00,0.882,,
2026-07-11T15:30:00,0.835,,
2026-07-11T15:45:00,0.808,,
2026-07-11T16:00:00,0.782,,
2026-07-11T16:15:00,0.747,,
2026-07-11T16:30:00,0.691,,
2026-07-11T16:45:00,0.653,,
2026-07-11T17:00:00,0.607,,
2026-07-11T17:15:00,0.598,,
2026-07-11T17:30:00,0.622,,
2026-07-11T17:45:00,0.588,,
2026-07-11T18:00:00,0.567,,
2026-07-11T18:15:00,0.529,,
2026-07-11T18:30:00,0.498,,
2026-07-11T18:45:00,0.491,,
2026-07-11T19:00:00,0.46,,
2026-07-11T19:15:00,0.395,,
2026-07-11T19:30:00,0.374,,
2026-07-11T19:45:00,0.33,,
2026-07-11T20:00:00,0.295,,
2026-07-11T20:15:00,0.149,,
2026-07-11T20:30:00,0.099,,
2026-07-11T20:45:00,0.074,,
2026-07-11T21:00:00,0.05,,
2026-07-11T21:15:00,0.0,,
2026-07-11T21:30:00,0.0,,
2026-07-11T21:45:00,0.0,,
2026-07-11T22:00:00,0.0,,
2026-07-11T22:15:00,0.0,,
2026-07-11T22:30:00,0.0,,
2026-07-11T22:45:00,0.0,,
2026-07-11T23:00:00,0.0,,
2026-07-11T23:15:00,0.0,,
2026-07-11T23:30:00,0.0,,
2026-07-11T23:45:00,0.0,,
2026-07-12T00:00:00,0.0,,
2026-07-12T00:15:00,0.0,,
2026-07-12T00:30:00,0.0,,
2026-07-12T00:45:00,0.0,,
2026-07-12T01:00:00,0.0,,
2026-07-12T01:15:00,0.0,,
2026-07-12T01:30:00,0.0,,
2026-07-12T01:45:00,0.0,,
2026-07-12T02:00:00,0.0,,
2026-07-12T02:15:00,0.0,,
2026-07-12T02:30:00,0.0,,
2026-07-12T02:45:00,0.0,,
2026-07-12T03:00:00,0.0,,
2026-07-12T03:15:00,0.0,,
2026-07-12T03:30:00,0.0,,
2026-07-12T03:45:00,0.0,,
2026-07-12T04:00:00,0.0,,
2026-07-12T04:15:00,0.0,,
2026-07-12T04:30:00,0.0,,
2026-07-12T04:45:00,0.0,,
2026-07-12T05:00:00,0.0,,
2026-07-12T05:15:00,0.0,,
2026-07-12T05:30:00,0.0,,
2026-07-12T05:45:00,0.0,,
2026-07-12T06:00:00,0.0,,
2026-07-12T06:15:00,0.003,,
2026-07-12T06:30:00,0.007,,
2026-07-12T06:45:00,0.01,,
2026-07-12T07:00:00,0.035,,
2026-07-12T07:15:00,0.093,,
2026-07-12T07:30:00,0.137,,
2026-07-12T07:45:00,0.175,,
2026-07-12T08:00:00,0.294,,
2026-07-12T08:15:00,0.408,,
2026-07-12T08:30:00,0.464,,
2026-07-12T08:45:00,0.485,,
2026-07-12T09:00:00,0.534,,
2026-07-12T09:15:00,0.526,,
2026-07-12T09:30:00,0.564,,
2026-07-12T09:45:00,0.645,,
2026-07-12T10:00:00,0.692,,
2026-07-12T10:15:00,0.693,,
2026-07-12T10:30:00,0.743,,
2026-07-12T10:45:00,0.791,,
2026-07-12T11:00:00,0.827,,
2026-07-12T11:15:00,0.856,,
2026-07-12T11:30:00,0.885,,
2026-07-12T11:45:00,0.921,,
2026-07-12T12:00:00,0.932,,
2026-07-12T12:15:00,0.947,,
2026-07-12T12:30:00,0.957,,
2026-07-12T12:45:00,0.966,,
2026-07-12T13:00:00,0.972,,
2026-07-12T13:15:00,0.975,,
2026-07-12T13:30:00,0.973,,
2026-07-12T13:45:00,0.971,,
2026-07-12T14:00:00,0.969,,
2026-07-12T14:15:00,0.967,,
2026-07-12T14:30:00,0.957,,
2026-07-12T14:45:00,0.93,,
2026-07-12T15:00:00,0.907,,
2026-07-12T15:15:00,0.886,,
2026-07-12T15:30:00,0.838,,
2026-07-12T15:45:00,0.811,,
2026-07-12T16:00:00,0.767,,
2026-07-12T16:15:00,0.732,,
2026-07-12T16:30:00,0.693,,
2026-07-12T16:45:00,0.655,,
2026-07-12T17:00:00,0.609,,
2026-07-12T17:15:00,0.599,,
2026-07-12T17:30:00,0.622,,
2026-07-12T17:45:00,0.588,,
2026-07-12T18:00:00,0.567,,
2026-07-12T18:15:00,0.529,,
2026-07-12T18:30:00,0.498,,
2026-07-12T18:45:00,0.491,,
2026-07-12T19:00:00,0.459,,
2026-07-12T19:15:00,0.395,,
2026-07-12T19:30:00,0.373,,
2026-07-12T19:45:00,0.33,,
2026-07-12T20:00:00,0.294,,
2026-07-12T20:15:00,0.148,,
2026-07-12T20:30:00,0.098,,
2026-07-12T20:45:00,0.074,,
2026-07-12T21:00:00,0.049,,
2026-07-12T21:15:00,0.0,,
2026-07-12T21:30:00,0.0,,
2026-07-12T21:45:00,0.0,,
2026-07-12T22:00:00,0.0,,
2026-07-12T22:15:00,0.0,,
2026-07-12T22:30:00,0.0,,
2026-07-12T22:45:00,0.0,,
2026-07-12T23:00:00,0.0,,
2026-07-12T23:15:00,0.0,,
2026-07-12T23:30:00,0.0,,
2026-07-12T23:45:00,0.0,,
2026-07-13T00:00:00,0.0,,
2026-07-13T00:15:00,0.0,,
2026-07-13T00:30:00,0.0,,
2026-07-13T00:45:00,0.0,,
2026-07-13T01:00:00,0.0,,
2026-07-13T01:15:00,0.0,,
2026-07-13T01:30:00,0.0,,
2026-07-13T01:45:00,0.0,,
2026-07-13T02:00:00,0.0,,
2026-07-13T02:15:00,0.0,,
2026-07-13T02:30:00,0.0,,
2026-07-13T02:45:00,0.0,,
2026-07-13T03:00:00,0.0,,
2026-07-13T03:15:00,0.0,,
2026-07-13T03:30:00,0.0,,
2026-07-13T03:45:00,0.0,,
2026-07-13T04:00:00,0.0,,
2026-07-13T04:15:00,0.0,,
2026-07-13T04:30:00,0.0,,
2026-07-13T04:45:00,0.0,,
2026-07-13T05:00:00,0.0,,
2026-07-13T05:15:00,0.0,,
2026-07-13T05:30:00,0.0,,
2026-07-13T05:45:00,0.0,,
2026-07-13T06:00:00,0.0,,
2026-07-13T06:15:00,0.004,,
2026-07-13T06:30:00,0.008,,
2026-07-13T06:45:00,0.012,,
2026-07-13T07:00:00,0.015,,
2026-07-13T07:15:00,0.094,,
2026-07-13T07:30:00,0.138,,
2026-07-13T07:45:00,0.176,,
2026-07-13T08:00:00,0.23,,
2026-07-13T08:15:00,0.409,,
2026-07-13T08:30:00,0.465,,
2026-07-13T08:45:00,0.486,,
2026-07-13T09:00:00,0.535,,
2026-07-13T09:15:00,0.528,,
2026-07-13T09:30:00,0.565,,
2026-07-13T09:45:00,0.646,,
2026-07-13T10:00:00,0.693,,
2026-07-13T10:15:00,0.695,,
2026-07-13T10:30:00,0.722,,
2026-07-13T10:45:00,0.793,,
2026-07-13T11:00:00,0.828,,
2026-07-13T11:15:00,0.858,,
2026-07-13T11:30:00,0.887,,
2026-07-13T11:45:00,0.923,,
2026-07-13T12:00:00,0.934,,
2026-07-13T12:15:00,0.949,,
2026-07-13T12:30:00,0.96,,
2026-07-13T12:45:00,0.968,,
2026-07-13T13:00:00,0.974,,
2026-07-13T13:15:00,0.977,,
2026-07-13T13:30:00,0.975,,
2026-07-13T13:45:00,0.973,,
2026-07-13T14:00:00,0.971,,
2026-07-13T14:15:00,0.97,,
2026-07-13T14:30:00,0.96,,
2026-07-13T14:45:00,0.934,,
2026-07-13T15:00:00,0.911,,
2026-07-13T15:15:00,0.858,,
2026-07-13T15:30:00,0.842,,
2026-07-13T15:45:00,0.814,,
2026-07-13T16:00:00,0.77,,
2026-07-13T16:15:00,0.734,,
2026-07-13T16:30:00,0.695,,
2026-07-13T16:45:00,0.657,,
2026-07-13T17:00:00,0.611,,
2026-07-13T17:15:00,0.601,,
2026-07-13T17:30:00,0.622,,
2026-07-13T17:45:00,0.588,,
2026-07-13T18:00:00,0.566,,
2026-07-13T18:15:00,0.529,,
2026-07-13T18:30:00,0.498,,
2026-07-13T18:45:00,0.49,,
2026-07-13T19:00:00,0.459,,
2026-07-13T19:15:00,0.395,,
2026-07-13T19:30:00,0.373,,
2026-07-13T19:45:00,0.329,,
2026-07-13T20:00:00,0.257,,
2026-07-13T20:15:00,0.147,,
2026-07-13T20:30:00,0.097,,
2026-07-13T20:45:00,0.073,,
2026-07-13T21:00:00,0.048,,
2026-07-13T21:15:00,0.0,,
2026-07-13T21:30:00,0.0,,
2026-07-13T21:45:00,0.0,,
2026-07-13T22:00:00,0.0,,
2026-07-13T22:15:00,0.0,,
2026-07-13T22:30:00,0.0,,
2026-07-13T22:45:00,0.0,,
2026-07-13T23:00:00,0.0,,
2026-07-13T23:15:00,0.0,,
2026-07-13T23:30:00,0.0,,
2026-07-13T23:45:00,0.0,,
2026-07-14T00:00:00,0.0,,
2026-07-14T00:15:00,0.0,,
2026-07-14T00:30:00,0.0,,
2026-07-14T00:45:00,0.0,,
2026-07-14T01:00:00,0.0,,
2026-07-14T01:15:00,0.0,,
2026-07-14T01:30:00,0.0,,
2026-07-14T01:45:00,0.0,,
2026-07-14T02:00:00,0.0,,
2026-07-14T02:15:00,0.0,,
2026-07-14T02:30:00,0.0,,
2026-07-14T02:45:00,0.0,,
2026-07-14T03:00:00,0.0,,
2026-07-14T03:15:00,0.0,,
2026-07-14T03:30:00,0.0,,
2026-07-14T03:45:00,0.0,,
2026-07-14T04:00:00,0.0,,
2026-07-14T04:15:00,0.0,,
2026-07-14T04:30:00,0.0,,
2026-07-14T04:45:00,0.0,,
2026-07-14T05:00:00,0.0,,
2026-07-14T05:15:00,0.0,,
2026-07-14T05:30:00,0.0,,
2026-07-14T05:45:00,0.0,,
2026-07-14T06:00:00,0.0,,
2026-07-14T06:15:00,0.004,,
2026-07-14T06:30:00,0.008,,
2026-07-14T06:45:00,0.013,,
2026-07-14T07:00:00,0.017,,
2026-07-14T07:15:00,0.096,,
2026-07-14T07:30:00,0.14,,
2026-07-14T07:45:00,0.178,,
2026-07-14T08:00:00,0.231,,
2026-07-14T08:15:00,0.41,,
2026-07-14T08:30:00,0.466,,
2026-07-14T08:45:00,0.487,,
2026-07-14T09:00:00,0.535,,
2026-07-14T09:15:00,0.529,,
2026-07-14T09:30:00,0.566,,
2026-07-14T09:45:00,0.647,,
2026-07-14T10:00:00,0.694,,
2026-07-14T10:15:00,0.697,,
2026-07-14T10:30:00,0.725,,
2026-07-14T10:45:00,0.776,,
2026-07-14T11:00:00,0.83,,
2026-07-14T11:15:00,0.86,,
2026-07-14T11:30:00,0.888,,
2026-07-14T11:45:00,0.91,,
2026-07-14T12:00:00,0.936,,
2026-07-14T12:15:00,0.951,,
2026-07-14T12:30:00,0.962,,
2026-07-14T12:45:00,0.97,,
2026-07-14T13:00:00,0.977,,
2026-07-14T13:15:00,0.98,,
2026-07-14T13:30:00,0.978,,
2026-07-14T13:45:00,0.976,,
2026-07-14T14:00:00,0.975,,
2026-07-14T14:15:00,0.973,,
2026-07-14T14:30:00,0.964,,
2026-07-14T14:45:00,0.938,,
2026-07-14T15:00:00,0.916,,
2026-07-14T15:15:00,0.862,,
2026-07-14T15:30:00,0.846,,
2026-07-14T15:45:00,0.817,,
2026-07-14T16:00:00,0.773,,
2026-07-14T16:15:00,0.736,,
2026-07-14T16:30:00,0.697,,
2026-07-14T16:45:00,0.659,,
2026-07-14T17:00:00,0.614,,
2026-07-14T17:15:00,0.602,,
2026-07-14T17:30:00,0.61,,
2026-07-14T17:45:00,0.588,,
2026-07-14T18:00:00,0.566,,
2026-07-14T18:15:00,0.515,,
2026-07-14T18:30:00,0.498,,
2026-07-14T18:45:00,0.49,,
2026-07-14T19:00:00,0.426,,
2026-07-14T19:15:00,0.394,,
2026-07-14T19:30:00,0.372,,
2026-07-14T19:45:00,0.328,,
2026-07-14T20:00:00,0.256,,
2026-07-14T20:15:00,0.146,,
2026-07-14T20:30:00,0.096,,
2026-07-14T20:45:00,0.072,,
2026-07-14T21:00:00,0.048,,
2026-07-14T21:15:00,0.0,,
2026-07-14T21:30:00,0.0,,
2026-07-14T21:45:00,0.0,,
2026-07-14T22:00:00,0.0,,
2026-07-14T22:15:00,0.0,,
2026-07-14T22:30:00,0.0,,
2026-07-14T22:45:00,0.0,,
2026-07-14T23:00:00,0.0,,
2026-07-14T23:15:00,0.0,,
2026-07-14T23:30:00,0.0,,
2026-07-14T23:45:00,0.0,,
2026-07-15T00:00:00,0.0,,
2026-07-15T00:15:00,0.0,,
2026-07-15T00:30:00,0.0,,
2026-07-15T00:45:00,0.0,,
2026-07-15T01:00:00,0.0,,
2026-07-15T01:15:00,0.0,,
2026-07-15T01:30:00,0.0,,
2026-07-15T01:45:00,0.0,,
2026-07-15T02:00:00,0.0,,
2026-07-15T02:15:00,0.0,,
2026-07-15T02:30:00,0.0,,
2026-07-15T02:45:00,0.0,,
2026-07-15T03:00:00,0.0,,
2026-07-15T03:15:00,0.0,,
2026-07-15T03:30:00,0.0,,
2026-07-15T03:45:00,0.0,,
2026-07-15T04:00:00,0.0,,
2026-07-15T04:15:00,0.0,,
2026-07-15T04:30:00,0.0,,
2026-07-15T04:45:00,0.0,,
2026-07-15T05:00:00,0.0,,
2026-07-15T05:15:00,0.0,,
2026-07-15T05:30:00,0.0,,
2026-07-15T05:45:00,0.0,,
2026-07-15T06:00:00,0.0,,
2026-07-15T06:15:00,0.0,,
2026-07-15T06:30:00,0.009,,
2026-07-15T06:45:00,0.014,,
2026-07-15T07:00:00,0.019,,
2026-07-15T07:15:00,0.065,,
2026-07-15T07:30:00,0.142,,
2026-07-15T07:45:00,0.179,,
2026-07-15T08:00:00,0.233,,
2026-07-15T08:15:00,0.355,,
2026-07-15T08:30:00,0.467,,
2026-07-15T08:45:00,0.488,,
2026-07-15T09:00:00,0.531,,
2026-07-15T09:15:00,0.531,,
2026-07-15T09:30:00,0.568,,
2026-07-15T09:45:00,0.616,,
2026-07-15T10:00:00,0.695,,
2026-07-15T10:15:00,0.699,,
2026-07-15T10:30:00,0.727,,
2026-07-15T10:45:00,0.778,,
2026-07-15T11:00:00,0.82,,
2026-07-15T11:15:00,0.849,,
2026-07-15T11:30:00,0.875,,
2026-07-15T11:45:00,0.912,,
2026-07-15T12:00:00,0.937,,
2026-07-15T12:15:00,0.943,,
2026-07-15T12:30:00,0.964,,
2026-07-15T12:45:00,0.972,,
2026-07-15T13:00:00,0.98,,
2026-07-15T13:15:00,0.983,,
2026-07-15T13:30:00,0.981,,
2026-07-15T13:45:00,0.979,,
2026-07-15T14:00:00,0.978,,
2026-07-15T14:15:00,0.967,,
2026-07-15T14:30:00,0.967,,
2026-07-15T14:45:00,0.942,,
2026-07-15T15:00:00,0.92,,
2026-07-15T15:15:00,0.867,,
2026-07-15T15:30:00,0.849,,
2026-07-15T15:45:00,0.82,,
2026-07-15T16:00:00,0.776,,
2026-07-15T16:15:00,0.739,,
2026-07-15T16:30:00,0.7,,
2026-07-15T16:45:00,0.661,,
2026-07-15T17:00:00,0.616,,
2026-07-15T17:15:00,0.604,,
2026-07-15T17:30:00,0.61,,
2026-07-15T17:45:00,0.588,,
2026-07-15T18:00:00,0.566,,
2026-07-15T18:15:00,0.515,,
2026-07-15T18:30:00,0.498,,
2026-07-15T18:45:00,0.489,,
2026-07-15T19:00:00,0.426,,
2026-07-15T19:15:00,0.394,,
2026-07-15T19:30:00,0.371,,
2026-07-15T19:45:00,0.309,,
2026-07-15T20:00:00,0.255,,
2026-07-15T20:15:00,0.145,,
2026-07-15T20:30:00,0.095,,
2026-07-15T20:45:00,0.071,,
2026-07-15T21:00:00,0.047,,
2026-07-15T21:15:00,0.0,,
2026-07-15T21:30:00,0.0,,
2026-07-15T21:45:00,0.0,,
2026-07-15T22:00:00,0.0,,
2026-07-15T22:15:00,0.0,,
2026-07-15T22:30:00,0.0,,
2026-07-15T22:45:00,0.0,,
2026-07-15T23:00:00,0.0,,
2026-07-15T23:15:00,0.0,,
2026-07-15T23:30:00,0.0,,
2026-07-15T23:45:00,0.0,,
2026-07-16T00:00:00,0.0,,
2026-07-16T00:15:00,0.0,,
2026-07-16T00:30:00,0.0,,
2026-07-16T00:45:00,0.0,,
2026-07-16T01:00:00,0.0,,
2026-07-16T01:15:00,0.0,,
2026-07-16T01:30:00,0.0,,
2026-07-16T01:45:00,0.0,,
2026-07-16T02:00:00,0.0,,
2026-07-16T02:15:00,0.0,,
2026-07-16T02:30:00,0.0,,
2026-07-16T02:45:00,0.0,,
2026-07-16T03:00:00,0.0,,
2026-07-16T03:15:00,0.0,,
2026-07-16T03:30:00,0.0,,
2026-07-16T03:45:00,0.0,,
2026-07-16T04:00:00,0.0,,
2026-07-16T04:15:00,0.0,,
2026-07-16T04:30:00,0.0,,
2026-07-16T04:45:00,0.0,,
2026-07-16T05:00:00,0.0,,
2026-07-16T05:15:00,0.0,,
2026-07-16T05:30:00,0.0,,
2026-07-16T05:45:00,0.0,,
2026-07-16T06:00:00,0.0,,
2026-07-16T06:15:00,0.0,,
2026-07-16T06:30:00,0.01,,
2026-07-16T06:45:00,0.015,,
2026-07-16T07:00:00,0.021,,
2026-07-16T07:15:00,0.067,,
2026-07-16T07:30:00,0.122,,
2026-07-16T07:45:00,0.181,,
2026-07-16T08:00:00,0.234,,
2026-07-16T08:15:00,0.356,,
2026-07-16T08:30:00,0.468,,
2026-07-16T08:45:00,0.489,,
2026-07-16T09:00:00,0.532,,
2026-07-16T09:15:00,0.532,,
2026-07-16T09:30:00,0.569,,
2026-07-16T09:45:00,0.617,,
2026-07-16T10:00:00,0.695,,
2026-07-16T10:15:00,0.702,,
2026-07-16T10:30:00,0.729,,
2026-07-16T10:45:00,0.78,,
2026-07-16T11:00:00,0.822,,
2026-07-16T11:15:00,0.851,,
2026-07-16T11:30:00,0.877,,
2026-07-16T11:45:00,0.913,,
2026-07-16T12:00:00,0.939,,
2026-07-16T12:15:00,0.945,,
2026-07-16T12:30:00,0.967,,
2026-07-16T12:45:00,0.974,,
2026-07-16T13:00:00,0.982,,
2026-07-16T13:15:00,0.98,,
2026-07-16T13:30:00,0.984,,
2026-07-16T13:45:00,0.983,,
2026-07-16T14:00:00,0.981,,
2026-07-16T14:15:00,0.97,,
2026-07-16T14:30:00,0.97,,
2026-07-16T14:45:00,0.947,,
2026-07-16T15:00:00,0.906,,
2026-07-16T15:15:00,0.872,,
2026-07-16T15:30:00,0.829,,
2026-07-16T15:45:00,0.823,,
2026-07-16T16:00:00,0.779,,
2026-07-16T16:15:00,0.741,,
2026-07-16T16:30:00,0.702,,
2026-07-16T16:45:00,0.664,,
2026-07-16T17:00:00,0.618,,
2026-07-16T17:15:00,0.61,,
2026-07-16T17:30:00,0.61,,
2026-07-16T17:45:00,0.588,,
2026-07-16T18:00:00,0.566,,
2026-07-16T18:15:00,0.514,,
2026-07-16T18:30:00,0.497,,
2026-07-16T18:45:00,0.489,,
2026-07-16T19:00:00,0.425,,
2026-07-16T19:15:00,0.394,,
2026-07-16T19:30:00,0.371,,
2026-07-16T19:45:00,0.308,,
2026-07-16T20:00:00,0.253,,
2026-07-16T20:15:00,0.145,,
2026-07-16T20:30:00,0.093,,
2026-07-16T20:45:00,0.07,,
2026-07-16T21:00:00,0.035,,
2026-07-16T21:15:00,0.0,,
2026-07-16T21:30:00,0.0,,
2026-07-16T21:45:00,0.0,,
2026-07-16T22:00:00,0.0,,
2026-07-16T22:15:00,0.0,,
2026-07-16T22:30:00,0.0,,
2026-07-16T22:45:00,0.0,,
2026-07-16T23:00:00,0.0,,
2026-07-16T23:15:00,0.0,,
2026-07-16T23:30:00,0.0,,
2026-07-16T23:45:00,0.0,,
2026-07-17T00:00:00,0.0,,
2026-07-17T00:15:00,0.0,,
2026-07-17T00:30:00,0.0,,
2026-07-17T00:45:00,0.0,,
2026-07-17T01:00:00,0.0,,
2026-07-17T01:15:00,0.0,,
2026-07-17T01:30:00,0.0,,
2026-07-17T01:45:00,0.0,,
2026-07-17T02:00:00,0.0,,
2026-07-17T02:15:00,0.0,,
2026-07-17T02:30:00,0.0,,
2026-07-17T02:45:00,0.0,,
2026-07-17T03:00:00,0.0,,
2026-07-17T03:15:00,0.0,,
2026-07-17T03:30:00,0.0,,
2026-07-17T03:45:00,0.0,,
2026-07-17T04:00:00,0.0,,
2026-07-17T04:15:00,0.0,,
2026-07-17T04:30:00,0.0,,
2026-07-17T04:45:00,0.0,,
2026-07-17T05:00:00,0.0,,
2026-07-17T05:15:00,0.0,,
2026-07-17T05:30:00,0.0,,
2026-07-17T05:45:00,0.0,,
2026-07-17T06:00:00,0.0,,
2026-07-17T06:15:00,0.0,,
2026-07-17T06:30:00,0.011,,
2026-07-17T06:45:00,0.017,,
2026-07-17T07:00:00,0.022,,
2026-07-17T07:15:00,0.069,,
2026-07-17T07:30:00,0.124,,
2026-07-17T07:45:00,0.183,,
2026-07-17T08:00:00,0.236,,
2026-07-17T08:15:00,0.357,,
2026-07-17T08:30:00,0.45,,
2026-07-17T08:45:00,0.49,,
2026-07-17T09:00:00,0.532,,
2026-07-17T09:15:00,0.536,,
2026-07-17T09:30:00,0.571,,
2026-07-17T09:45:00,0.618,,
2026-07-17T10:00:00,0.682,,
2026-07-17T10:15:00,0.704,,
2026-07-17T10:30:00,0.731,,
2026-07-17T10:45:00,0.782,,
2026-07-17T11:00:00,0.824,,
2026-07-17T11:15:00,0.853,,
2026-07-17T11:30:00,0.879,,
2026-07-17T11:45:00,0.915,,
2026-07-17T12:00:00,0.941,,
2026-07-17T12:15:00,0.947,,
2026-07-17T12:30:00,0.958,,
2026-07-17T12:45:00,0.976,,
2026-07-17T13:00:00,0.985,,
2026-07-17T13:15:00,0.983,,
2026-07-17T13:30:00,0.987,,
2026-07-17T13:45:00,0.986,,
2026-07-17T14:00:00,0.984,,
2026-07-17T14:15:00,0.974,,
2026-07-17T14:30:00,0.951,,
2026-07-17T14:45:00,0.93,,
2026-07-17T15:00:00,0.912,,
2026-07-17T15:15:00,0.877,,
2026-07-17T15:30:00,0.832,,
2026-07-17T15:45:00,0.826,,
2026-07-17T16:00:00,0.782,,
2026-07-17T16:15:00,0.744,,
2026-07-17T16:30:00,0.704,,
2026-07-17T16:45:00,0.666,,
2026-07-17T17:00:00,0.621,,
2026-07-17T17:15:00,0.611,,
2026-07-17T17:30:00,0.61,,
2026-07-17T17:45:00,0.588,,
2026-07-17T18:00:00,0.541,,
2026-07-17T18:15:00,0.514,,
2026-07-17T18:30:00,0.497,,
2026-07-17T18:45:00,0.467,,
2026-07-17T19:00:00,0.425,,
2026-07-17T19:15:00,0.394,,
2026-07-17T19:30:00,0.37,,
2026-07-17T19:45:00,0.307,,
2026-07-17T20:00:00,0.252,,
2026-07-17T20:15:00,0.143,,
2026-07-17T20:30:00,0.092,,
2026-07-17T20:45:00,0.057,,
2026-07-17T21:00:00,0.035,,
2026-07-17T21:15:00,0.0,,
2026-07-17T21:30:00,0.0,,
2026-07-17T21:45:00,0.0,,
2026-07-17T22:00:00,0.0,,
2026-07-17T22:15:00,0.0,,
2026-07-17T22:30:00,0.0,,
2026-07-17T22:45:00,0.0,,
2026-07-17T23:00:00,0.0,,
2026-07-17T23:15:00,0.0,,
2026-07-17T23:30:00,0.0,,
2026-07-17T23:45:00,0.0,,
2026-07-18T00:00:00,0.0,,
2026-07-18T00:15:00,0.0,,
2026-07-18T00:30:00,0.0,,
2026-07-18T00:45:00,0.0,,
2026-07-18T01:00:00,0.0,,
2026-07-18T01:15:00,0.0,,
2026-07-18T01:30:00,0.0,,
2026-07-18T01:45:00,0.0,,
2026-07-18T02:00:00,0.0,,
2026-07-18T02:15:00,0.0,,
2026-07-18T02:30:00,0.0,,
2026-07-18T02:45:00,0.0,,
2026-07-18T03:00:00,0.0,,
2026-07-18T03:15:00,0.0,,
2026-07-18T03:30:00,0.0,,
2026-07-18T03:45:00,0.0,,
2026-07-18T04:00:00,0.0,,
2026-07-18T04:15:00,0.0,,
2026-07-18T04:30:00,0.0,,
2026-07-18T04:45:00,0.0,,
2026-07-18T05:00:00,0.0,,
2026-07-18T05:15:00,0.0,,
2026-07-18T05:30:00,0.0,,
2026-07-18T05:45:00,0.0,,
2026-07-18T06:00:00,0.0,,
2026-07-18T06:15:00,0.0,,
2026-07-18T06:30:00,0.012,,
2026-07-18T06:45:00,0.018,,
2026-07-18T07:00:00,0.024,,
2026-07-18T07:15:00,0.072,,
2026-07-18T07:30:00,0.126,,
2026-07-18T07:45:00,0.175,,
2026-07-18T08:00:00,0.238,,
2026-07-18T08:15:00,0.358,,
2026-07-18T08:30:00,0.451,,
2026-07-18T08:45:00,0.491,,
2026-07-18T09:00:00,0.533,,
2026-07-18T09:15:00,0.537,,
2026-07-18T09:30:00,0.572,,
2026-07-18T09:45:00,0.619,,
2026-07-18T10:00:00,0.683,,
2026-07-18T10:15:00,0.706,,
2026-07-18T10:30:00,0.734,,
2026-07-18T10:45:00,0.784,,
2026-07-18T11:00:00,0.826,,
2026-07-18T11:15:00,0.855,,
2026-07-18T11:30:00,0.881,,
2026-07-18T11:45:00,0.917,,
2026-07-18T12:00:00,0.932,,
2026-07-18T12:15:00,0.95,,
2026-07-18T12:30:00,0.96,,
2026-07-18T12:45:00,0.972,,
2026-07-18T13:00:00,0.975,,
2026-07-18T13:15:00,0.986,,
2026-07-18T13:30:00,0.984,,
2026-07-18T13:45:00,0.989,,
2026-07-18T14:00:00,0.98,,
2026-07-18T14:15:00,0.978,,
2026-07-18T14:30:00,0.956,,
2026-07-18T14:45:00,0.935,,
2026-07-18T15:00:00,0.917,,
2026-07-18T15:15:00,0.882,,
2026-07-18T15:30:00,0.836,,
2026-07-18T15:45:00,0.83,,
2026-07-18T16:00:00,0.785,,
2026-07-18T16:15:00,0.747,,
2026-07-18T16:30:00,0.707,,
2026-07-18T16:45:00,0.668,,
2026-07-18T17:00:00,0.61,,
2026-07-18T17:15:00,0.612,,
2026-07-18T17:30:00,0.61,,
2026-07-18T17:45:00,0.587,,
2026-07-18T18:00:00,0.541,,
2026-07-18T18:15:00,0.514,,
2026-07-18T18:30:00,0.497,,
2026-07-18T18:45:00,0.466,,
2026-07-18T19:00:00,0.425,,
2026-07-18T19:15:00,0.394,,
2026-07-18T19:30:00,0.348,,
2026-07-18T19:45:00,0.306,,
2026-07-18T20:00:00,0.251,,
2026-07-18T20:15:00,0.142,,
2026-07-18T20:30:00,0.079,,
2026-07-18T20:45:00,0.057,,
2026-07-18T21:00:00,0.034,,
2026-07-18T21:15:00,0.0,,
2026-07-18T21:30:00,0.0,,
2026-07-18T21:45:00,0.0,,
2026-07-18T22:00:00,0.0,,
2026-07-18T22:15:00,0.0,,
2026-07-18T22:30:00,0.0,,
2026-07-18T22:45:00,0.0,,
2026-07-18T23:00:00,0.0,,
2026-07-18T23:15:00,0.0,,
2026-07-18T23:30:00,0.0,,
2026-07-18T23:45:00,0.0,,
2026-07-19T00:00:00,0.0,,
2026-07-19T00:15:00,0.0,,
2026-07-19T00:30:00,0.0,,
2026-07-19T00:45:00,0.0,,
2026-07-19T01:00:00,0.0,,
2026-07-19T01:15:00,0.0,,
2026-07-19T01:30:00,0.0,,
2026-07-19T01:45:00,0.0,,
2026-07-19T02:00:00,0.0,,
2026-07-19T02:15:00,0.0,,
2026-07-19T02:30:00,0.0,,
2026-07-19T02:45:00,0.0,,
2026-07-19T03:00:00,0.0,,
2026-07-19T03:15:00,0.0,,
2026-07-19T03:30:00,0.0,,
2026-07-19T03:45:00,0.0,,
2026-07-19T04:00:00,0.0,,
2026-07-19T04:15:00,0.0,,
2026-07-19T04:30:00,0.0,,
2026-07-19T04:45:00,0.0,,
2026-07-19T05:00:00,0.0,,
2026-07-19T05:15:00,0.0,,
2026-07-19T05:30:00,0.0,,
2026-07-19T05:45:00,0.0,,
2026-07-19T06:00:00,0.0,,
2026-07-19T06:15:00,0.0,,
2026-07-19T06:30:00,0.01,,
2026-07-19T06:45:00,0.016,,
2026-07-19T07:00:00,0.026,,
2026-07-19T07:15:00,0.074,,
2026-07-19T07:30:00,0.128,,
2026-07-19T07:45:00,0.177,,
2026-07-19T08:00:00,0.239,,
2026-07-19T08:15:00,0.359,,
2026-07-19T08:30:00,0.452,,
2026-07-19T08:45:00,0.492,,
2026-07-19T09:00:00,0.534,,
2026-07-19T09:15:00,0.539,,
2026-07-19T09:30:00,0.574,,
2026-07-19T09:45:00,0.621,,
2026-07-19T10:00:00,0.684,,
2026-07-19T10:15:00,0.704,,
2026-07-19T10:30:00,0.736,,
2026-07-19T10:45:00,0.786,,
2026-07-19T11:00:00,0.828,,
2026-07-19T11:15:00,0.858,,
2026-07-19T11:30:00,0.883,,
2026-07-19T11:45:00,0.919,,
2026-07-19T12:00:00,0.934,,
2026-07-19T12:15:00,0.952,,
2026-07-19T12:30:00,0.962,,
2026-07-19T12:45:00,0.975,,
2026-07-19T13:00:00,0.978,,
2026-07-19T13:15:00,0.99,,
2026-07-19T13:30:00,0.988,,
2026-07-19T13:45:00,0.986,,
2026-07-19T14:00:00,0.984,,
2026-07-19T14:15:00,0.981,,
2026-07-19T14:30:00,0.96,,
2026-07-19T14:45:00,0.941,,
2026-07-19T15:00:00,0.923,,
2026-07-19T15:15:00,0.887,,
2026-07-19T15:30:00,0.84,,
2026-07-19T15:45:00,0.808,,
2026-07-19T16:00:00,0.789,,
2026-07-19T16:15:00,0.75,,
2026-07-19T16:30:00,0.709,,
2026-07-19T16:45:00,0.645,,
2026-07-19T17:00:00,0.612,,
2026-07-19T17:15:00,0.613,,
2026-07-19T17:30:00,0.61,,
2026-07-19T17:45:00,0.587,,
2026-07-19T18:00:00,0.541,,
2026-07-19T18:15:00,0.514,,
2026-07-19T18:30:00,0.497,,
2026-07-19T18:45:00,0.466,,
2026-07-19T19:00:00,0.425,,
2026-07-19T19:15:00,0.393,,
2026-07-19T19:30:00,0.347,,
2026-07-19T19:45:00,0.305,,
2026-07-19T20:00:00,0.25,,
2026-07-19T20:15:00,0.141,,
2026-07-19T20:30:00,0.078,,
2026-07-19T20:45:00,0.056,,
2026-07-19T21:00:00,0.034,,
2026-07-19T21:15:00,0.0,,
2026-07-19T21:30:00,0.0,,
2026-07-19T21:45:00,0.0,,
2026-07-19T22:00:00,0.0,,
2026-07-19T22:15:00,0.0,,
2026-07-19T22:30:00,0.0,,
2026-07-19T22:45:00,0.0,,
2026-07-19T23:00:00,0.0,,
2026-07-19T23:15:00,0.0,,
2026-07-19T23:30:00,0.0,,
2026-07-19T23:45:00,0.0,,
2026-07-20T00:00:00,0.0,,
2026-07-20T00:15:00,0.0,,
2026-07-20T00:30:00,0.0,,
2026-07-20T00:45:00,0.0,,
2026-07-20T01:00:00,0.0,,
2026-07-20T01:15:00,0.0,,
2026-07-20T01:30:00,0.0,,
2026-07-20T01:45:00,0.0,,
2026-07-20T02:00:00,0.0,,
2026-07-20T02:15:00,0.0,,
2026-07-20T02:30:00,0.0,,
2026-07-20T02:45:00,0.0,,
2026-07-20T03:00:00,0.0,,
2026-07-20T03:15:00,0.0,,
2026-07-20T03:30:00,0.0,,
2026-07-20T03:45:00,0.0,,
2026-07-20T04:00:00,0.0,,
2026-07-20T04:15:00,0.0,,
2026-07-20T04:30:00,0.0,,
2026-07-20T04:45:00,0.0,,
2026-07-20T05:00:00,0.0,,
2026-07-20T05:15:00,0.0,,
2026-07-20T05:30:00,0.0,,
2026-07-20T05:45:00,0.0,,
2026-07-20T06:00:00,0.0,,
2026-07-20T06:15:00,0.0,,
2026-07-20T06:30:00,0.011,,
2026-07-20T06:45:00,0.018,,
2026-07-20T07:00:00,0.025,,
2026-07-20T07:15:00,0.076,,
2026-07-20T07:30:00,0.13,,
2026-07-20T07:45:00,0.179,,
2026-07-20T08:00:00,0.212,,
2026-07-20T08:15:00,0.361,,
2026-07-20T08:30:00,0.453,,
2026-07-20T08:45:00,0.491,,
2026-07-20T09:00:00,0.534,,
2026-07-20T09:15:00,0.54,,
2026-07-20T09:30:00,0.559,,
2026-07-20T09:45:00,0.622,,
2026-07-20T10:00:00,0.684,,
2026-07-20T10:15:00,0.706,,
2026-07-20T10:30:00,0.722,,
2026-07-20T10:45:00,0.789,,
2026-07-20T11:00:00,0.83,,
2026-07-20T11:15:00,0.86,,
2026-07-20T11:30:00,0.886,,
2026-07-20T11:45:00,0.901,,
2026-07-20T12:00:00,0.936,,
2026-07-20T12:15:00,0.955,,
2026-07-20T12:30:00,0.965,,
2026-07-20T12:45:00,0.977,,
2026-07-20T13:00:00,0.981,,
2026-07-20T13:15:00,0.993,,
2026-07-20T13:30:00,0.991,,
2026-07-20T13:45:00,0.989,,
2026-07-20T14:00:00,0.987,,
2026-07-20T14:15:00,0.985,,
2026-07-20T14:30:00,0.965,,
2026-07-20T14:45:00,0.946,,
2026-07-20T15:00:00,0.929,,
2026-07-20T15:15:00,0.871,,
2026-07-20T15:30:00,0.844,,
2026-07-20T15:45:00,0.812,,
2026-07-20T16:00:00,0.774,,
2026-07-20T16:15:00,0.732,,
2026-07-20T16:30:00,0.694,,
2026-07-20T16:45:00,0.648,,
2026-07-20T17:00:00,0.615,,
2026-07-20T17:15:00,0.615,,
2026-07-20T17:30:00,0.611,,
2026-07-20T17:45:00,0.586,,
2026-07-20T18:00:00,0.541,,
2026-07-20T18:15:00,0.514,,
2026-07-20T18:30:00,0.483,,
2026-07-20T18:45:00,0.465,,
2026-07-20T19:00:00,0.425,,
2026-07-20T19:15:00,0.381,,
2026-07-20T19:30:00,0.346,,
2026-07-20T19:45:00,0.304,,
2026-07-20T20:00:00,0.249,,
2026-07-20T20:15:00,0.107,,
2026-07-20T20:30:00,0.077,,
2026-07-20T20:45:00,0.055,,
2026-07-20T21:00:00,0.033,,
2026-07-20T21:15:00,0.0,,
2026-07-20T21:30:00,0.0,,
2026-07-20T21:45:00,0.0,,
2026-07-20T22:00:00,0.0,,
2026-07-20T22:15:00,0.0,,
2026-07-20T22:30:00,0.0,,
2026-07-20T22:45:00,0.0,,
2026-07-20T23:00:00,0.0,,
2026-07-20T23:15:00,0.0,,
2026-07-20T23:30:00,0.0,,
2026-07-20T23:45:00,0.0,,
2026-07-21T00:00:00,0.0,,
2026-07-21T00:15:00,0.0,,
2026-07-21T00:30:00,0.0,,
2026-07-21T00:45:00,0.0,,
2026-07-21T01:00:00,0.0,,
2026-07-21T01:15:00,0.0,,
2026-07-21T01:30:00,0.0,,
2026-07-21T01:45:00,0.0,,
2026-07-21T02:00:00,0.0,,
2026-07-21T02:15:00,0.0,,
2026-07-21T02:30:00,0.0,,
2026-07-21T02:45:00,0.0,,
2026-07-21T03:00:00,0.0,,
2026-07-21T03:15:00,0.0,,
2026-07-21T03:30:00,0.0,,
2026-07-21T03:45:00,0.0,,
2026-07-21T04:00:00,0.0,,
2026-07-21T04:15:00,0.0,,
2026-07-21T04:30:00,0.0,,
2026-07-21T04:45:00,0.0,,
2026-07-21T05:00:00,0.0,,
2026-07-21T05:15:00,0.0,,
2026-07-21T05:30:00,0.0,,
2026-07-21T05:45:00,0.0,,
2026-07-21T06:00:00,0.0,,
2026-07-21T06:15:00,0.0,,
2026-07-21T06:30:00,0.011,,
2026-07-21T06:45:00,0.019,,
2026-07-21T07:00:00,0.027,,
2026-07-21T07:15:00,0.053,,
2026-07-21T07:30:00,0.132,,
2026-07-21T07:45:00,0.181,,
2026-07-21T08:00:00,0.214,,
2026-07-21T08:15:00,0.362,,
2026-07-21T08:30:00,0.455,,
2026-07-21T08:45:00,0.492,,
2026-07-21T09:00:00,0.535,,
2026-07-21T09:15:00,0.541,,
2026-07-21T09:30:00,0.561,,
2026-07-21T09:45:00,0.623,,
2026-07-21T10:00:00,0.685,,
2026-07-21T10:15:00,0.708,,
2026-07-21T10:30:00,0.725,,
2026-07-21T10:45:00,0.764,,
2026-07-21T11:00:00,0.832,,
2026-07-21T11:15:00,0.862,,
2026-07-21T11:30:00,0.875,,
2026-07-21T11:45:00,0.903,,
2026-07-21T12:00:00,0.938,,
2026-07-21T12:15:00,0.95,,
2026-07-21T12:30:00,0.967,,
2026-07-21T12:45:00,0.98,,
2026-07-21T13:00:00,0.984,,
2026-07-21T13:15:00,0.981,,
2026-07-21T13:30:00,0.995,,
2026-07-21T13:45:00,0.993,,
2026-07-21T14:00:00,0.991,,
2026-07-21T14:15:00,0.971,,
2026-07-21T14:30:00,0.971,,
2026-07-21T14:45:00,0.952,,
2026-07-21T15:00:00,0.936,,
2026-07-21T15:15:00,0.875,,
2026-07-21T15:30:00,0.848,,
2026-07-21T15:45:00,0.816,,
2026-07-21T16:00:00,0.777,,
2026-07-21T16:15:00,0.735,,
2026-07-21T16:30:00,0.697,,
2026-07-21T16:45:00,0.65,,
2026-07-21T17:00:00,0.617,,
2026-07-21T17:15:00,0.616,,
2026-07-21T17:30:00,0.611,,
2026-07-21T17:45:00,0.585,,
2026-07-21T18:00:00,0.54,,
2026-07-21T18:15:00,0.513,,
2026-07-21T18:30:00,0.483,,
2026-07-21T18:45:00,0.465,,
2026-07-21T19:00:00,0.425,,
2026-07-21T19:15:00,0.381,,
2026-07-21T19:30:00,0.345,,
2026-07-21T19:45:00,0.303,,
2026-07-21T20:00:00,0.199,,
2026-07-21T20:15:00,0.106,,
2026-07-21T20:30:00,0.075,,
2026-07-21T20:45:00,0.054,,
2026-07-21T21:00:00,0.032,,
2026-07-21T21:15:00,0.0,,
2026-07-21T21:30:00,0.0,,
2026-07-21T21:45:00,0.0,,
2026-07-21T22:00:00,0.0,,
2026-07-21T22:15:00,0.0,,
2026-07-21T22:30:00,0.0,,
2026-07-21T22:45:00,0.0,,
2026-07-21T23:00:00,0.0,,
2026-07-21T23:15:00,0.0,,
2026-07-21T23:30:00,0.0,,
2026-07-21T23:45:00,0.0,,
2026-07-22T00:00:00,0.0,,
2026-07-22T00:15:00,0.0,,
2026-07-22T00:30:00,0.0,,
2026-07-22T00:45:00,0.0,,
2026-07-22T01:00:00,0.0,,
2026-07-22T01:15:00,0.0,,
2026-07-22T01:30:00,0.0,,
2026-07-22T01:45:00,0.0,,
2026-07-22T02:00:00,0.0,,
2026-07-22T02:15:00,0.0,,
2026-07-22T02:30:00,0.0,,
2026-07-22T02:45:00,0.0,,
2026-07-22T03:00:00,0.0,,
2026-07-22T03:15:00,0.0,,
2026-07-22T03:30:00,0.0,,
2026-07-22T03:45:00,0.0,,
2026-07-22T04:00:00,0.0,,
2026-07-22T04:15:00,0.0,,
2026-07-22T04:30:00,0.0,,
2026-07-22T04:45:00,0.0,,
2026-07-22T05:00:00,0.0,,
2026-07-22T05:15:00,0.0,,
2026-07-22T05:30:00,0.0,,
2026-07-22T05:45:00,0.0,,
2026-07-22T06:00:00,0.0,,
2026-07-22T06:15:00,0.0,,
2026-07-22T06:30:00,0.012,,
2026-07-22T06:45:00,0.02,,
2026-07-22T07:00:00,0.029,,
2026-07-22T07:15:00,0.055,,
2026-07-22T07:30:00,0.134,,
2026-07-22T07:45:00,0.183,,
2026-07-22T08:00:00,0.216,,
2026-07-22T08:15:00,0.309,,
2026-07-22T08:30:00,0.456,,
2026-07-22T08:45:00,0.493,,
2026-07-22T09:00:00,0.523,,
2026-07-22T09:15:00,0.542,,
2026-07-22T09:30:00,0.563,,
2026-07-22T09:45:00,0.596,,
2026-07-22T10:00:00,0.686,,
2026-07-22T10:15:00,0.71,,
2026-07-22T10:30:00,0.728,,
2026-07-22T10:45:00,0.767,,
2026-07-22T11:00:00,0.812,,
2026-07-22T11:15:00,0.848,,
2026-07-22T11:30:00,0.878,,
2026-07-22T11:45:00,0.906,,
2026-07-22T12:00:00,0.941,,
2026-07-22T12:15:00,0.952,,
2026-07-22T12:30:00,0.97,,
2026-07-22T12:45:00,0.983,,
2026-07-22T13:00:00,0.987,,
2026-07-22T13:15:00,0.985,,
2026-07-22T13:30:00,0.999,,
2026-07-22T13:45:00,0.997,,
2026-07-22T14:00:00,0.995,,
2026-07-22T14:15:00,0.976,,
2026-07-22T14:30:00,0.958,,
2026-07-22T14:45:00,0.958,,
2026-07-22T15:00:00,0.904,,
2026-07-22T15:15:00,0.88,,
2026-07-22T15:30:00,0.852,,
2026-07-22T15:45:00,0.82,,
2026-07-22T16:00:00,0.781,,
2026-07-22T16:15:00,0.738,,
2026-07-22T16:30:00,0.699,,
2026-07-22T16:45:00,0.653,,
2026-07-22T17:00:00,0.62,,
2026-07-22T17:15:00,0.618,,
2026-07-22T17:30:00,0.605,,
2026-07-22T17:45:00,0.585,,
2026-07-22T18:00:00,0.54,,
2026-07-22T18:15:00,0.513,,
2026-07-22T18:30:00,0.483,,
2026-07-22T18:45:00,0.464,,
2026-07-22T19:00:00,0.424,,
2026-07-22T19:15:00,0.38,,
2026-07-22T19:30:00,0.344,,
2026-07-22T19:45:00,0.302,,
2026-07-22T20:00:00,0.197,,
2026-07-22T20:15:00,0.104,,
2026-07-22T20:30:00,0.074,,
2026-07-22T20:45:00,0.053,,
2026-07-22T21:00:00,0.032,,
2026-07-22T21:15:00,0.0,,
2026-07-22T21:30:00,0.0,,
2026-07-22T21:45:00,0.0,,
2026-07-22T22:00:00,0.0,,
2026-07-22T22:15:00,0.0,,
2026-07-22T22:30:00,0.0,,
2026-07-22T22:45:00,0.0,,
2026-07-22T23:00:00,0.0,,
2026-07-22T23:15:00,0.0,,
2026-07-22T23:30:00,0.0,,
2026-07-22T23:45:00,0.0,,
2026-07-23T00:00:00,0.0,,
2026-07-23T00:15:00,0.0,,
2026-07-23T00:30:00,0.0,,
2026-07-23T00:45:00,0.0,,
2026-07-23T01:00:00,0.0,,
2026-07-23T01:15:00,0.0,,
2026-07-23T01:30:00,0.0,,
2026-07-23T01:45:00,0.0,,
2026-07-23T02:00:00,0.0,,
2026-07-23T02:15:00,0.0,,
2026-07-23T02:30:00,0.0,,
2026-07-23T02:45:00,0.0,,
2026-07-23T03:00:00,0.0,,
2026-07-23T03:15:00,0.0,,
2026-07-23T03:30:00,0.0,,
2026-07-23T03:45:00,0.0,,
2026-07-23T04:00:00,0.0,,
2026-07-23T04:15:00,0.0,,
2026-07-23T04:30:00,0.0,,
2026-07-23T04:45:00,0.0,,
2026-07-23T05:00:00,0.0,,
2026-07-23T05:15:00,0.0,,
2026-07-23T05:30:00,0.0,,
2026-07-23T05:45:00,0.0,,
2026-07-23T06:00:00,0.0,,
2026-07-23T06:15:00,0.0,,
2026-07-23T06:30:00,0.013,,
2026-07-23T06:45:00,0.022,,
2026-07-23T07:00:00,0.031,,
2026-07-23T07:15:00,0.058,,
2026-07-23T07:30:00,0.117,,
2026-07-23T07:45:00,0.185,,
2026-07-23T08:00:00,0.219,,
2026-07-23T08:15:00,0.311,,
2026-07-23T08:30:00,0.457,,
2026-07-23T08:45:00,0.495,,
2026-07-23T09:00:00,0.524,,
2026-07-23T09:15:00,0.544,,
2026-07-23T09:30:00,0.564,,
2026-07-23T09:45:00,0.598,,
2026-07-23T10:00:00,0.655,,
2026-07-23T10:15:00,0.712,,
2026-07-23T10:30:00,0.731,,
2026-07-23T10:45:00,0.77,,
2026-07-23T11:00:00,0.815,,
2026-07-23T11:15:00,0.85,,
2026-07-23T11:30:00,0.88,,
2026-07-23T11:45:00,0.908,,
2026-07-23T12:00:00,0.943,,
2026-07-23T12:15:00,0.955,,
2026-07-23T12:30:00,0.963,,
2026-07-23T12:45:00,0.973,,
2026-07-23T13:00:00,0.983,,
2026-07-23T13:15:00,0.988,,
2026-07-23T13:30:00,0.987,,
2026-07-23T13:45:00,1.001,,
2026-07-23T14:00:00,0.983,,
2026-07-23T14:15:00,0.981,,
2026-07-23T14:30:00,0.964,,
2026-07-23T14:45:00,0.949,,
2026-07-23T15:00:00,0.91,,
2026-07-23T15:15:00,0.885,,
2026-07-23T15:30:00,0.849,,
2026-07-23T15:45:00,0.824,,
2026-07-23T16:00:00,0.785,,
2026-07-23T16:15:00,0.741,,
2026-07-23T16:30:00,0.702,,
2026-07-23T16:45:00,0.656,,
2026-07-23T17:00:00,0.622,,
2026-07-23T17:15:00,0.619,,
2026-07-23T17:30:00,0.604,,
2026-07-23T17:45:00,0.585,,
2026-07-23T18:00:00,0.54,,
2026-07-23T18:15:00,0.504,,
2026-07-23T18:30:00,0.482,,
2026-07-23T18:45:00,0.464,,
2026-07-23T19:00:00,0.408,,
2026-07-23T19:15:00,0.379,,
2026-07-23T19:30:00,0.343,,
2026-07-23T19:45:00,0.281,,
2026-07-23T20:00:00,0.195,,
2026-07-23T20:15:00,0.102,,
2026-07-23T20:30:00,0.072,,
2026-07-23T20:45:00,0.052,,
2026-07-23T21:00:00,0.021,,
2026-07-23T21:15:00,0.0,,
2026-07-23T21:30:00,0.0,,
2026-07-23T21:45:00,0.0,,
2026-07-23T22:00:00,0.0,,
2026-07-23T22:15:00,0.0,,
2026-07-23T22:30:00,0.0,,
2026-07-23T22:45:00,0.0,,
2026-07-23T23:00:00,0.0,,
2026-07-23T23:15:00,0.0,,
2026-07-23T23:30:00,0.0,,
2026-07-23T23:45:00,0.0,,
2026-07-24T00:00:00,0.0,,
2026-07-24T00:15:00,0.0,,
2026-07-24T00:30:00,0.0,,
2026-07-24T00:45:00,0.0,,
2026-07-24T01:00:00,0.0,,
2026-07-24T01:15:00,0.0,,
2026-07-24T01:30:00,0.0,,
2026-07-24T01:45:00,0.0,,
2026-07-24T02:00:00,0.0,,
2026-07-24T02:15:00,0.0,,
2026-07-24T02:30:00,0.0,,
2026-07-24T02:45:00,0.0,,
2026-07-24T03:00:00,0.0,,
2026-07-24T03:15:00,0.0,,
2026-07-24T03:30:00,0.0,,
2026-07-24T03:45:00,0.0,,
2026-07-24T04:00:00,0.0,,
2026-07-24T04:15:00,0.0,,
2026-07-24T04:30:00,0.0,,
2026-07-24T04:45:00,0.0,,
2026-07-24T05:00:00,0.0,,
2026-07-24T05:15:00,0.0,,
2026-07-24T05:30:00,0.0,,
2026-07-24T05:45:00,0.0,,
2026-07-24T06:00:00,0.0,,
2026-07-24T06:15:00,0.0,,
2026-07-24T06:30:00,0.014,,
2026-07-24T06:45:00,0.023,,
2026-07-24T07:00:00,0.033,,
2026-07-24T07:15:00,0.061,,
2026-07-24T07:30:00,0.12,,
2026-07-24T07:45:00,0.16,,
2026-07-24T08:00:00,0.221,,
2026-07-24T08:15:00,0.313,,
2026-07-24T08:30:00,0.421,,
2026-07-24T08:45:00,0.496,,
2026-07-24T09:00:00,0.525,,
2026-07-24T09:15:00,0.545,,
2026-07-24T09:30:00,0.566,,
2026-07-24T09:45:00,0.6,,
2026-07-24T10:00:00,0.656,,
2026-07-24T10:15:00,0.714,,
2026-07-24T10:30:00,0.734,,
2026-07-24T10:45:00,0.773,,
2026-07-24T11:00:00,0.818,,
2026-07-24T11:15:00,0.853,,
2026-07-24T11:30:00,0.883,,
2026-07-24T11:45:00,0.911,,
2026-07-24T12:00:00,0.93,,
2026-07-24T12:15:00,0.957,,
2026-07-24T12:30:00,0.966,,
2026-07-24T12:45:00,0.975,,
2026-07-24T13:00:00,0.986,,
2026-07-24T13:15:00,0.992,,
2026-07-24T13:30:00,0.991,,
2026-07-24T13:45:00,0.99,,
2026-07-24T14:00:00,0.988,,
2026-07-24T14:15:00,0.987,,
2026-07-24T14:30:00,0.97,,
2026-07-24T14:45:00,0.956,,
2026-07-24T15:00:00,0.916,,
2026-07-24T15:15:00,0.89,,
2026-07-24T15:30:00,0.853,,
2026-07-24T15:45:00,0.828,,
2026-07-24T16:00:00,0.788,,
2026-07-24T16:15:00,0.744,,
2026-07-24T16:30:00,0.705,,
2026-07-24T16:45:00,0.659,,
2026-07-24T17:00:00,0.625,,
2026-07-24T17:15:00,0.629,,
2026-07-24T17:30:00,0.604,,
2026-07-24T17:45:00,0.585,,
2026-07-24T18:00:00,0.54,,
2026-07-24T18:15:00,0.503,,
2026-07-24T18:30:00,0.482,,
2026-07-24T18:45:00,0.463,,
2026-07-24T19:00:00,0.408,,
2026-07-24T19:15:00,0.378,,
2026-07-24T19:30:00,0.341,,
2026-07-24T19:45:00,0.28,,
2026-07-24T20:00:00,0.194,,
2026-07-24T20:15:00,0.101,,
2026-07-24T20:30:00,0.071,,
2026-07-24T20:45:00,0.041,,
2026-07-24T21:00:00,0.02,,
2026-07-24T21:15:00,0.0,,
2026-07-24T21:30:00,0.0,,
2026-07-24T21:45:00,0.0,,
2026-07-24T22:00:00,0.0,,
2026-07-24T22:15:00,0.0,,
2026-07-24T22:30:00,0.0,,
2026-07-24T22:45:00,0.0,,
2026-07-24T23:00:00,0.0,,
2026-07-24T23:15:00,0.0,,
2026-07-24T23:30:00,0.0,,
2026-07-24T23:45:00,0.0,,
2026-07-25T00:00:00,0.0,,
2026-07-25T00:15:00,0.0,,
2026-07-25T00:30:00,0.0,,
2026-07-25T00:45:00,0.0,,
2026-07-25T01:00:00,0.0,,
2026-07-25T01:15:00,0.0,,
2026-07-25T01:30:00,0.0,,
2026-07-25T01:45:00,0.0,,
2026-07-25T02:00:00,0.0,,
2026-07-25T02:15:00,0.0,,
2026-07-25T02:30:00,0.0,,
2026-07-25T02:45:00,0.0,,
2026-07-25T03:00:00,0.0,,
2026-07-25T03:15:00,0.0,,
2026-07-25T03:30:00,0.0,,
2026-07-25T03:45:00,0.0,,
2026-07-25T04:00:00,0.0,,
2026-07-25T04:15:00,0.0,,
2026-07-25T04:30:00,0.0,,
2026-07-25T04:45:00,0.0,,
2026-07-25T05:00:00,0.0,,
2026-07-25T05:15:00,0.0,,
2026-07-25T05:30:00,0.0,,
2026-07-25T05:45:00,0.0,,
2026-07-25T06:00:00,0.0,,
2026-07-25T06:15:00,0.0,,
2026-07-25T06:30:00,0.01,,
2026-07-25T06:45:00,0.02,,
2026-07-25T07:00:00,0.035,,
2026-07-25T07:15:00,0.063,,
2026-07-25T07:30:00,0.122,,
2026-07-25T07:45:00,0.163,,
2026-07-25T08:00:00,0.223,,
2026-07-25T08:15:00,0.314,,
2026-07-25T08:30:00,0.422,,
2026-07-25T08:45:00,0.497,,
2026-07-25T09:00:00,0.526,,
2026-07-25T09:15:00,0.546,,
2026-07-25T09:30:00,0.568,,
2026-07-25T09:45:00,0.602,,
2026-07-25T10:00:00,0.657,,
2026-07-25T10:15:00,0.705,,
2026-07-25T10:30:00,0.737,,
2026-07-25T10:45:00,0.776,,
2026-07-25T11:00:00,0.82,,
2026-07-25T11:15:00,0.855,,
2026-07-25T11:30:00,0.886,,
2026-07-25T11:45:00,0.898,,
2026-07-25T12:00:00,0.932,,
2026-07-25T12:15:00,0.96,,
2026-07-25T12:30:00,0.968,,
2026-07-25T12:45:00,0.978,,
2026-07-25T13:00:00,0.99,,
2026-07-25T13:15:00,0.996,,
2026-07-25T13:30:00,0.995,,
2026-07-25T13:45:00,0.994,,
2026-07-25T14:00:00,0.994,,
2026-07-25T14:15:00,0.993,,
2026-07-25T14:30:00,0.977,,
2026-07-25T14:45:00,0.963,,
2026-07-25T15:00:00,0.922,,
2026-07-25T15:15:00,0.866,,
2026-07-25T15:30:00,0.858,,
2026-07-25T15:45:00,0.812,,
2026-07-25T16:00:00,0.792,,
2026-07-25T16:15:00,0.747,,
2026-07-25T16:30:00,0.708,,
2026-07-25T16:45:00,0.662,,
2026-07-25T17:00:00,0.624,,
2026-07-25T17:15:00,0.63,,
2026-07-25T17:30:00,0.604,,
2026-07-25T17:45:00,0.584,,
2026-07-25T18:00:00,0.526,,
2026-07-25T18:15:00,0.503,,
2026-07-25T18:30:00,0.482,,
2026-07-25T18:45:00,0.453,,
2026-07-25T19:00:00,0.407,,
2026-07-25T19:15:00,0.378,,
2026-07-25T19:30:00,0.317,,
2026-07-25T19:45:00,0.278,,
2026-07-25T20:00:00,0.192,,
2026-07-25T20:15:00,0.099,,
2026-07-25T20:30:00,0.06,,
2026-07-25T20:45:00,0.04,,
2026-07-25T21:00:00,0.02,,
2026-07-25T21:15:00,0.0,,
2026-07-25T21:30:00,0.0,,
2026-07-25T21:45:00,0.0,,
2026-07-25T22:00:00,0.0,,
2026-07-25T22:15:00,0.0,,
2026-07-25T22:30:00,0.0,,
2026-07-25T22:45:00,0.0,,
2026-07-25T23:00:00,0.0,,
2026-07-25T23:15:00,0.0,,
2026-07-25T23:30:00,0.0,,
2026-07-25T23:45:00,0.0,,
2026-07-26T00:00:00,0.0,,
2026-07-26T00:15:00,0.0,,
2026-07-26T00:30:00,0.0,,
2026-07-26T00:45:00,0.0,,
2026-07-26T01:00:00,0.0,,
2026-07-26T01:15:00,0.0,,
2026-07-26T01:30:00,0.0,,
2026-07-26T01:45:00,0.0,,
2026-07-26T02:00:00,0.0,,
2026-07-26T02:15:00,0.0,,
2026-07-26T02:30:00,0.0,,
2026-07-26T02:45:00,0.0,,
2026-07-26T03:00:00,0.0,,
2026-07-26T03:15:00,0.0,,
2026-07-26T03:30:00,0.0,,
2026-07-26T03:45:00,0.0,,
2026-07-26T04:00:00,0.0,,
2026-07-26T04:15:00,0.0,,
2026-07-26T04:30:00,0.0,,
2026-07-26T04:45:00,0.0,,
2026-07-26T05:00:00,0.0,,
2026-07-26T05:15:00,0.0,,
2026-07-26T05:30:00,0.0,,
2026-07-26T05:45:00,0.0,,
2026-07-26T06:00:00,0.0,,
2026-07-26T06:15:00,0.0,,
2026-07-26T06:30:00,0.011,,
2026-07-26T06:45:00,0.021,,
2026-07-26T07:00:00,0.032,,
2026-07-26T07:15:00,0.066,,
2026-07-26T07:30:00,0.125,,
2026-07-26T07:45:00,0.165,,
2026-07-26T08:00:00,0.201,,
2026-07-26T08:15:00,0.316,,
2026-07-26T08:30:00,0.423,,
2026-07-26T08:45:00,0.481,,
2026-07-26T09:00:00,0.528,,
2026-07-26T09:15:00,0.547,,
2026-07-26T09:30:00,0.551,,
2026-07-26T09:45:00,0.604,,
2026-07-26T10:00:00,0.659,,
2026-07-26T10:15:00,0.706,,
2026-07-26T10:30:00,0.727,,
2026-07-26T10:45:00,0.779,,
2026-07-26T11:00:00,0.823,,
2026-07-26T11:15:00,0.858,,
2026-07-26T11:30:00,0.889,,
2026-07-26T11:45:00,0.901,,
2026-07-26T12:00:00,0.934,,
2026-07-26T12:15:00,0.95,,
2026-07-26T12:30:00,0.971,,
2026-07-26T12:45:00,0.981,,
2026-07-26T13:00:00,0.994,,
2026-07-26T13:15:00,0.992,,
2026-07-26T13:30:00,1.0,,
2026-07-26T13:45:00,0.999,,
2026-07-26T14:00:00,0.999,,
2026-07-26T14:15:00,0.983,,
2026-07-26T14:30:00,0.983,,
2026-07-26T14:45:00,0.97,,
2026-07-26T15:00:00,0.928,,
2026-07-26T15:15:00,0.871,,
2026-07-26T15:30:00,0.862,,
2026-07-26T15:45:00,0.816,,
2026-07-26T16:00:00,0.773,,
2026-07-26T16:15:00,0.73,,
2026-07-26T16:30:00,0.691,,
2026-07-26T16:45:00,0.646,,
2026-07-26T17:00:00,0.627,,
2026-07-26T17:15:00,0.63,,
2026-07-26T17:30:00,0.604,,
2026-07-26T17:45:00,0.564,,
2026-07-26T18:00:00,0.526,,
2026-07-26T18:15:00,0.502,,
2026-07-26T18:30:00,0.481,,
2026-07-26T18:45:00,0.453,,
2026-07-26T19:00:00,0.407,,
2026-07-26T19:15:00,0.377,,
2026-07-26T19:30:00,0.316,,
2026-07-26T19:45:00,0.277,,
2026-07-26T20:00:00,0.19,,
2026-07-26T20:15:00,0.078,,
2026-07-26T20:30:00,0.058,,
2026-07-26T20:45:00,0.039,,
2026-07-26T21:00:00,0.0,,
2026-07-26T21:15:00,0.0,,
2026-07-26T21:30:00,0.0,,
2026-07-26T21:45:00,0.0,,
2026-07-26T22:00:00,0.0,,
2026-07-26T22:15:00,0.0,,
2026-07-26T22:30:00,0.0,,
2026-07-26T22:45:00,0.0,,
2026-07-26T23:00:00,0.0,,
2026-07-26T23:15:00,0.0,,
2026-07-26T23:30:00,0.0,,
2026-07-26T23:45:00,0.0,,
2026-07-27T00:00:00,0.0,,
2026-07-27T00:15:00,0.0,,
2026-07-27T00:30:00,0.0,,
2026-07-27T00:45:00,0.0,,
2026-07-27T01:00:00,0.0,,
2026-07-27T01:15:00,0.0,,
2026-07-27T01:30:00,0.0,,
2026-07-27T01:45:00,0.0,,
2026-07-27T02:00:00,0.0,,
2026-07-27T02:15:00,0.0,,
2026-07-27T02:30:00,0.0,,
2026-07-27T02:45:00,0.0,,
2026-07-27T03:00:00,0.0,,
2026-07-27T03:15:00,0.0,,
2026-07-27T03:30:00,0.0,,
2026-07-27T03:45:00,0.0,,
2026-07-27T04:00:00,0.0,,
2026-07-27T04:15:00,0.0,,
2026-07-27T04:30:00,0.0,,
2026-07-27T04:45:00,0.0,,
2026-07-27T05:00:00,0.0,,
2026-07-27T05:15:00,0.0,,
2026-07-27T05:30:00,0.0,,
2026-07-27T05:45:00,0.0,,
2026-07-27T06:00:00,0.0,,
2026-07-27T06:15:00,0.0,,
2026-07-27T06:30:00,0.0,,
2026-07-27T06:45:00,0.022,,
2026-07-27T07:00:00,0.034,,
2026-07-27T07:15:00,0.045,,
2026-07-27T07:30:00,0.128,,
2026-07-27T07:45:00,0.168,,
2026-07-27T08:00:00,0.204,,
2026-07-27T08:15:00,0.318,,
2026-07-27T08:30:00,0.424,,
2026-07-27T08:45:00,0.482,,
2026-07-27T09:00:00,0.529,,
2026-07-27T09:15:00,0.549,,
2026-07-27T09:30:00,0.553,,
2026-07-27T09:45:00,0.605,,
2026-07-27T10:00:00,0.66,,
2026-07-27T10:15:00,0.708,,
2026-07-27T10:30:00,0.73,,
2026-07-27T10:45:00,0.76,,
2026-07-27T11:00:00,0.808,,
2026-07-27T11:15:00,0.847,,
2026-07-27T11:30:00,0.878,,
2026-07-27T11:45:00,0.904,,
2026-07-27T12:00:00,0.937,,
2026-07-27T12:15:00,0.953,,
2026-07-27T12:30:00,0.975,,
2026-07-27T12:45:00,0.984,,
2026-07-27T13:00:00,0.998,,
2026-07-27T13:15:00,0.996,,
2026-07-27T13:30:00,1.004,,
2026-07-27T13:45:00,1.004,,
2026-07-27T14:00:00,1.005,,
2026-07-27T14:15:00,0.99,,
2026-07-27T14:30:00,0.978,,
2026-07-27T14:45:00,0.978,,
2026-07-27T15:00:00,0.907,,
2026-07-27T15:15:00,0.876,,
2026-07-27T15:30:00,0.867,,
2026-07-27T15:45:00,0.82,,
2026-07-27T16:00:00,0.777,,
2026-07-27T16:15:00,0.733,,
2026-07-27T16:30:00,0.694,,
2026-07-27T16:45:00,0.65,,
2026-07-27T17:00:00,0.629,,
2026-07-27T17:15:00,0.631,,
2026-07-27T17:30:00,0.604,,
2026-07-27T17:45:00,0.564,,
2026-07-27T18:00:00,0.526,,
2026-07-27T18:15:00,0.502,,
2026-07-27T18:30:00,0.484,,
2026-07-27T18:45:00,0.452,,
2026-07-27T19:00:00,0.406,,
2026-07-27T19:15:00,0.361,,
2026-07-27T19:30:00,0.315,,
2026-07-27T19:45:00,0.276,,
2026-07-27T20:00:00,0.131,,
2026-07-27T20:15:00,0.076,,
2026-07-27T20:30:00,0.057,,
2026-07-27T20:45:00,0.038,,
2026-07-27T21:00:00,0.0,,
2026-07-27T21:15:00,0.0,,
2026-07-27T21:30:00,0.0,,
2026-07-27T21:45:00,0.0,,
2026-07-27T22:00:00,0.0,,
2026-07-27T22:15:00,0.0,,
2026-07-27T22:30:00,0.0,,
2026-07-27T22:45:00,0.0,,
2026-07-27T23:00:00,0.0,,
2026-07-27T23:15:00,0.0,,
2026-07-27T23:30:00,0.0,,
2026-07-27T23:45:00,0.0,,
2026-07-28T00:00:00,0.0,,
2026-07-28T00:15:00,0.0,,
2026-07-28T00:30:00,0.0,,
2026-07-28T00:45:00,0.0,,
2026-07-28T01:00:00,0.0,,
2026-07-28T01:15:00,0.0,,
2026-07-28T01:30:00,0.0,,
2026-07-28T01:45:00,0.0,,
2026-07-28T02:00:00,0.0,,
2026-07-28T02:15:00,0.0,,
2026-07-28T02:30:00,0.0,,
2026-07-28T02:45:00,0.0,,
2026-07-28T03:00:00,0.0,,
2026-07-28T03:15:00,0.0,,
2026-07-28T03:30:00,0.0,,
2026-07-28T03:45:00,0.0,,
2026-07-28T04:00:00,0.0,,
2026-07-28T04:15:00,0.0,,
2026-07-28T04:30:00,0.0,,
2026-07-28T04:45:00,0.0,,
2026-07-28T05:00:00,0.0,,
2026-07-28T05:15:00,0.0,,
2026-07-28T05:30:00,0.0,,
2026-07-28T05:45:00,0.0,,
2026-07-28T06:00:00,0.0,,
2026-07-28T06:15:00,0.0,,
2026-07-28T06:30:00,0.0,,
2026-07-28T06:45:00,0.024,,
2026-07-28T07:00:00,0.036,,
2026-07-28T07:15:00,0.047,,
2026-07-28T07:30:00,0.131,,
2026-07-28T07:45:00,0.171,,
2026-07-28T08:00:00,0.206,,
2026-07-28T08:15:00,0.258,,
2026-07-28T08:30:00,0.426,,
2026-07-28T08:45:00,0.484,,
2026-07-28T09:00:00,0.503,,
2026-07-28T09:15:00,0.55,,
2026-07-28T09:30:00,0.555,,
2026-07-28T09:45:00,0.591,,
2026-07-28T10:00:00,0.661,,
2026-07-28T10:15:00,0.709,,
2026-07-28T10:30:00,0.733,,
2026-07-28T10:45:00,0.763,,
2026-07-28T11:00:00,0.811,,
2026-07-28T11:15:00,0.85,,
2026-07-28T11:30:00,0.881,,
2026-07-28T11:45:00,0.907,,
2026-07-28T12:00:00,0.939,,
2026-07-28T12:15:00,0.955,,
2026-07-28T12:30:00,0.968,,
2026-07-28T12:45:00,0.978,,
2026-07-28T13:00:00,0.987,,
2026-07-28T13:15:00,1.001,,
2026-07-28T13:30:00,1.0,,
2026-07-28T13:45:00,0.999,,
2026-07-28T14:00:00,0.998,,
2026-07-28T14:15:00,0.997,,
2026-07-28T14:30:00,0.985,,
2026-07-28T14:45:00,0.942,,
2026-07-28T15:00:00,0.912,,
2026-07-28T15:15:00,0.881,,
2026-07-28T15:30:00,0.847,,
2026-07-28T15:45:00,0.825,,
2026-07-28T16:00:00,0.781,,
2026-07-28T16:15:00,0.736,,
2026-07-28T16:30:00,0.697,,
2026-07-28T16:45:00,0.653,,
2026-07-28T17:00:00,0.632,,
2026-07-28T17:15:00,0.632,,
2026-07-28T17:30:00,0.586,,
2026-07-28T17:45:00,0.564,,
2026-07-28T18:00:00,0.525,,
2026-07-28T18:15:00,0.502,,
2026-07-28T18:30:00,0.483,,
2026-07-28T18:45:00,0.451,,
2026-07-28T19:00:00,0.406,,
2026-07-28T19:15:00,0.36,,
2026-07-28T19:30:00,0.314,,
2026-07-28T19:45:00,0.274,,
2026-07-28T20:00:00,0.13,,
2026-07-28T20:15:00,0.074,,
2026-07-28T20:30:00,0.055,,
2026-07-28T20:45:00,0.037,,
2026-07-28T21:00:00,0.0,,
2026-07-28T21:15:00,0.0,,
2026-07-28T21:30:00,0.0,,
2026-07-28T21:45:00,0.0,,
2026-07-28T22:00:00,0.0,,
2026-07-28T22:15:00,0.0,,
2026-07-28T22:30:00,0.0,,
2026-07-28T22:45:00,0.0,,
2026-07-28T23:00:00,0.0,,
2026-07-28T23:15:00,0.0,,
2026-07-28T23:30:00,0.0,,
2026-07-28T23:45:00,0.0,,
2026-07-29T00:00:00,0.0,,
2026-07-29T00:15:00,0.0,,
2026-07-29T00:30:00,0.0,,
2026-07-29T00:45:00,0.0,,
2026-07-29T01:00:00,0.0,,
2026-07-29T01:15:00,0.0,,
2026-07-29T01:30:00,0.0,,
2026-07-29T01:45:00,0.0,,
2026-07-29T02:00:00,0.0,,
2026-07-29T02:15:00,0.0,,
2026-07-29T02:30:00,0.0,,
2026-07-29T02:45:00,0.0,,
2026-07-29T03:00:00,0.0,,
2026-07-29T03:15:00,0.0,,
2026-07-29T03:30:00,0.0,,
2026-07-29T03:45:00,0.0,,
2026-07-29T04:00:00,0.0,,
2026-07-29T04:15:00,0.0,,
2026-07-29T04:30:00,0.0,,
2026-07-29T04:45:00,0.0,,
2026-07-29T05:00:00,0.0,,
2026-07-29T05:15:00,0.0,,
2026-07-29T05:30:00,0.0,,
2026-07-29T05:45:00,0.0,,
2026-07-29T06:00:00,0.0,,
2026-07-29T06:15:00,0.0,,
2026-07-29T06:30:00,0.0,,
2026-07-29T06:45:00,0.025,,
2026-07-29T07:00:00,0.038,,
2026-07-29T07:15:00,0.05,,
2026-07-29T07:30:00,0.1,,
2026-07-29T07:45:00,0.173,,
2026-07-29T08:00:00,0.208,,
2026-07-29T08:15:00,0.261,,
2026-07-29T08:30:00,0.427,,
2026-07-29T08:45:00,0.485,,
2026-07-29T09:00:00,0.505,,
2026-07-29T09:15:00,0.551,,
2026-07-29T09:30:00,0.558,,
2026-07-29T09:45:00,0.593,,
2026-07-29T10:00:00,0.636,,
2026-07-29T10:15:00,0.71,,
2026-07-29T10:30:00,0.736,,
2026-07-29T10:45:00,0.767,,
2026-07-29T11:00:00,0.814,,
2026-07-29T11:15:00,0.853,,
2026-07-29T11:30:00,0.884,,
2026-07-29T11:45:00,0.91,,
2026-07-29T12:00:00,0.924,,
2026-07-29T12:15:00,0.958,,
2026-07-29T12:30:00,0.971,,
2026-07-29T12:45:00,0.981,,
2026-07-29T13:00:00,0.991,,
2026-07-29T13:15:00,1.006,,
2026-07-29T13:30:00,1.005,,
2026-07-29T13:45:00,1.005,,
2026-07-29T14:00:00,1.005,,
2026-07-29T14:15:00,1.004,,
2026-07-29T14:30:00,0.993,,
2026-07-29T14:45:00,0.949,,
2026-07-29T15:00:00,0.918,,
2026-07-29T15:15:00,0.886,,
2026-07-29T15:30:00,0.852,,
2026-07-29T15:45:00,0.829,,
2026-07-29T16:00:00,0.785,,
2026-07-29T16:15:00,0.739,,
2026-07-29T16:30:00,0.701,,
2026-07-29T16:45:00,0.656,,
2026-07-29T17:00:00,0.634,,
2026-07-29T17:15:00,0.612,,
2026-07-29T17:30:00,0.586,,
2026-07-29T17:45:00,0.564,,
2026-07-29T18:00:00,0.525,,
2026-07-29T18:15:00,0.494,,
2026-07-29T18:30:00,0.482,,
2026-07-29T18:45:00,0.451,,
2026-07-29T19:00:00,0.391,,
2026-07-29T19:15:00,0.359,,
2026-07-29T19:30:00,0.313,,
2026-07-29T19:45:00,0.235,,
2026-07-29T20:00:00,0.128,,
2026-07-29T20:15:00,0.072,,
2026-07-29T20:30:00,0.054,,
2026-07-29T20:45:00,0.036,,
2026-07-29T21:00:00,0.0,,
2026-07-29T21:15:00,0.0,,
2026-07-29T21:30:00,0.0,,
2026-07-29T21:45:00,0.0,,
2026-07-29T22:00:00,0.0,,
2026-07-29T22:15:00,0.0,,
2026-07-29T22:30:00,0.0,,
2026-07-29T22:45:00,0.0,,
2026-07-29T23:00:00,0.0,,
2026-07-29T23:15:00,0.0,,
2026-07-29T23:30:00,0.0,,
2026-07-29T23:45:00,0.0,,
2026-07-30T00:00:00,0.0,,
2026-07-30T00:15:00,0.0,,
2026-07-30T00:30:00,0.0,,
2026-07-30T00:45:00,0.0,,
2026-07-30T01:00:00,0.0,,
2026-07-30T01:15:00,0.0,,
2026-07-30T01:30:00,0.0,,
2026-07-30T01:45:00,0.0,,
2026-07-30T02:00:00,0.0,,
2026-07-30T02:15:00,0.0,,
2026-07-30T02:30:00,0.0,,
2026-07-30T02:45:00,0.0,,
2026-07-30T03:00:00,0.0,,
2026-07-30T03:15:00,0.0,,
2026-07-30T03:30:00,0.0,,
2026-07-30T03:45:00,0.0,,
2026-07-30T04:00:00,0.0,,
2026-07-30T04:15:00,0.0,,
2026-07-30T04:30:00,0.0,,
2026-07-30T04:45:00,0.0,,
2026-07-30T05:00:00,0.0,,
2026-07-30T05:15:00,0.0,,
2026-07-30T05:30:00,0.0,,
2026-07-30T05:45:00,0.0,,
2026-07-30T06:00:00,0.0,,
2026-07-30T06:15:00,0.0,,
2026-07-30T06:30:00,0.0,,
2026-07-30T06:45:00,0.026,,
2026-07-30T07:00:00,0.04,,
2026-07-30T07:15:00,0.053,,
2026-07-30T07:30:00,0.103,,
2026-07-30T07:45:00,0.155,,
2026-07-30T08:00:00,0.211,,
2026-07-30T08:15:00,0.263,,
2026-07-30T08:30:00,0.374,,
2026-07-30T08:45:00,0.487,,
2026-07-30T09:00:00,0.506,,
2026-07-30T09:15:00,0.542,,
2026-07-30T09:30:00,0.56,,
2026-07-30T09:45:00,0.595,,
2026-07-30T10:00:00,0.637,,
2026-07-30T10:15:00,0.694,,
2026-07-30T10:30:00,0.74,,
2026-07-30T10:45:00,0.77,,
2026-07-30T11:00:00,0.817,,
2026-07-30T11:15:00,0.856,,
2026-07-30T11:30:00,0.887,,
2026-07-30T11:45:00,0.9,,
2026-07-30T12:00:00,0.927,,
2026-07-30T12:15:00,0.961,,
2026-07-30T12:30:00,0.973,,
2026-07-30T12:45:00,0.984,,
2026-07-30T13:00:00,0.995,,
2026-07-30T13:15:00,0.996,,
2026-07-30T13:30:00,1.011,,
2026-07-30T13:45:00,1.011,,
2026-07-30T14:00:00,1.011,,
2026-07-30T14:15:00,1.001,,
2026-07-30T14:30:00,1.001,,
2026-07-30T14:45:00,0.956,,
2026-07-30T15:00:00,0.924,,
2026-07-30T15:15:00,0.881,,
2026-07-30T15:30:00,0.857,,
2026-07-30T15:45:00,0.814,,
2026-07-30T16:00:00,0.789,,
2026-07-30T16:15:00,0.743,,
2026-07-30T16:30:00,0.704,,
2026-07-30T16:45:00,0.66,,
2026-07-30T17:00:00,0.631,,
2026-07-30T17:15:00,0.612,,
2026-07-30T17:30:00,0.586,,
2026-07-30T17:45:00,0.563,,
2026-07-30T18:00:00,0.511,,
2026-07-30T18:15:00,0.494,,
2026-07-30T18:30:00,0.482,,
2026-07-30T18:45:00,0.423,,
2026-07-30T19:00:00,0.39,,
2026-07-30T19:15:00,0.358,,
2026-07-30T19:30:00,0.293,,
2026-07-30T19:45:00,0.234,,
2026-07-30T20:00:00,0.127,,
2026-07-30T20:15:00,0.07,,
2026-07-30T20:30:00,0.044,,
2026-07-30T20:45:00,0.026,,
2026-07-30T21:00:00,0.0,,
2026-07-30T21:15:00,0.0,,
2026-07-30T21:30:00,0.0,,
2026-07-30T21:45:00,0.0,,
2026-07-30T22:00:00,0.0,,
2026-07-30T22:15:00,0.0,,
2026-07-30T22:30:00,0.0,,
2026-07-30T22:45:00,0.0,,
2026-07-30T23:00:00,0.0,,
2026-07-30T23:15:00,0.0,,
2026-07-30T23:30:00,0.0,,
2026-07-30T23:45:00,0.0,,
2026-07-31T00:00:00,0.0,,
2026-07-31T00:15:00,0.0,,
2026-07-31T00:30:00,0.0,,
2026-07-31T00:45:00,0.0,,
2026-07-31T01:00:00,0.0,,
2026-07-31T01:15:00,0.0,,
2026-07-31T01:30:00,0.0,,
2026-07-31T01:45:00,0.0,,
2026-07-31T02:00:00,0.0,,
2026-07-31T02:15:00,0.0,,
2026-07-31T02:30:00,0.0,,
2026-07-31T02:45:00,0.0,,
2026-07-31T03:00:00,0.0,,
2026-07-31T03:15:00,0.0,,
2026-07-31T03:30:00,0.0,,
2026-07-31T03:45:00,0.0,,
2026-07-31T04:00:00,0.0,,
2026-07-31T04:15:00,0.0,,
2026-07-31T04:30:00,0.0,,
2026-07-31T04:45:00,0.0,,
2026-07-31T05:00:00,0.0,,
2026-07-31T05:15:00,0.0,,
2026-07-31T05:30:00,0.0,,
2026-07-31T05:45:00,0.0,,
2026-07-31T06:00:00,0.0,,
2026-07-31T06:15:00,0.0,,
2026-07-31T06:30:00,0.0,,
2026-07-31T06:45:00,0.021,,
2026-07-31T07:00:00,0.042,,
2026-07-31T07:15:00,0.056,,
2026-07-31T07:30:00,0.106,,
2026-07-31T07:45:00,0.157,,
2026-07-31T08:00:00,0.213,,
2026-07-31T08:15:00,0.266,,
2026-07-31T08:30:00,0.375,,
2026-07-31T08:45:00,0.488,,
2026-07-31T09:00:00,0.508,,
2026-07-31T09:15:00,0.543,,
2026-07-31T09:30:00,0.555,,
2026-07-31T09:45:00,0.597,,
2026-07-31T10:00:00,0.639,,
2026-07-31T10:15:00,0.695,,
2026-07-31T10:30:00,0.729,,
2026-07-31T10:45:00,0.774,,
2026-07-31T11:00:00,0.82,,
2026-07-31T11:15:00,0.859,,
2026-07-31T11:30:00,0.873,,
2026-07-31T11:45:00,0.903,,
2026-07-31T12:00:00,0.93,,
2026-07-31T12:15:00,0.947,,
2026-07-31T12:30:00,0.976,,
2026-07-31T12:45:00,0.988,,
2026-07-31T13:00:00,0.999,,
2026-07-31T13:15:00,1.001,,
2026-07-31T13:30:00,1.017,,
2026-07-31T13:45:00,1.017,,
2026-07-31T14:00:00,1.018,,
2026-07-31T14:15:00,1.009,,
2026-07-31T14:30:00,0.963,,
2026-07-31T14:45:00,0.963,,
2026-07-31T15:00:00,0.896,,
2026-07-31T15:15:00,0.886,,
2026-07-31T15:30:00,0.862,,
2026-07-31T15:45:00,0.819,,
2026-07-31T16:00:00,0.769,,
2026-07-31T16:15:00,0.727,,
2026-07-31T16:30:00,0.682,,
2026-07-31T16:45:00,0.647,,
2026-07-31T17:00:00,0.633,,
2026-07-31T17:15:00,0.613,,
2026-07-31T17:30:00,0.586,,
2026-07-31T17:45:00,0.563,,
2026-07-31T18:00:00,0.511,,
2026-07-31T18:15:00,0.493,,
2026-07-31T18:30:00,0.481,,
2026-07-31T18:45:00,0.422,,
2026-07-31T19:00:00,0.39,,
2026-07-31T19:15:00,0.357,,
2026-07-31T19:30:00,0.292,,
2026-07-31T19:45:00,0.232,,
2026-07-31T20:00:00,0.125,,
2026-07-31T20:15:00,0.06,,
2026-07-31T20:30:00,0.043,,
2026-07-31T20:45:00,0.026,,
2026-07-31T21:00:00,0.0,,
2026-07-31T21:15:00,0.0,,
2026-07-31T21:30:00,0.0,,
2026-07-31T21:45:00,0.0,,
2026-07-31T22:00:00,0.0,,
2026-07-31T22:15:00,0.0,,
2026-07-31T22:30:00,0.0,,
2026-07-31T22:45:00,0.0,,
2026-07-31T23:00:00,0.0,,
2026-07-31T23:15:00,0.0,,
2026-07-31T23:30:00,0.0,,
2026-07-31T23:45:00,0.0,,
2026-08-01T00:00:00,0.0,,
2026-08-01T00:15:00,0.0,,
2026-08-01T00:30:00,0.0,,
2026-08-01T00:45:00,0.0,,
2026-08-01T01:00:00,0.0,,
2026-08-01T01:15:00,0.0,,
2026-08-01T01:30:00,0.0,,
2026-08-01T01:45:00,0.0,,
2026-08-01T02:00:00,0.0,,
2026-08-01T02:15:00,0.0,,
2026-08-01T02:30:00,0.0,,
2026-08-01T02:45:00,0.0,,
2026-08-01T03:00:00,0.0,,
2026-08-01T03:15:00,0.0,,
2026-08-01T03:30:00,0.0,,
2026-08-01T03:45:00,0.0,,
2026-08-01T04:00:00,0.0,,
2026-08-01T04:15:00,0.0,,
2026-08-01T04:30:00,0.0,,
2026-08-01T04:45:00,0.0,,
2026-08-01T05:00:00,0.0,,
2026-08-01T05:15:00,0.0,,
2026-08-01T05:30:00,0.0,,
2026-08-01T05:45:00,0.0,,
2026-08-01T06:00:00,0.0,,
2026-08-01T06:15:00,0.0,,
2026-08-01T06:30:00,0.0,,
2026-08-01T06:45:00,0.022,,
2026-08-01T07:00:00,0.036,,
2026-08-01T07:15:00,0.058,,
2026-08-01T07:30:00,0.109,,
2026-08-01T07:45:00,0.16,,
2026-08-01T08:00:00,0.206,,
2026-08-01T08:15:00,0.268,,
2026-08-01T08:30:00,0.377,,
2026-08-01T08:45:00,0.469,,
2026-08-01T09:00:00,0.509,,
2026-08-01T09:15:00,0.544,,
2026-08-01T09:30:00,0.557,,
2026-08-01T09:45:00,0.599,,
2026-08-01T10:00:00,0.641,,
2026-08-01T10:15:00,0.696,,
2026-08-01T10:30:00,0.732,,
2026-08-01T10:45:00,0.761,,
2026-08-01T11:00:00,0.799,,
2026-08-01T11:15:00,0.841,,
2026-08-01T11:30:00,0.876,,
2026-08-01T11:45:00,0.907,,
2026-08-01T12:00:00,0.933,,
2026-08-01T12:15:00,0.95,,
2026-08-01T12:30:00,0.966,,
2026-08-01T12:45:00,0.979,,
2026-08-01T13:00:00,0.988,,
2026-08-01T13:15:00,1.006,,
2026-08-01T13:30:00,1.009,,
2026-08-01T13:45:00,1.012,,
2026-08-01T14:00:00,1.015,,
2026-08-01T14:15:00,1.018,,
2026-08-01T14:30:00,0.97,,
2026-08-01T14:45:00,0.937,,
2026-08-01T15:00:00,0.902,,
2026-08-01T15:15:00,0.891,,
2026-08-01T15:30:00,0.843,,
2026-08-01T15:45:00,0.823,,
2026-08-01T16:00:00,0.773,,
2026-08-01T16:15:00,0.731,,
2026-08-01T16:30:00,0.686,,
2026-08-01T16:45:00,0.65,,
2026-08-01T17:00:00,0.634,,
2026-08-01T17:15:00,0.613,,
2026-08-01T17:30:00,0.585,,
2026-08-01T17:45:00,0.539,,
2026-08-01T18:00:00,0.511,,
2026-08-01T18:15:00,0.493,,
2026-08-01T18:30:00,0.459,,
2026-08-01T18:45:00,0.422,,
2026-08-01T19:00:00,0.39,,
2026-08-01T19:15:00,0.331,,
2026-08-01T19:30:00,0.291,,
2026-08-01T19:45:00,0.23,,
2026-08-01T20:00:00,0.124,,
2026-08-01T20:15:00,0.058,,
2026-08-01T20:30:00,0.041,,
2026-08-01T20:45:00,0.025,,
2026-08-01T21:00:00,0.0,,
2026-08-01T21:15:00,0.0,,
2026-08-01T21:30:00,0.0,,
2026-08-01T21:45:00,0.0,,
2026-08-01T22:00:00,0.0,,
2026-08-01T22:15:00,0.0,,
2026-08-01T22:30:00,0.0,,
2026-08-01T22:45:00,0.0,,
2026-08-01T23:00:00,0.0,,
2026-08-01T23:15:00,0.0,,
2026-08-01T23:30:00,0.0,,
2026-08-01T23:45:00,0.0,,
2026-08-02T00:00:00,0.0,,
2026-08-02T00:15:00,0.0,,
2026-08-02T00:30:00,0.0,,
2026-08-02T00:45:00,0.0,,
2026-08-02T01:00:00,0.0,,
2026-08-02T01:15:00,0.0,,
2026-08-02T01:30:00,0.0,,
2026-08-02T01:45:00,0.0,,
2026-08-02T02:00:00,0.0,,
2026-08-02T02:15:00,0.0,,
2026-08-02T02:30:00,0.0,,
2026-08-02T02:45:00,0.0,,
2026-08-02T03:00:00,0.0,,
2026-08-02T03:15:00,0.0,,
2026-08-02T03:30:00,0.0,,
2026-08-02T03:45:00,0.0,,
2026-08-02T04:00:00,0.0,,
2026-08-02T04:15:00,0.0,,
2026-08-02T04:30:00,0.0,,
2026-08-02T04:45:00,0.0,,
2026-08-02T05:00:00,0.0,,
2026-08-02T05:15:00,0.0,,
2026-08-02T05:30:00,0.0,,
2026-08-02T05:45:00,0.0,,
2026-08-02T06:00:00,0.0,,
2026-08-02T06:15:00,0.0,,
2026-08-02T06:30:00,0.0,,
2026-08-02T06:45:00,0.023,,
2026-08-02T07:00:00,0.038,,
2026-08-02T07:15:00,0.054,,
2026-08-02T07:30:00,0.112,,
2026-08-02T07:45:00,0.163,,
2026-08-02T08:00:00,0.209,,
2026-08-02T08:15:00,0.244,,
2026-08-02T08:30:00,0.379,,
2026-08-02T08:45:00,0.47,,
2026-08-02T09:00:00,0.51,,
2026-08-02T09:15:00,0.545,,
2026-08-02T09:30:00,0.559,,
2026-08-02T09:45:00,0.587,,
2026-08-02T10:00:00,0.643,,
2026-08-02T10:15:00,0.697,,
2026-08-02T10:30:00,0.734,,
2026-08-02T10:45:00,0.765,,
2026-08-02T11:00:00,0.802,,
2026-08-02T11:15:00,0.844,,
2026-08-02T11:30:00,0.879,,
2026-08-02T11:45:00,0.91,,
2026-08-02T12:00:00,0.922,,
2026-08-02T12:15:00,0.953,,
2026-08-02T12:30:00,0.969,,
2026-08-02T12:45:00,0.982,,
2026-08-02T13:00:00,0.992,,
2026-08-02T13:15:00,1.011,,
2026-08-02T13:30:00,1.015,,
2026-08-02T13:45:00,1.019,,
2026-08-02T14:00:00,1.023,,
2026-08-02T14:15:00,1.026,,
2026-08-02T14:30:00,0.978,,
2026-08-02T14:45:00,0.943,,
2026-08-02T15:00:00,0.907,,
2026-08-02T15:15:00,0.896,,
2026-08-02T15:30:00,0.848,,
2026-08-02T15:45:00,0.828,,
2026-08-02T16:00:00,0.777,,
2026-08-02T16:15:00,0.734,,
2026-08-02T16:30:00,0.689,,
2026-08-02T16:45:00,0.654,,
2026-08-02T17:00:00,0.636,,
2026-08-02T17:15:00,0.613,,
2026-08-02T17:30:00,0.582,,
2026-08-02T17:45:00,0.539,,
2026-08-02T18:00:00,0.51,,
2026-08-02T18:15:00,0.493,,
2026-08-02T18:30:00,0.458,,
2026-08-02T18:45:00,0.422,,
2026-08-02T19:00:00,0.389,,
2026-08-02T19:15:00,0.329,,
2026-08-02T19:30:00,0.289,,
2026-08-02T19:45:00,0.228,,
2026-08-02T20:00:00,0.083,,
2026-08-02T20:15:00,0.056,,
2026-08-02T20:30:00,0.04,,
2026-08-02T20:45:00,0.024,,
2026-08-02T21:00:00,0.0,,
2026-08-02T21:15:00,0.0,,
2026-08-02T21:30:00,0.0,,
2026-08-02T21:45:00,0.0,,
2026-08-02T22:00:00,0.0,,
2026-08-02T22:15:00,0.0,,
2026-08-02T22:30:00,0.0,,
2026-08-02T22:45:00,0.0,,
2026-08-02T23:00:00,0.0,,
2026-08-02T23:15:00,0.0,,
2026-08-02T23:30:00,0.0,,
2026-08-02T23:45:00,0.0,,
2026-08-03T00:00:00,0.0,,
2026-08-03T00:15:00,0.0,,
2026-08-03T00:30:00,0.0,,
2026-08-03T00:45:00,0.0,,
2026-08-03T01:00:00,0.0,,
2026-08-03T01:15:00,0.0,,
2026-08-03T01:30:00,0.0,,
2026-08-03T01:45:00,0.0,,
2026-08-03T02:00:00,0.0,,
2026-08-03T02:15:00,0.0,,
2026-08-03T02:30:00,0.0,,
2026-08-03T02:45:00,0.0,,
2026-08-03T03:00:00,0.0,,
2026-08-03T03:15:00,0.0,,
2026-08-03T03:30:00,0.0,,
2026-08-03T03:45:00,0.0,,
2026-08-03T04:00:00,0.0,,
2026-08-03T04:15:00,0.0,,
2026-08-03T04:30:00,0.0,,
2026-08-03T04:45:00,0.0,,
2026-08-03T05:00:00,0.0,,
2026-08-03T05:15:00,0.0,,
2026-08-03T05:30:00,0.0,,
2026-08-03T05:45:00,0.0,,
2026-08-03T06:00:00,0.0,,
2026-08-03T06:15:00,0.0,,
2026-08-03T06:30:00,0.0,,
2026-08-03T06:45:00,0.024,,
2026-08-03T07:00:00,0.04,,
2026-08-03T07:15:00,0.056,,
2026-08-03T07:30:00,0.09,,
2026-08-03T07:45:00,0.166,,
2026-08-03T08:00:00,0.211,,
2026-08-03T08:15:00,0.247,,
2026-08-03T08:30:00,0.38,,
2026-08-03T08:45:00,0.471,,
2026-08-03T09:00:00,0.511,,
2026-08-03T09:15:00,0.546,,
2026-08-03T09:30:00,0.56,,
2026-08-03T09:45:00,0.589,,
2026-08-03T10:00:00,0.62,,
2026-08-03T10:15:00,0.698,,
2026-08-03T10:30:00,0.737,,
2026-08-03T10:45:00,0.769,,
2026-08-03T11:00:00,0.806,,
2026-08-03T11:15:00,0.847,,
2026-08-03T11:30:00,0.882,,
2026-08-03T11:45:00,0.913,,
2026-08-03T12:00:00,0.925,,
2026-08-03T12:15:00,0.956,,
2026-08-03T12:30:00,0.972,,
2026-08-03T12:45:00,0.986,,
2026-08-03T13:00:00,0.996,,
2026-08-03T13:15:00,0.994,,
2026-08-03T13:30:00,1.021,,
2026-08-03T13:45:00,1.026,,
2026-08-03T14:00:00,1.03,,
2026-08-03T14:15:00,0.986,,
2026-08-03T14:30:00,0.986,,
2026-08-03T14:45:00,0.95,,
2026-08-03T15:00:00,0.913,,
2026-08-03T15:15:00,0.878,,
2026-08-03T15:30:00,0.853,,
2026-08-03T15:45:00,0.805,,
2026-08-03T16:00:00,0.781,,
2026-08-03T16:15:00,0.738,,
2026-08-03T16:30:00,0.693,,
2026-08-03T16:45:00,0.657,,
2026-08-03T17:00:00,0.638,,
2026-08-03T17:15:00,0.603,,
2026-08-03T17:30:00,0.582,,
2026-08-03T17:45:00,0.539,,
2026-08-03T18:00:00,0.51,,
2026-08-03T18:15:00,0.478,,
2026-08-03T18:30:00,0.458,,
2026-08-03T18:45:00,0.421,,
2026-08-03T19:00:00,0.37,,
2026-08-03T19:15:00,0.328,,
2026-08-03T19:30:00,0.288,,
2026-08-03T19:45:00,0.175,,
2026-08-03T20:00:00,0.081,,
2026-08-03T20:15:00,0.054,,
2026-08-03T20:30:00,0.039,,
2026-08-03T20:45:00,0.015,,
2026-08-03T21:00:00,0.0,,
2026-08-03T21:15:00,0.0,,
2026-08-03T21:30:00,0.0,,
2026-08-03T21:45:00,0.0,,
2026-08-03T22:00:00,0.0,,
2026-08-03T22:15:00,0.0,,
2026-08-03T22:30:00,0.0,,
2026-08-03T22:45:00,0.0,,
2026-08-03T23:00:00,0.0,,
2026-08-03T23:15:00,0.0,,
2026-08-03T23:30:00,0.0,,
2026-08-03T23:45:00,0.0,,
2026-08-04T00:00:00,0.0,,
2026-08-04T00:15:00,0.0,,
2026-08-04T00:30:00,0.0,,
2026-08-04T00:45:00,0.0,,
2026-08-04T01:00:00,0.0,,
2026-08-04T01:15:00,0.0,,
2026-08-04T01:30:00,0.0,,
2026-08-04T01:45:00,0.0,,
2026-08-04T02:00:00,0.0,,
2026-08-04T02:15:00,0.0,,
2026-08-04T02:30:00,0.0,,
2026-08-04T02:45:00,0.0,,
2026-08-04T03:00:00,0.0,,
2026-08-04T03:15:00,0.0,,
2026-08-04T03:30:00,0.0,,
2026-08-04T03:45:00,0.0,,
2026-08-04T04:00:00,0.0,,
2026-08-04T04:15:00,0.0,,
2026-08-04T04:30:00,0.0,,
2026-08-04T04:45:00,0.0,,
2026-08-04T05:00:00,0.0,,
2026-08-04T05:15:00,0.0,,
2026-08-04T05:30:00,0.0,,
2026-08-04T05:45:00,0.0,,
2026-08-04T06:00:00,0.0,,
2026-08-04T06:15:00,0.0,,
2026-08-04T06:30:00,0.0,,
2026-08-04T06:45:00,0.025,,
2026-08-04T07:00:00,0.042,,
2026-08-04T07:15:00,0.059,,
2026-08-04T07:30:00,0.093,,
2026-08-04T07:45:00,0.154,,
2026-08-04T08:00:00,0.214,,
2026-08-04T08:15:00,0.25,,
2026-08-04T08:30:00,0.335,,
2026-08-04T08:45:00,0.473,,
2026-08-04T09:00:00,0.513,,
2026-08-04T09:15:00,0.54,,
2026-08-04T09:30:00,0.562,,
2026-08-04T09:45:00,0.592,,
2026-08-04T10:00:00,0.622,,
2026-08-04T10:15:00,0.67,,
2026-08-04T10:30:00,0.739,,
2026-08-04T10:45:00,0.773,,
2026-08-04T11:00:00,0.81,,
2026-08-04T11:15:00,0.851,,
2026-08-04T11:30:00,0.886,,
2026-08-04T11:45:00,0.904,,
2026-08-04T12:00:00,0.929,,
2026-08-04T12:15:00,0.943,,
2026-08-04T12:30:00,0.975,,
2026-08-04T12:45:00,0.989,,
2026-08-04T13:00:00,1.001,,
2026-08-04T13:15:00,0.999,,
2026-08-04T13:30:00,1.027,,
2026-08-04T13:45:00,1.033,,
2026-08-04T14:00:00,0.995,,
2026-08-04T14:15:00,0.993,,
2026-08-04T14:30:00,0.956,,
2026-08-04T14:45:00,0.956,,
2026-08-04T15:00:00,0.907,,
2026-08-04T15:15:00,0.883,,
2026-08-04T15:30:00,0.858,,
2026-08-04T15:45:00,0.81,,
2026-08-04T16:00:00,0.761,,
2026-08-04T16:15:00,0.722,,
2026-08-04T16:30:00,0.697,,
2026-08-04T16:45:00,0.651,,
2026-08-04T17:00:00,0.638,,
2026-08-04T17:15:00,0.603,,
2026-08-04T17:30:00,0.582,,
2026-08-04T17:45:00,0.539,,
2026-08-04T18:00:00,0.499,,
2026-08-04T18:15:00,0.478,,
2026-08-04T18:30:00,0.457,,
2026-08-04T18:45:00,0.403,,
2026-08-04T19:00:00,0.369,,
2026-08-04T19:15:00,0.326,,
2026-08-04T19:30:00,0.262,,
2026-08-04T19:45:00,0.172,,
2026-08-04T20:00:00,0.079,,
2026-08-04T20:15:00,0.052,,
2026-08-04T20:30:00,0.03,,
2026-08-04T20:45:00,0.015,,
2026-08-04T21:00:00,0.0,,
2026-08-04T21:15:00,0.0,,
2026-08-04T21:30:00,0.0,,
2026-08-04T21:45:00,0.0,,
2026-08-04T22:00:00,0.0,,
2026-08-04T22:15:00,0.0,,
2026-08-04T22:30:00,0.0,,
2026-08-04T22:45:00,0.0,,
2026-08-04T23:00:00,0.0,,
2026-08-04T23:15:00,0.0,,
2026-08-04T23:30:00,0.0,,
2026-08-04T23:45:00,0.0,,
2026-08-05T00:00:00,0.0,,
2026-08-05T00:15:00,0.0,,
2026-08-05T00:30:00,0.0,,
2026-08-05T00:45:00,0.0,,
2026-08-05T01:00:00,0.0,,
2026-08-05T01:15:00,0.0,,
2026-08-05T01:30:00,0.0,,
2026-08-05T01:45:00,0.0,,
2026-08-05T02:00:00,0.0,,
2026-08-05T02:15:00,0.0,,
2026-08-05T02:30:00,0.0,,
2026-08-05T02:45:00,0.0,,
2026-08-05T03:00:00,0.0,,
2026-08-05T03:15:00,0.0,,
2026-08-05T03:30:00,0.0,,
2026-08-05T03:45:00,0.0,,
2026-08-05T04:00:00,0.0,,
2026-08-05T04:15:00,0.0,,
2026-08-05T04:30:00,0.0,,
2026-08-05T04:45:00,0.0,,
2026-08-05T05:00:00,0.0,,
2026-08-05T05:15:00,0.0,,
2026-08-05T05:30:00,0.0,,
2026-08-05T05:45:00,0.0,,
2026-08-05T06:00:00,0.0,,
2026-08-05T06:15:00,0.0,,
2026-08-05T06:30:00,0.0,,
2026-08-05T06:45:00,0.018,,
2026-08-05T07:00:00,0.044,,
2026-08-05T07:15:00,0.061,,
2026-08-05T07:30:00,0.097,,
2026-08-05T07:45:00,0.157,,
2026-08-05T08:00:00,0.217,,
2026-08-05T08:15:00,0.253,,
2026-08-05T08:30:00,0.338,,
2026-08-05T08:45:00,0.475,,
2026-08-05T09:00:00,0.515,,
2026-08-05T09:15:00,0.542,,
2026-08-05T09:30:00,0.564,,
2026-08-05T09:45:00,0.594,,
2026-08-05T10:00:00,0.625,,
2026-08-05T10:15:00,0.672,,
2026-08-05T10:30:00,0.721,,
2026-08-05T10:45:00,0.777,,
2026-08-05T11:00:00,0.813,,
2026-08-05T11:15:00,0.854,,
2026-08-05T11:30:00,0.874,,
2026-08-05T11:45:00,0.907,,
2026-08-05T12:00:00,0.932,,
2026-08-05T12:15:00,0.946,,
2026-08-05T12:30:00,0.961,,
2026-08-05T12:45:00,0.978,,
2026-08-05T13:00:00,0.987,,
2026-08-05T13:15:00,1.004,,
2026-08-05T13:30:00,1.004,,
2026-08-05T13:45:00,1.003,,
2026-08-05T14:00:00,1.002,,
2026-08-05T14:15:00,1.001,,
2026-08-05T14:30:00,0.963,,
2026-08-05T14:45:00,0.925,,
2026-08-05T15:00:00,0.913,,
2026-08-05T15:15:00,0.889,,
2026-08-05T15:30:00,0.843,,
2026-08-05T15:45:00,0.814,,
2026-08-05T16:00:00,0.765,,
2026-08-05T16:15:00,0.726,,
2026-08-05T16:30:00,0.683,,
2026-08-05T16:45:00,0.654,,
2026-08-05T17:00:00,0.639,,
2026-08-05T17:15:00,0.602,,
2026-08-05T17:30:00,0.582,,
2026-08-05T17:45:00,0.523,,
2026-08-05T18:00:00,0.498,,
2026-08-05T18:15:00,0.477,,
2026-08-05T18:30:00,0.457,,
2026-08-05T18:45:00,0.403,,
2026-08-05T19:00:00,0.368,,
2026-08-05T19:15:00,0.325,,
2026-08-05T19:30:00,0.261,,
2026-08-05T19:45:00,0.17,,
2026-08-05T20:00:00,0.077,,
2026-08-05T20:15:00,0.043,,
2026-08-05T20:30:00,0.029,,
2026-08-05T20:45:00,0.0,,
2026-08-05T21:00:00,0.0,,
2026-08-05T21:15:00,0.0,,
2026-08-05T21:30:00,0.0,,
2026-08-05T21:45:00,0.0,,
2026-08-05T22:00:00,0.0,,
2026-08-05T22:15:00,0.0,,
2026-08-05T22:30:00,0.0,,
2026-08-05T22:45:00,0.0,,
2026-08-05T23:00:00,0.0,,
2026-08-05T23:15:00,0.0,,
2026-08-05T23:30:00,0.0,,
2026-08-05T23:45:00,0.0,,
2026-08-06T00:00:00,0.0,,
2026-08-06T00:15:00,0.0,,
2026-08-06T00:30:00,0.0,,
2026-08-06T00:45:00,0.0,,
2026-08-06T01:00:00,0.0,,
2026-08-06T01:15:00,0.0,,
2026-08-06T01:30:00,0.0,,
2026-08-06T01:45:00,0.0,,
2026-08-06T02:00:00,0.0,,
2026-08-06T02:15:00,0.0,,
2026-08-06T02:30:00,0.0,,
2026-08-06T02:45:00,0.0,,
2026-08-06T03:00:00,0.0,,
2026-08-06T03:15:00,0.0,,
2026-08-06T03:30:00,0.0,,
2026-08-06T03:45:00,0.0,,
2026-08-06T04:00:00,0.0,,
2026-08-06T04:15:00,0.0,,
2026-08-06T04:30:00,0.0,,
2026-08-06T04:45:00,0.0,,
2026-08-06T05:00:00,0.0,,
2026-08-06T05:15:00,0.0,,
2026-08-06T05:30:00,0.0,,
2026-08-06T05:45:00,0.0,,
2026-08-06T06:00:00,0.0,,
2026-08-06T06:15:00,0.0,,
2026-08-06T06:30:00,0.0,,
2026-08-06T06:45:00,0.018,,
2026-08-06T07:00:00,0.037,,
2026-08-06T07:15:00,0.064,,
2026-08-06T07:30:00,0.1,,
2026-08-06T07:45:00,0.161,,
2026-08-06T08:00:00,0.197,,
2026-08-06T08:15:00,0.256,,
2026-08-06T08:30:00,0.34,,
2026-08-06T08:45:00,0.439,,
2026-08-06T09:00:00,0.517,,
2026-08-06T09:15:00,0.544,,
2026-08-06T09:30:00,0.562,,
2026-08-06T09:45:00,0.597,,
2026-08-06T10:00:00,0.627,,
2026-08-06T10:15:00,0.673,,
2026-08-06T10:30:00,0.722,,
2026-08-06T10:45:00,0.764,,
2026-08-06T11:00:00,0.797,,
2026-08-06T11:15:00,0.841,,
2026-08-06T11:30:00,0.877,,
2026-08-06T11:45:00,0.911,,
2026-08-06T12:00:00,0.924,,
2026-08-06T12:15:00,0.95,,
2026-08-06T12:30:00,0.964,,
2026-08-06T12:45:00,0.981,,
2026-08-06T13:00:00,0.991,,
2026-08-06T13:15:00,1.01,,
2026-08-06T13:30:00,1.01,,
2026-08-06T13:45:00,1.01,,
2026-08-06T14:00:00,1.01,,
2026-08-06T14:15:00,1.01,,
2026-08-06T14:30:00,0.97,,
2026-08-06T14:45:00,0.931,,
2026-08-06T15:00:00,0.918,,
2026-08-06T15:15:00,0.895,,
2026-08-06T15:30:00,0.848,,
2026-08-06T15:45:00,0.819,,
2026-08-06T16:00:00,0.769,,
2026-08-06T16:15:00,0.73,,
2026-08-06T16:30:00,0.687,,
2026-08-06T16:45:00,0.657,,
2026-08-06T17:00:00,0.639,,
2026-08-06T17:15:00,0.602,,
2026-08-06T17:30:00,0.562,,
2026-08-06T17:45:00,0.523,,
2026-08-06T18:00:00,0.498,,
2026-08-06T18:15:00,0.477,,
2026-08-06T18:30:00,0.445,,
2026-08-06T18:45:00,0.402,,
2026-08-06T19:00:00,0.367,,
2026-08-06T19:15:00,0.302,,
2026-08-06T19:30:00,0.259,,
2026-08-06T19:45:00,0.168,,
2026-08-06T20:00:00,0.056,,
2026-08-06T20:15:00,0.042,,
2026-08-06T20:30:00,0.028,,
2026-08-06T20:45:00,0.0,,
2026-08-06T21:00:00,0.0,,
2026-08-06T21:15:00,0.0,,
2026-08-06T21:30:00,0.0,,
2026-08-06T21:45:00,0.0,,
2026-08-06T22:00:00,0.0,,
2026-08-06T22:15:00,0.0,,
2026-08-06T22:30:00,0.0,,
2026-08-06T22:45:00,0.0,,
2026-08-06T23:00:00,0.0,,
2026-08-06T23:15:00,0.0,,
2026-08-06T23:30:00,0.0,,
2026-08-06T23:45:00,0.0,,
2026-08-07T00:00:00,0.0,,
2026-08-07T00:15:00,0.0,,
2026-08-07T00:30:00,0.0,,
2026-08-07T00:45:00,0.0,,
2026-08-07T01:00:00,0.0,,
2026-08-07T01:15:00,0.0,,
2026-08-07T01:30:00,0.0,,
2026-08-07T01:45:00,0.0,,
2026-08-07T02:00:00,0.0,,
2026-08-07T02:15:00,0.0,,
2026-08-07T02:30:00,0.0,,
2026-08-07T02:45:00,0.0,,
2026-08-07T03:00:00,0.0,,
2026-08-07T03:15:00,0.0,,
2026-08-07T03:30:00,0.0,,
2026-08-07T03:45:00,0.0,,
2026-08-07T04:00:00,0.0,,
2026-08-07T04:15:00,0.0,,
2026-08-07T04:30:00,0.0,,
2026-08-07T04:45:00,0.0,,
2026-08-07T05:00:00,0.0,,
2026-08-07T05:15:00,0.0,,
2026-08-07T05:30:00,0.0,,
2026-08-07T05:45:00,0.0,,
2026-08-07T06:00:00,0.0,,
2026-08-07T06:15:00,0.0,,
2026-08-07T06:30:00,0.0,,
2026-08-07T06:45:00,0.0,,
2026-08-07T07:00:00,0.038,,
2026-08-07T07:15:00,0.057,,
2026-08-07T07:30:00,0.103,,
2026-08-07T07:45:00,0.165,,
2026-08-07T08:00:00,0.2,,
2026-08-07T08:15:00,0.233,,
2026-08-07T08:30:00,0.343,,
2026-08-07T08:45:00,0.441,,
2026-08-07T09:00:00,0.501,,
2026-08-07T09:15:00,0.545,,
2026-08-07T09:30:00,0.564,,
2026-08-07T09:45:00,0.581,,
2026-08-07T10:00:00,0.629,,
2026-08-07T10:15:00,0.675,,
2026-08-07T10:30:00,0.724,,
2026-08-07T10:45:00,0.768,,
2026-08-07T11:00:00,0.801,,
2026-08-07T11:15:00,0.844,,
2026-08-07T11:30:00,0.881,,
2026-08-07T11:45:00,0.914,,
2026-08-07T12:00:00,0.927,,
2026-08-07T12:15:00,0.953,,
2026-08-07T12:30:00,0.967,,
2026-08-07T12:45:00,0.984,,
2026-08-07T13:00:00,0.995,,
2026-08-07T13:15:00,0.991,,
2026-08-07T13:30:00,1.016,,
2026-08-07T13:45:00,1.016,,
2026-08-07T14:00:00,1.017,,
2026-08-07T14:15:00,0.977,,
2026-08-07T14:30:00,0.977,,
2026-08-07T14:45:00,0.937,,
2026-08-07T15:00:00,0.924,,
2026-08-07T15:15:00,0.874,,
2026-08-07T15:30:00,0.853,,
2026-08-07T15:45:00,0.798,,
2026-08-07T16:00:00,0.773,,
2026-08-07T16:15:00,0.734,,
2026-08-07T16:30:00,0.691,,
2026-08-07T16:45:00,0.66,,
2026-08-07T17:00:00,0.64,,
2026-08-07T17:15:00,0.584,,
2026-08-07T17:30:00,0.562,,
2026-08-07T17:45:00,0.523,,
2026-08-07T18:00:00,0.497,,
2026-08-07T18:15:00,0.476,,
2026-08-07T18:30:00,0.445,,
2026-08-07T18:45:00,0.402,,
2026-08-07T19:00:00,0.349,,
2026-08-07T19:15:00,0.3,,
2026-08-07T19:30:00,0.257,,
2026-08-07T19:45:00,0.114,,
2026-08-07T20:00:00,0.053,,
2026-08-07T20:15:00,0.04,,
2026-08-07T20:30:00,0.027,,
2026-08-07T20:45:00,0.0,,
2026-08-07T21:00:00,0.0,,
2026-08-07T21:15:00,0.0,,
2026-08-07T21:30:00,0.0,,
2026-08-07T21:45:00,0.0,,
2026-08-07T22:00:00,0.0,,
2026-08-07T22:15:00,0.0,,
2026-08-07T22:30:00,0.0,,
2026-08-07T22:45:00,0.0,,
2026-08-07T23:00:00,0.0,,
2026-08-07T23:15:00,0.0,,
2026-08-07T23:30:00,0.0,,
2026-08-07T23:45:00,0.0,,
2026-08-08T00:00:00,0.0,,
2026-08-08T00:15:00,0.0,,
2026-08-08T00:30:00,0.0,,
2026-08-08T00:45:00,0.0,,
2026-08-08T01:00:00,0.0,,
2026-08-08T01:15:00,0.0,,
2026-08-08T01:30:00,0.0,,
2026-08-08T01:45:00,0.0,,
2026-08-08T02:00:00,0.0,,
2026-08-08T02:15:00,0.0,,
2026-08-08T02:30:00,0.0,,
2026-08-08T02:45:00,0.0,,
2026-08-08T03:00:00,0.0,,
2026-08-08T03:15:00,0.0,,
2026-08-08T03:30:00,0.0,,
2026-08-08T03:45:00,0.0,,
2026-08-08T04:00:00,0.0,,
2026-08-08T04:15:00,0.0,,
2026-08-08T04:30:00,0.0,,
2026-08-08T04:45:00,0.0,,
2026-08-08T05:00:00,0.0,,
2026-08-08T05:15:00,0.0,,
2026-08-08T05:30:00,0.0,,
2026-08-08T05:45:00,0.0,,
2026-08-08T06:00:00,0.0,,
2026-08-08T06:15:00,0.0,,
2026-08-08T06:30:00,0.0,,
2026-08-08T06:45:00,0.0,,
2026-08-08T07:00:00,0.04,,
2026-08-08T07:15:00,0.06,,
2026-08-08T07:30:00,0.08,,
2026-08-08T07:45:00,0.168,,
2026-08-08T08:00:00,0.203,,
2026-08-08T08:15:00,0.236,,
2026-08-08T08:30:00,0.345,,
2026-08-08T08:45:00,0.443,,
2026-08-08T09:00:00,0.502,,
2026-08-08T09:15:00,0.547,,
2026-08-08T09:30:00,0.565,,
2026-08-08T09:45:00,0.583,,
2026-08-08T10:00:00,0.617,,
2026-08-08T10:15:00,0.676,,
2026-08-08T10:30:00,0.725,,
2026-08-08T10:45:00,0.772,,
2026-08-08T11:00:00,0.805,,
2026-08-08T11:15:00,0.848,,
2026-08-08T11:30:00,0.884,,
2026-08-08T11:45:00,0.899,,
2026-08-08T12:00:00,0.931,,
2026-08-08T12:15:00,0.943,,
2026-08-08T12:30:00,0.971,,
2026-08-08T12:45:00,0.988,,
2026-08-08T13:00:00,0.98,,
2026-08-08T13:15:00,0.996,,
2026-08-08T13:30:00,0.993,,
2026-08-08T13:45:00,0.99,,
2026-08-08T14:00:00,0.987,,
2026-08-08T14:15:00,0.984,,
2026-08-08T14:30:00,0.943,,
2026-08-08T14:45:00,0.93,,
2026-08-08T15:00:00,0.906,,
2026-08-08T15:15:00,0.88,,
2026-08-08T15:30:00,0.859,,
2026-08-08T15:45:00,0.802,,
2026-08-08T16:00:00,0.757,,
2026-08-08T16:15:00,0.713,,
2026-08-08T16:30:00,0.695,,
2026-08-08T16:45:00,0.648,,
2026-08-08T17:00:00,0.615,,
2026-08-08T17:15:00,0.584,,
2026-08-08T17:30:00,0.561,,
2026-08-08T17:45:00,0.522,,
2026-08-08T18:00:00,0.491,,
2026-08-08T18:15:00,0.476,,
2026-08-08T18:30:00,0.444,,
2026-08-08T18:45:00,0.387,,
2026-08-08T19:00:00,0.347,,
2026-08-08T19:15:00,0.299,,
2026-08-08T19:30:00,0.255,,
2026-08-08T19:45:00,0.112,,
2026-08-08T20:00:00,0.051,,
2026-08-08T20:15:00,0.038,,
2026-08-08T20:30:00,0.019,,
2026-08-08T20:45:00,0.0,,
2026-08-08T21:00:00,0.0,,
2026-08-08T21:15:00,0.0,,
2026-08-08T21:30:00,0.0,,
2026-08-08T21:45:00,0.0,,
2026-08-08T22:00:00,0.0,,
2026-08-08T22:15:00,0.0,,
2026-08-08T22:30:00,0.0,,
2026-08-08T22:45:00,0.0,,
2026-08-08T23:00:00,0.0,,
2026-08-08T23:15:00,0.0,,
2026-08-08T23:30:00,0.0,,
2026-08-08T23:45:00,0.0,,
2026-08-09T00:00:00,0.0,,
2026-08-09T00:15:00,0.0,,
2026-08-09T00:30:00,0.0,,
2026-08-09T00:45:00,0.0,,
2026-08-09T01:00:00,0.0,,
2026-08-09T01:15:00,0.0,,
2026-08-09T01:30:00,0.0,,
2026-08-09T01:45:00,0.0,,
2026-08-09T02:00:00,0.0,,
2026-08-09T02:15:00,0.0,,
2026-08-09T02:30:00,0.0,,
2026-08-09T02:45:00,0.0,,
2026-08-09T03:00:00,0.0,,
2026-08-09T03:15:00,0.0,,
2026-08-09T03:30:00,0.0,,
2026-08-09T03:45:00,0.0,,
2026-08-09T04:00:00,0.0,,
2026-08-09T04:15:00,0.0,,
2026-08-09T04:30:00,0.0,,
2026-08-09T04:45:00,0.0,,
2026-08-09T05:00:00,0.0,,
2026-08-09T05:15:00,0.0,,
2026-08-09T05:30:00,0.0,,
2026-08-09T05:45:00,0.0,,
2026-08-09T06:00:00,0.0,,
2026-08-09T06:15:00,0.0,,
2026-08-09T06:30:00,0.0,,
2026-08-09T06:45:00,0.0,,
2026-08-09T07:00:00,0.042,,
2026-08-09T07:15:00,0.062,,
2026-08-09T07:30:00,0.083,,
2026-08-09T07:45:00,0.136,,
2026-08-09T08:00:00,0.206,,
2026-08-09T08:15:00,0.239,,
2026-08-09T08:30:00,0.291,,
2026-08-09T08:45:00,0.444,,
2026-08-09T09:00:00,0.504,,
2026-08-09T09:15:00,0.523,,
2026-08-09T09:30:00,0.567,,
2026-08-09T09:45:00,0.586,,
2026-08-09T10:00:00,0.619,,
2026-08-09T10:15:00,0.656,,
2026-08-09T10:30:00,0.727,,
2026-08-09T10:45:00,0.775,,
2026-08-09T11:00:00,0.809,,
2026-08-09T11:15:00,0.852,,
2026-08-09T11:30:00,0.868,,
2026-08-09T11:45:00,0.903,,
2026-08-09T12:00:00,0.935,,
2026-08-09T12:15:00,0.946,,
2026-08-09T12:30:00,0.96,,
2026-08-09T12:45:00,0.974,,
2026-08-09T13:00:00,0.984,,
2026-08-09T13:15:00,1.001,,
2026-08-09T13:30:00,0.998,,
2026-08-09T13:45:00,0.996,,
2026-08-09T14:00:00,0.993,,
2026-08-09T14:15:00,0.991,,
2026-08-09T14:30:00,0.95,,
2026-08-09T14:45:00,0.936,,
2026-08-09T15:00:00,0.912,,
2026-08-09T15:15:00,0.885,,
2026-08-09T15:30:00,0.833,,
2026-08-09T15:45:00,0.807,,
2026-08-09T16:00:00,0.761,,
2026-08-09T16:15:00,0.717,,
2026-08-09T16:30:00,0.679,,
2026-08-09T16:45:00,0.651,,
2026-08-09T17:00:00,0.615,,
2026-08-09T17:15:00,0.584,,
2026-08-09T17:30:00,0.561,,
2026-08-09T17:45:00,0.508,,
2026-08-09T18:00:00,0.49,,
2026-08-09T18:15:00,0.475,,
2026-08-09T18:30:00,0.443,,
2026-08-09T18:45:00,0.387,,
2026-08-09T19:00:00,0.346,,
2026-08-09T19:15:00,0.297,,
2026-08-09T19:30:00,0.215,,
2026-08-09T19:45:00,0.11,,
2026-08-09T20:00:00,0.049,,
2026-08-09T20:15:00,0.03,,
2026-08-09T20:30:00,0.018,,
2026-08-09T20:45:00,0.0,,
2026-08-09T21:00:00,0.0,,
2026-08-09T21:15:00,0.0,,
2026-08-09T21:30:00,0.0,,
2026-08-09T21:45:00,0.0,,
2026-08-09T22:00:00,0.0,,
2026-08-09T22:15:00,0.0,,
2026-08-09T22:30:00,0.0,,
2026-08-09T22:45:00,0.0,,
2026-08-09T23:00:00,0.0,,
2026-08-09T23:15:00,0.0,,
2026-08-09T23:30:00,0.0,,
2026-08-09T23:45:00,0.0,,
2026-08-10T00:00:00,0.0,,
2026-08-10T00:15:00,0.0,,
2026-08-10T00:30:00,0.0,,
2026-08-10T00:45:00,0.0,,
2026-08-10T01:00:00,0.0,,
2026-08-10T01:15:00,0.0,,
2026-08-10T01:30:00,0.0,,
2026-08-10T01:45:00,0.0,,
2026-08-10T02:00:00,0.0,,
2026-08-10T02:15:00,0.0,,
2026-08-10T02:30:00,0.0,,
2026-08-10T02:45:00,0.0,,
2026-08-10T03:00:00,0.0,,
2026-08-10T03:15:00,0.0,,
2026-08-10T03:30:00,0.0,,
2026-08-10T03:45:00,0.0,,
2026-08-10T04:00:00,0.0,,
2026-08-10T04:15:00,0.0,,
2026-08-10T04:30:00,0.0,,
2026-08-10T04:45:00,0.0,,
2026-08-10T05:00:00,0.0,,
2026-08-10T05:15:00,0.0,,
2026-08-10T05:30:00,0.0,,
2026-08-10T05:45:00,0.0,,
2026-08-10T06:00:00,0.0,,
2026-08-10T06:15:00,0.0,,
2026-08-10T06:30:00,0.0,,
2026-08-10T06:45:00,0.0,,
2026-08-10T07:00:00,0.032,,
2026-08-10T07:15:00,0.065,,
2026-08-10T07:30:00,0.086,,
2026-08-10T07:45:00,0.14,,
2026-08-10T08:00:00,0.21,,
2026-08-10T08:15:00,0.242,,
2026-08-10T08:30:00,0.294,,
2026-08-10T08:45:00,0.446,,
2026-08-10T09:00:00,0.506,,
2026-08-10T09:15:00,0.525,,
2026-08-10T09:30:00,0.553,,
2026-08-10T09:45:00,0.589,,
2026-08-10T10:00:00,0.622,,
2026-08-10T10:15:00,0.658,,
2026-08-10T10:30:00,0.707,,
2026-08-10T10:45:00,0.756,,
2026-08-10T11:00:00,0.798,,
2026-08-10T11:15:00,0.833,,
2026-08-10T11:30:00,0.872,,
2026-08-10T11:45:00,0.907,,
2026-08-10T12:00:00,0.925,,
2026-08-10T12:15:00,0.95,,
2026-08-10T12:30:00,0.964,,
2026-08-10T12:45:00,0.977,,
2026-08-10T13:00:00,0.988,,
2026-08-10T13:15:00,0.982,,
2026-08-10T13:30:00,1.004,,
2026-08-10T13:45:00,1.002,,
2026-08-10T14:00:00,1.0,,
2026-08-10T14:15:00,0.956,,
2026-08-10T14:30:00,0.956,,
2026-08-10T14:45:00,0.942,,
2026-08-10T15:00:00,0.919,,
2026-08-10T15:15:00,0.87,,
2026-08-10T15:30:00,0.838,,
2026-08-10T15:45:00,0.786,,
2026-08-10T16:00:00,0.765,,
2026-08-10T16:15:00,0.721,,
2026-08-10T16:30:00,0.683,,
2026-08-10T16:45:00,0.653,,
2026-08-10T17:00:00,0.615,,
2026-08-10T17:15:00,0.584,,
2026-08-10T17:30:00,0.538,,
2026-08-10T17:45:00,0.508,,
2026-08-10T18:00:00,0.49,,
2026-08-10T18:15:00,0.474,,
2026-08-10T18:30:00,0.419,,
2026-08-10T18:45:00,0.386,,
2026-08-10T19:00:00,0.345,,
2026-08-10T19:15:00,0.278,,
2026-08-10T19:30:00,0.213,,
2026-08-10T19:45:00,0.108,,
2026-08-10T20:00:00,0.04,,
2026-08-10T20:15:00,0.029,,
2026-08-10T20:30:00,0.017,,
2026-08-10T20:45:00,0.0,,
2026-08-10T21:00:00,0.0,,
2026-08-10T21:15:00,0.0,,
2026-08-10T21:30:00,0.0,,
2026-08-10T21:45:00,0.0,,
2026-08-10T22:00:00,0.0,,
2026-08-10T22:15:00,0.0,,
2026-08-10T22:30:00,0.0,,
2026-08-10T22:45:00,0.0,,
2026-08-10T23:00:00,0.0,,
2026-08-10T23:15:00,0.0,,
2026-08-10T23:30:00,0.0,,
2026-08-10T23:45:00,0.0,,
2026-08-11T00:00:00,0.0,,
2026-08-11T00:15:00,0.0,,
2026-08-11T00:30:00,0.0,,
2026-08-11T00:45:00,0.0,,
2026-08-11T01:00:00,0.0,,
2026-08-11T01:15:00,0.0,,
2026-08-11T01:30:00,0.0,,
2026-08-11T01:45:00,0.0,,
2026-08-11T02:00:00,0.0,,
2026-08-11T02:15:00,0.0,,
2026-08-11T02:30:00,0.0,,
2026-08-11T02:45:00,0.0,,
2026-08-11T03:00:00,0.0,,
2026-08-11T03:15:00,0.0,,
2026-08-11T03:30:00,0.0,,
2026-08-11T03:45:00,0.0,,
2026-08-11T04:00:00,0.0,,
2026-08-11T04:15:00,0.0,,
2026-08-11T04:30:00,0.0,,
2026-08-11T04:45:00,0.0,,
2026-08-11T05:00:00,0.0,,
2026-08-11T05:15:00,0.0,,
2026-08-11T05:30:00,0.0,,
2026-08-11T05:45:00,0.0,,
2026-08-11T06:00:00,0.0,,
2026-08-11T06:15:00,0.0,,
2026-08-11T06:30:00,0.0,,
2026-08-11T06:45:00,0.0,,
2026-08-11T07:00:00,0.034,,
2026-08-11T07:15:00,0.056,,
2026-08-11T07:30:00,0.09,,
2026-08-11T07:45:00,0.144,,
2026-08-11T08:00:00,0.192,,
2026-08-11T08:15:00,0.245,,
2026-08-11T08:30:00,0.297,,
2026-08-11T08:45:00,0.394,,
2026-08-11T09:00:00,0.508,,
2026-08-11T09:15:00,0.526,,
2026-08-11T09:30:00,0.554,,
2026-08-11T09:45:00,0.592,,
2026-08-11T10:00:00,0.625,,
2026-08-11T10:15:00,0.661,,
2026-08-11T10:30:00,0.708,,
2026-08-11T10:45:00,0.759,,
2026-08-11T11:00:00,0.802,,
2026-08-11T11:15:00,0.838,,
2026-08-11T11:30:00,0.876,,
2026-08-11T11:45:00,0.91,,
2026-08-11T12:00:00,0.929,,
2026-08-11T12:15:00,0.954,,
2026-08-11T12:30:00,0.967,,
2026-08-11T12:45:00,0.98,,
2026-08-11T13:00:00,0.992,,
2026-08-11T13:15:00,0.986,,
2026-08-11T13:30:00,0.98,,
2026-08-11T13:45:00,1.008,,
2026-08-11T14:00:00,0.969,,
2026-08-11T14:15:00,0.963,,
2026-08-11T14:30:00,0.948,,
2026-08-11T14:45:00,0.948,,
2026-08-11T15:00:00,0.897,,
2026-08-11T15:15:00,0.875,,
2026-08-11T15:30:00,0.843,,
2026-08-11T15:45:00,0.79,,
2026-08-11T16:00:00,0.751,,
2026-08-11T16:15:00,0.725,,
2026-08-11T16:30:00,0.687,,
2026-08-11T16:45:00,0.655,,
2026-08-11T17:00:00,0.615,,
2026-08-11T17:15:00,0.58,,
2026-08-11T17:30:00,0.537,,
2026-08-11T17:45:00,0.507,,
2026-08-11T18:00:00,0.489,,
2026-08-11T18:15:00,0.452,,
2026-08-11T18:30:00,0.419,,
2026-08-11T18:45:00,0.386,,
2026-08-11T19:00:00,0.315,,
2026-08-11T19:15:00,0.276,,
2026-08-11T19:30:00,0.211,,
2026-08-11T19:45:00,0.062,,
2026-08-11T20:00:00,0.038,,
2026-08-11T20:15:00,0.027,,
2026-08-11T20:30:00,0.017,,
2026-08-11T20:45:00,0.0,,
2026-08-11T21:00:00,0.0,,
2026-08-11T21:15:00,0.0,,
2026-08-11T21:30:00,0.0,,
2026-08-11T21:45:00,0.0,,
2026-08-11T22:00:00,0.0,,
2026-08-11T22:15:00,0.0,,
2026-08-11T22:30:00,0.0,,
2026-08-11T22:45:00,0.0,,
2026-08-11T23:00:00,0.0,,
2026-08-11T23:15:00,0.0,,
2026-08-11T23:30:00,0.0,,
2026-08-11T23:45:00,0.0,,
2026-08-12T00:00:00,0.0,,
2026-08-12T00:15:00,0.0,,
2026-08-12T00:30:00,0.0,,
2026-08-12T00:45:00,0.0,,
2026-08-12T01:00:00,0.0,,
2026-08-12T01:15:00,0.0,,
2026-08-12T01:30:00,0.0,,
2026-08-12T01:45:00,0.0,,
2026-08-12T02:00:00,0.0,,
2026-08-12T02:15:00,0.0,,
2026-08-12T02:30:00,0.0,,
2026-08-12T02:45:00,0.0,,
2026-08-12T03:00:00,0.0,,
2026-08-12T03:15:00,0.0,,
2026-08-12T03:30:00,0.0,,
2026-08-12T03:45:00,0.0,,
2026-08-12T04:00:00,0.0,,
2026-08-12T04:15:00,0.0,,
2026-08-12T04:30:00,0.0,,
2026-08-12T04:45:00,0.0,,
2026-08-12T05:00:00,0.0,,
2026-08-12T05:15:00,0.0,,
2026-08-12T05:30:00,0.0,,
2026-08-12T05:45:00,0.0,,
2026-08-12T06:00:00,0.0,,
2026-08-12T06:15:00,0.0,,
2026-08-12T06:30:00,0.0,,
2026-08-12T06:45:00,0.0,,
2026-08-12T07:00:00,0.035,,
2026-08-12T07:15:00,0.058,,
2026-08-12T07:30:00,0.093,,
2026-08-12T07:45:00,0.148,,
2026-08-12T08:00:00,0.195,,
2026-08-12T08:15:00,0.238,,
2026-08-12T08:30:00,0.3,,
2026-08-12T08:45:00,0.396,,
2026-08-12T09:00:00,0.486,,
2026-08-12T09:15:00,0.528,,
2026-08-12T09:30:00,0.555,,
2026-08-12T09:45:00,0.577,,
2026-08-12T10:00:00,0.627,,
2026-08-12T10:15:00,0.663,,
2026-08-12T10:30:00,0.709,,
2026-08-12T10:45:00,0.762,,
2026-08-12T11:00:00,0.807,,
2026-08-12T11:15:00,0.842,,
2026-08-12T11:30:00,0.88,,
2026-08-12T11:45:00,0.898,,
2026-08-12T12:00:00,0.933,,
2026-08-12T12:15:00,0.946,,
2026-08-12T12:30:00,0.958,,
2026-08-12T12:45:00,0.971,,
2026-08-12T13:00:00,0.979,,
2026-08-12T13:15:00,0.991,,
2026-08-12T13:30:00,0.985,,
2026-08-12T13:45:00,0.98,,
2026-08-12T14:00:00,0.975,,
2026-08-12T14:15:00,0.969,,
2026-08-12T14:30:00,0.954,,
2026-08-12T14:45:00,0.931,,
2026-08-12T15:00:00,0.903,,
2026-08-12T15:15:00,0.881,,
2026-08-12T15:30:00,0.82,,
2026-08-12T15:45:00,0.794,,
2026-08-12T16:00:00,0.755,,
2026-08-12T16:15:00,0.712,,
2026-08-12T16:30:00,0.676,,
2026-08-12T16:45:00,0.645,,
2026-08-12T17:00:00,0.601,,
2026-08-12T17:15:00,0.579,,
2026-08-12T17:30:00,0.537,,
2026-08-12T17:45:00,0.507,,
2026-08-12T18:00:00,0.474,,
2026-08-12T18:15:00,0.452,,
2026-08-12T18:30:00,0.419,,
2026-08-12T18:45:00,0.361,,
2026-08-12T19:00:00,0.313,,
2026-08-12T19:15:00,0.275,,
2026-08-12T19:30:00,0.154,,
2026-08-12T19:45:00,0.06,,
2026-08-12T20:00:00,0.036,,
2026-08-12T20:15:00,0.026,,
2026-08-12T20:30:00,0.01,,
2026-08-12T20:45:00,0.0,,
2026-08-12T21:00:00,0.0,,
2026-08-12T21:15:00,0.0,,
2026-08-12T21:30:00,0.0,,
2026-08-12T21:45:00,0.0,,
2026-08-12T22:00:00,0.0,,
2026-08-12T22:15:00,0.0,,
2026-08-12T22:30:00,0.0,,
2026-08-12T22:45:00,0.0,,
2026-08-12T23:00:00,0.0,,
2026-08-12T23:15:00,0.0,,
2026-08-12T23:30:00,0.0,,
2026-08-12T23:45:00,0.0,,
2026-08-13T00:00:00,0.0,,
2026-08-13T00:15:00,0.0,,
2026-08-13T00:30:00,0.0,,
2026-08-13T00:45:00,0.0,,
2026-08-13T01:00:00,0.0,,
2026-08-13T01:15:00,0.0,,
2026-08-13T01:30:00,0.0,,
2026-08-13T01:45:00,0.0,,
2026-08-13T02:00:00,0.0,,
2026-08-13T02:15:00,0.0,,
2026-08-13T02:30:00,0.0,,
2026-08-13T02:45:00,0.0,,
2026-08-13T03:00:00,0.0,,
2026-08-13T03:15:00,0.0,,
2026-08-13T03:30:00,0.0,,
2026-08-13T03:45:00,0.0,,
2026-08-13T04:00:00,0.0,,
2026-08-13T04:15:00,0.0,,
2026-08-13T04:30:00,0.0,,
2026-08-13T04:45:00,0.0,,
2026-08-13T05:00:00,0.0,,
2026-08-13T05:15:00,0.0,,
2026-08-13T05:30:00,0.0,,
2026-08-13T05:45:00,0.0,,
2026-08-13T06:00:00,0.0,,
2026-08-13T06:15:00,0.0,,
2026-08-13T06:30:00,0.0,,
2026-08-13T06:45:00,0.0,,
2026-08-13T07:00:00,0.036,,
2026-08-13T07:15:00,0.06,,
2026-08-13T07:30:00,0.085,,
2026-08-13T07:45:00,0.151,,
2026-08-13T08:00:00,0.199,,
2026-08-13T08:15:00,0.241,,
2026-08-13T08:30:00,0.303,,
2026-08-13T08:45:00,0.398,,
2026-08-13T09:00:00,0.488,,
2026-08-13T09:15:00,0.53,,
2026-08-13T09:30:00,0.556,,
2026-08-13T09:45:00,0.579,,
2026-08-13T10:00:00,0.616,,
2026-08-13T10:15:00,0.665,,
2026-08-13T10:30:00,0.711,,
2026-08-13T10:45:00,0.765,,
2026-08-13T11:00:00,0.811,,
2026-08-13T11:15:00,0.846,,
2026-08-13T11:30:00,0.868,,
2026-08-13T11:45:00,0.902,,
2026-08-13T12:00:00,0.937,,
2026-08-13T12:15:00,0.95,,
2026-08-13T12:30:00,0.962,,
2026-08-13T12:45:00,0.975,,
2026-08-13T13:00:00,0.982,,
2026-08-13T13:15:00,0.995,,
2026-08-13T13:30:00,0.99,,
2026-08-13T13:45:00,0.986,,
2026-08-13T14:00:00,0.981,,
2026-08-13T14:15:00,0.96,,
2026-08-13T14:30:00,0.96,,
2026-08-13T14:45:00,0.938,,
2026-08-13T15:00:00,0.909,,
2026-08-13T15:15:00,0.887,,
2026-08-13T15:30:00,0.825,,
2026-08-13T15:45:00,0.799,,
2026-08-13T16:00:00,0.76,,
2026-08-13T16:15:00,0.717,,
2026-08-13T16:30:00,0.679,,
2026-08-13T16:45:00,0.646,,
2026-08-13T17:00:00,0.601,,
2026-08-13T17:15:00,0.579,,
2026-08-13T17:30:00,0.537,,
2026-08-13T17:45:00,0.494,,
2026-08-13T18:00:00,0.474,,
2026-08-13T18:15:00,0.451,,
2026-08-13T18:30:00,0.418,,
2026-08-13T18:45:00,0.36,,
2026-08-13T19:00:00,0.311,,
2026-08-13T19:15:00,0.273,,
2026-08-13T19:30:00,0.151,,
2026-08-13T19:45:00,0.057,,
2026-08-13T20:00:00,0.034,,
2026-08-13T20:15:00,0.019,,
2026-08-13T20:30:00,0.01,,
2026-08-13T20:45:00,0.0,,
2026-08-13T21:00:00,0.0,,
2026-08-13T21:15:00,0.0,,
2026-08-13T21:30:00,0.0,,
2026-08-13T21:45:00,0.0,,
2026-08-13T22:00:00,0.0,,
2026-08-13T22:15:00,0.0,,
2026-08-13T22:30:00,0.0,,
2026-08-13T22:45:00,0.0,,
2026-08-13T23:00:00,0.0,,
2026-08-13T23:15:00,0.0,,
2026-08-13T23:30:00,0.0,,
2026-08-13T23:45:00,0.0,,
2026-08-14T00:00:00,0.0,,
2026-08-14T00:15:00,0.0,,
2026-08-14T00:30:00,0.0,,
2026-08-14T00:45:00,0.0,,
2026-08-14T01:00:00,0.0,,
2026-08-14T01:15:00,0.0,,
2026-08-14T01:30:00,0.0,,
2026-08-14T01:45:00,0.0,,
2026-08-14T02:00:00,0.0,,
2026-08-14T02:15:00,0.0,,
2026-08-14T02:30:00,0.0,,
2026-08-14T02:45:00,0.0,,
2026-08-14T03:00:00,0.0,,
2026-08-14T03:15:00,0.0,,
2026-08-14T03:30:00,0.0,,
2026-08-14T03:45:00,0.0,,
2026-08-14T04:00:00,0.0,,
2026-08-14T04:15:00,0.0,,
2026-08-14T04:30:00,0.0,,
2026-08-14T04:45:00,0.0,,
2026-08-14T05:00:00,0.0,,
2026-08-14T05:15:00,0.0,,
2026-08-14T05:30:00,0.0,,
2026-08-14T05:45:00,0.0,,
2026-08-14T06:00:00,0.0,,
2026-08-14T06:15:00,0.0,,
2026-08-14T06:30:00,0.0,,
2026-08-14T06:45:00,0.0,,
2026-08-14T07:00:00,0.038,,
2026-08-14T07:15:00,0.063,,
2026-08-14T07:30:00,0.088,,
2026-08-14T07:45:00,0.129,,
2026-08-14T08:00:00,0.203,,
2026-08-14T08:15:00,0.244,,
2026-08-14T08:30:00,0.282,,
2026-08-14T08:45:00,0.4,,
2026-08-14T09:00:00,0.49,,
2026-08-14T09:15:00,0.532,,
2026-08-14T09:30:00,0.557,,
2026-08-14T09:45:00,0.581,,
2026-08-14T10:00:00,0.619,,
2026-08-14T10:15:00,0.647,,
2026-08-14T10:30:00,0.686,,
2026-08-14T10:45:00,0.736,,
2026-08-14T11:00:00,0.796,,
2026-08-14T11:15:00,0.831,,
2026-08-14T11:30:00,0.872,,
2026-08-14T11:45:00,0.906,,
2026-08-14T12:00:00,0.922,,
2026-08-14T12:15:00,0.954,,
2026-08-14T12:30:00,0.965,,
2026-08-14T12:45:00,0.979,,
2026-08-14T13:00:00,0.986,,
2026-08-14T13:15:00,0.982,,
2026-08-14T13:30:00,0.996,,
2026-08-14T13:45:00,0.991,,
2026-08-14T14:00:00,0.971,,
2026-08-14T14:15:00,0.967,,
2026-08-14T14:30:00,0.944,,
2026-08-14T14:45:00,0.944,,
2026-08-14T15:00:00,0.915,,
2026-08-14T15:15:00,0.858,,
2026-08-14T15:30:00,0.83,,
2026-08-14T15:45:00,0.782,,
2026-08-14T16:00:00,0.764,,
2026-08-14T16:15:00,0.721,,
2026-08-14T16:30:00,0.683,,
2026-08-14T16:45:00,0.647,,
2026-08-14T17:00:00,0.601,,
2026-08-14T17:15:00,0.579,,
2026-08-14T17:30:00,0.52,,
2026-08-14T17:45:00,0.494,,
2026-08-14T18:00:00,0.473,,
2026-08-14T18:15:00,0.45,,
2026-08-14T18:30:00,0.398,,
2026-08-14T18:45:00,0.359,,
2026-08-14T19:00:00,0.309,,
2026-08-14T19:15:00,0.243,,
2026-08-14T19:30:00,0.149,,
2026-08-14T19:45:00,0.055,,
2026-08-14T20:00:00,0.027,,
2026-08-14T20:15:00,0.018,,
2026-08-14T20:30:00,0.0,,
2026-08-14T20:45:00,0.0,,
2026-08-14T21:00:00,0.0,,
2026-08-14T21:15:00,0.0,,
2026-08-14T21:30:00,0.0,,
2026-08-14T21:45:00,0.0,,
2026-08-14T22:00:00,0.0,,
2026-08-14T22:15:00,0.0,,
2026-08-14T22:30:00,0.0,,
2026-08-14T22:45:00,0.0,,
2026-08-14T23:00:00,0.0,,
2026-08-14T23:15:00,0.0,,
2026-08-14T23:30:00,0.0,,
2026-08-14T23:45:00,0.0,,
2026-08-15T00:00:00,0.0,,
2026-08-15T00:15:00,0.0,,
2026-08-15T00:30:00,0.0,,
2026-08-15T00:45:00,0.0,,
2026-08-15T01:00:00,0.0,,
2026-08-15T01:15:00,0.0,,
2026-08-15T01:30:00,0.0,,
2026-08-15T01:45:00,0.0,,
2026-08-15T02:00:00,0.0,,
2026-08-15T02:15:00,0.0,,
2026-08-15T02:30:00,0.0,,
2026-08-15T02:45:00,0.0,,
2026-08-15T03:00:00,0.0,,
2026-08-15T03:15:00,0.0,,
2026-08-15T03:30:00,0.0,,
2026-08-15T03:45:00,0.0,,
2026-08-15T04:00:00,0.0,,
2026-08-15T04:15:00,0.0,,
2026-08-15T04:30:00,0.0,,
2026-08-15T04:45:00,0.0,,
2026-08-15T05:00:00,0.0,,
2026-08-15T05:15:00,0.0,,
2026-08-15T05:30:00,0.0,,
2026-08-15T05:45:00,0.0,,
2026-08-15T06:00:00,0.0,,
2026-08-15T06:15:00,0.0,,
2026-08-15T06:30:00,0.0,,
2026-08-15T06:45:00,0.0,,
2026-08-15T07:00:00,0.026,,
2026-08-15T07:15:00,0.065,,
2026-08-15T07:30:00,0.091,,
2026-08-15T07:45:00,0.133,,
2026-08-15T08:00:00,0.196,,
2026-08-15T08:15:00,0.247,,
2026-08-15T08:30:00,0.285,,
2026-08-15T08:45:00,0.364,,
2026-08-15T09:00:00,0.491,,
2026-08-15T09:15:00,0.534,,
2026-08-15T09:30:00,0.559,,
2026-08-15T09:45:00,0.583,,
2026-08-15T10:00:00,0.622,,
2026-08-15T10:15:00,0.65,,
2026-08-15T10:30:00,0.687,,
2026-08-15T10:45:00,0.738,,
2026-08-15T11:00:00,0.8,,
2026-08-15T11:15:00,0.836,,
2026-08-15T11:30:00,0.876,,
2026-08-15T11:45:00,0.909,,
2026-08-15T12:00:00,0.926,,
2026-08-15T12:15:00,0.945,,
2026-08-15T12:30:00,0.969,,
2026-08-15T12:45:00,0.983,,
2026-08-15T13:00:00,0.977,,
2026-08-15T13:15:00,0.987,0.508,0.499
2026-08-15T13:30:00,0.983,0.496,0.507
2026-08-15T13:45:00,0.98,0.484,0.516
2026-08-15T14:00:00,0.976,0.472,0.524
2026-08-15T14:15:00,0.973,0.46,0.532
2026-08-15T14:30:00,0.951,0.429,0.54
2026-08-15T14:45:00,0.921,0.395,0.547
2026-08-15T15:00:00,0.898,0.358,0.555
2026-08-15T15:15:00,0.863,0.318,0.561
2026-08-15T15:30:00,0.835,0.282,0.563
2026-08-15T15:45:00,0.787,0.23,0.563
2026-08-15T16:00:00,0.743,0.189,0.56
2026-08-15T16:15:00,0.704,0.152,0.558
2026-08-15T16:30:00,0.686,0.142,0.555
2026-08-15T16:45:00,0.648,0.126,0.545
2026-08-15T17:00:00,0.583,0.064,0.521
2026-08-15T17:15:00,0.559,0.046,0.517
2026-08-15T17:30:00,0.52,0.033,0.493
2026-08-15T17:45:00,0.493,0.031,0.476
2026-08-15T18:00:00,0.473,0.026,0.458
2026-08-15T18:15:00,0.438,0.018,0.424
2026-08-15T18:30:00,0.398,0.016,0.387
2026-08-15T18:45:00,0.358,0.014,0.35
2026-08-15T19:00:00,0.287,0.01,0.282
2026-08-15T19:15:00,0.241,0.007,0.237
2026-08-15T19:30:00,0.146,0.004,0.143
2026-08-15T19:45:00,0.034,0.003,0.03
2026-08-15T20:00:00,0.025,0.003,0.023
2026-08-15T20:15:00,0.017,0.002,0.015
2026-08-15T20:30:00,0.0,,
2026-08-15T20:45:00,0.0,,
2026-08-15T21:00:00,0.0,,
2026-08-15T21:15:00,0.0,,
2026-08-15T21:30:00,0.0,,
2026-08-15T21:45:00,0.0,,
2026-08-15T22:00:00,0.0,,
2026-08-15T22:15:00,0.0,,
2026-08-15T22:30:00,0.0,,
2026-08-15T22:45:00,0.0,,
2026-08-15T23:00:00,0.0,,
2026-08-15T23:15:00,0.0,,
2026-08-15T23:30:00,0.0,,
2026-08-15T23:45:00,0.0,,
2026-08-16T00:00:00,0.0,,
2026-08-16T00:15:00,0.0,,
2026-08-16T00:30:00,0.0,,
2026-08-16T00:45:00,0.0,,
2026-08-16T01:00:00,0.0,,
2026-08-16T01:15:00,0.0,,
2026-08-16T01:30:00,0.0,,
2026-08-16T01:45:00,0.0,,
2026-08-16T02:00:00,0.0,,
2026-08-16T02:15:00,0.0,,
2026-08-16T02:30:00,0.0,,
2026-08-16T02:45:00,0.0,,
2026-08-16T03:00:00,0.0,,
2026-08-16T03:15:00,0.0,,
2026-08-16T03:30:00,0.0,,
2026-08-16T03:45:00,0.0,,
2026-08-16T04:00:00,0.0,,
2026-08-16T04:15:00,0.0,,
2026-08-16T04:30:00,0.0,,
2026-08-16T04:45:00,0.0,,
2026-08-16T05:00:00,0.0,,
2026-08-16T05:15:00,0.0,,
2026-08-16T05:30:00,0.0,,
2026-08-16T05:45:00,0.0,,
2026-08-16T06:00:00,0.0,,
2026-08-16T06:15:00,0.0,,
2026-08-16T06:30:00,0.0,,
2026-08-16T06:45:00,0.0,,
2026-08-16T07:00:00,0.027,0.025,0.002
2026-08-16T07:15:00,0.054,0.05,0.003
2026-08-16T07:30:00,0.094,0.088,0.006
2026-08-16T07:45:00,0.137,0.131,0.006
2026-08-16T08:00:00,0.2,0.192,0.008
2026-08-16T08:15:00,0.251,0.233,0.02
2026-08-16T08:30:00,0.289,0.263,0.031
2026-08-16T08:45:00,0.366,0.334,0.046
2026-08-16T09:00:00,0.493,0.435,0.075
2026-08-16T09:15:00,0.536,0.482,0.098
2026-08-16T09:30:00,0.561,0.5,0.11
2026-08-16T09:45:00,0.578,0.51,0.128
2026-08-16T10:00:00,0.625,0.553,0.156
2026-08-16T10:15:00,0.652,0.561,0.181
2026-08-16T10:30:00,0.689,0.564,0.222
2026-08-16T10:45:00,0.739,0.576,0.243
2026-08-16T11:00:00,0.804,0.596,0.231
2026-08-16T11:15:00,0.84,0.591,0.257
2026-08-16T11:30:00,0.88,0.591,0.302
2026-08-16T11:45:00,0.895,0.591,0.323
2026-08-16T12:00:00,0.93,0.583,0.368
2026-08-16T12:15:00,0.949,0.575,0.392
2026-08-16T12:30:00,0.962,0.563,0.416
2026-08-16T12:45:00,0.973,0.55,0.446
2026-08-16T13:00:00,0.982,0.526,0.48
2026-08-16T13:15:00,0.991,0.509,0.503
2026-08-16T13:30:00,0.988,0.499,0.51
2026-08-16T13:45:00,0.985,0.488,0.517
2026-08-16T14:00:00,0.982,0.477,0.524
2026-08-16T14:15:00,0.957,0.437,0.54
2026-08-16T14:30:00,0.957,0.437,0.54
2026-08-16T14:45:00,0.927,0.401,0.547
2026-08-16T15:00:00,0.904,0.364,0.556
2026-08-16T15:15:00,0.869,0.322,0.562
2026-08-16T15:30:00,0.812,0.254,0.567
2026-08-16T15:45:00,0.791,0.233,0.565
2026-08-16T16:00:00,0.747,0.192,0.561
2026-08-16T16:15:00,0.708,0.154,0.56
2026-08-16T16:30:00,0.666,0.137,0.551
2026-08-16T16:45:00,0.617,0.105,0.528
2026-08-16T17:00:00,0.583,0.064,0.521
2026-08-16T17:15:00,0.559,0.046,0.516
2026-08-16T17:30:00,0.519,0.033,0.493
2026-08-16T17:45:00,0.492,0.032,0.475
2026-08-16T18:00:00,0.47,0.021,0.454
2026-08-16T18:15:00,0.438,0.018,0.424
2026-08-16T18:30:00,0.397,0.015,0.386
2026-08-16T18:45:00,0.336,0.012,0.33
2026-08-16T19:00:00,0.285,0.01,0.28
2026-08-16T19:15:00,0.239,0.007,0.235
2026-08-16T19:30:00,0.097,0.004,0.093
2026-08-16T19:45:00,0.031,0.003,0.028
2026-08-16T20:00:00,0.023,0.002,0.021
2026-08-16T20:15:00,0.012,0.001,0.01
2026-08-16T20:30:00,0.0,,
2026-08-16T20:45:00,0.0,,
2026-08-16T21:00:00,0.0,,
2026-08-16T21:15:00,0.0,,
2026-08-16T21:30:00,0.0,,
2026-08-16T21:45:00,0.0,,
2026-08-16T22:00:00,0.0,,
2026-08-16T22:15:00,0.0,,
2026-08-16T22:30:00,0.0,,
2026-08-16T22:45:00,0.0,,
2026-08-16T23:00:00,0.0,,
2026-08-16T23:15:00,0.0,,
2026-08-16T23:30:00,0.0,,
2026-08-16T23:45:00,0.0,,
